accept-in,-9142806816272035790,14371321485735964
accept-in,-9142806816272035790,14371321485741052
accept-in,5872823201851745308,14371321587193154
accept-in,5872823201851745308,14371321587205254
accept-in,1596226394331144175,14371321647806426
accept-in,1596226394331144175,14371321647818281
accept-in,7348978961667549235,14371321659865831
accept-in,7348978961667549235,14371321659870035
accept-in,6113355553927457743,14371321670365196
accept-in,6113355553927457743,14371321670373521
accept-in,1804812875780750637,14371321674344916
accept-in,1804812875780750637,14371321674351773
accept-in,3841590623880031959,14371321730940605
accept-in,3841590623880031959,14371321730951856
accept-in,8672457302320936004,14371321737518244
accept-in,8672457302320936004,14371321737523191
accept-in,-6912458533349492350,14371321739282177
accept-in,-6912458533349492350,14371321739285442
accept-in,5876629111268883608,14371321739621531
accept-in,5876629111268883608,14371321739624854
accept-in,-9212888573881241162,14371321749109217
accept-in,-9212888573881241162,14371321749112850
accept-in,7102635194792885653,14371321751143633
accept-in,7102635194792885653,14371321751147284
accept-in,5287910012352556969,14371321753977658
accept-in,5287910012352556969,14371321753981264
accept-in,1611516726585118494,14371321783640928
accept-in,1611516726585118494,14371321783647150
accept-in,2101608388641163174,14371321790827257
accept-in,2101608388641163174,14371321790832588
accept-in,-1241242152296465034,14371321794631967
accept-in,-1241242152296465034,14371321794641732
accept-in,-1436692615741877662,14371321855033752
accept-in,-1436692615741877662,14371321855041583
accept-in,2376723017056122521,14371321872150777
accept-in,2376723017056122521,14371321872154454
accept-in,3968162080707667616,14371321934648773
accept-in,3968162080707667616,14371321934657741
accept-in,6110026278846877810,14371321935561115
accept-in,6110026278846877810,14371321935564932
accept-in,8413368232715263005,14371321957651461
accept-in,8413368232715263005,14371321957656863
accept-in,-3554432720812297256,14371321961478846
accept-in,-3554432720812297256,14371321961482568
accept-in,-4462300457911504029,14371321968476197
accept-in,-4462300457911504029,14371321968479769
accept-in,-5199073183236494759,14371322032611728
accept-in,-5199073183236494759,14371322032621415
accept-in,-2764439344321495571,14371322034859147
accept-in,-2764439344321495571,14371322034863198
accept-in,-5557847614112892159,14371322038499014
accept-in,-5557847614112892159,14371322038508621
accept-in,-5445067104998691349,14371322054663028
accept-in,-5445067104998691349,14371322054668351
accept-in,1209226508545407604,14371322055382136
accept-in,1209226508545407604,14371322055385481
accept-in,50442202618124368,14371322072811375
accept-in,50442202618124368,14371322072816686
accept-in,-8984448053598583801,14371322100295020
accept-in,-8984448053598583801,14371322100303604
accept-in,-3363252915719022254,14371322102683442
accept-in,-3363252915719022254,14371322102687207
accept-in,-7431890640224879694,14371322125832883
accept-in,-7431890640224879694,14371322125838320
accept-in,5114315188177252366,14371322159264212
accept-in,5114315188177252366,14371322159272545
accept-in,7744140598569916628,14371322172932225
accept-in,7744140598569916628,14371322172942122
accept-in,1122266153768911973,14371322216463987
accept-in,1122266153768911973,14371322216477099
accept-in,-5145755126791348656,14371322241369266
accept-in,-5145755126791348656,14371322241377969
accept-in,1176204589914872654,14371322259113854
accept-in,1176204589914872654,14371322259119261
accept-in,8744797523140657894,14371322335499950
accept-in,8744797523140657894,14371322335511219
accept-in,-7539515254806837915,14371322359063405
accept-in,-7539515254806837915,14371322359069020
accept-in,3743204243821736142,14371322384344739
accept-in,3743204243821736142,14371322384355821
accept-in,-2769222943210093851,14371322393845720
accept-in,-2769222943210093851,14371322393853907
accept-in,-1868215308103486002,14371322432104314
accept-in,-1868215308103486002,14371322432119234
accept-in,1818959291868657636,14371322462095773
accept-in,1818959291868657636,14371322462103561
accept-in,1174588407716838389,14371322485018293
accept-in,1174588407716838389,14371322485023046
accept-in,6969938120344264475,14371322487160098
accept-in,6969938120344264475,14371322487163996
accept-in,9010297797780861347,14371322501263893
accept-in,9010297797780861347,14371322501272979
accept-in,1537876761621209635,14371322524042860
accept-in,1537876761621209635,14371322524049465
accept-in,-4379866033732084339,14371322529099677
accept-in,-4379866033732084339,14371322529103312
accept-in,1822655535217788694,14371322550647992
accept-in,1822655535217788694,14371322550653320
accept-in,-4769363646301750417,14371322569086982
accept-in,-4769363646301750417,14371322569093935
accept-in,646594861889824640,14371322575279173
accept-in,646594861889824640,14371322575282470
accept-in,-3814155612014036765,14371322585211129
accept-in,-3814155612014036765,14371322585214832
accept-in,7086168569146849995,14371322607973299
accept-in,7086168569146849995,14371322607981745
accept-in,-6749895246028972898,14371322631145256
accept-in,-6749895246028972898,14371322631150069
accept-in,-7407082870877528558,14371322640595341
accept-in,-7407082870877528558,14371322640598921
accept-in,7891515950424215182,14371322700335362
accept-in,7891515950424215182,14371322700344167
accept-in,-3387738045447310619,14371322702367116
accept-in,-3387738045447310619,14371322702377524
accept-in,-728746407656385397,14371322711221235
accept-in,-728746407656385397,14371322711225959
accept-in,8419414012555720180,14371322716789491
accept-in,8419414012555720180,14371322716794686
accept-in,4335817884004618151,14371322742565886
accept-in,4335817884004618151,14371322742570452
accept-in,-4119186401900436287,14371322780443925
accept-in,-4119186401900436287,14371322780452259
accept-in,4640603188569744806,14371322821007997
accept-in,4640603188569744806,14371322821018730
accept-in,-5322293238194029899,14371322923557233
accept-in,-5322293238194029899,14371322923567883
accept-in,7969952320596592195,14371322972434084
accept-in,7969952320596592195,14371322972441520
accept-in,1433774099958393688,14371322975889479
accept-in,1433774099958393688,14371322975894333
accept-in,3569559951841852223,14371322996179017
accept-in,3569559951841852223,14371322996183761
accept-in,2939514965082302491,14371323006178111
accept-in,2939514965082302491,14371323006183139
accept-in,-8698809779778108937,14371323016486011
accept-in,-8698809779778108937,14371323016490395
accept-in,1821377675888678571,14371323050332269
accept-in,1821377675888678571,14371323050337972
accept-in,8930811055057562886,14371323072512675
accept-in,8930811055057562886,14371323072516458
accept-in,1694629577080995408,14371323089273341
accept-in,1694629577080995408,14371323089277016
accept-in,7485736447346911226,14371323105077698
accept-in,7485736447346911226,14371323105081669
accept-in,4724408717359772576,14371323122427820
accept-in,4724408717359772576,14371323122437842
accept-in,205582213577895447,14371323209594674
accept-in,205582213577895447,14371323209606459
accept-in,2764189961123364272,14371323222597494
accept-in,2764189961123364272,14371323222605386
accept-in,8716567025712791074,14371323233861797
accept-in,8716567025712791074,14371323233867558
accept-in,-5094184230147009030,14371323234185978
accept-in,-5094184230147009030,14371323234189847
accept-in,-1728516780455319814,14371323311057869
accept-in,-1728516780455319814,14371323311065367
accept-in,7790324519537382230,14371323314049133
accept-in,7790324519537382230,14371323314052856
accept-in,-4884535742130663883,14371323324116168
accept-in,-4884535742130663883,14371323324119775
accept-in,-7839989414937953665,14371323353124252
accept-in,-7839989414937953665,14371323353132187
accept-in,-3992185664442217709,14371323388962459
accept-in,-3992185664442217709,14371323388969943
accept-in,8229851453785888064,14371323394608086
accept-in,8229851453785888064,14371323394611644
accept-in,-2141276923616026203,14371323402207097
accept-in,-2141276923616026203,14371323402210670
accept-in,-4532553890919061206,14371323418602687
accept-in,-4532553890919061206,14371323418606279
accept-in,2875755600845429009,14371323435666664
accept-in,2875755600845429009,14371323435672112
accept-in,8081950693527082312,14371323442960372
accept-in,8081950693527082312,14371323442965269
accept-in,882665297815779040,14371323456781686
accept-in,882665297815779040,14371323456786485
accept-in,1539184001748418463,14371323459633919
accept-in,1539184001748418463,14371323459638743
accept-in,3760619727142487245,14371323478166845
accept-in,3760619727142487245,14371323478171942
accept-in,-583537581902879946,14371323493822824
accept-in,-583537581902879946,14371323493827661
accept-in,-6695018500357194074,14371323520707345
accept-in,-6695018500357194074,14371323520712486
accept-in,-870610206385577917,14371323520743158
accept-in,-870610206385577917,14371323520745866
accept-in,-1875032844751805059,14371323532219130
accept-in,-1875032844751805059,14371323532223270
accept-in,3333288380304924618,14371323535243472
accept-in,3333288380304924618,14371323535247071
accept-in,4371173187385011074,14371323600231321
accept-in,4371173187385011074,14371323600239853
accept-in,-2208784108786584678,14371323609589562
accept-in,-2208784108786584678,14371323609593810
accept-in,4294126610922011697,14371323652651787
accept-in,4294126610922011697,14371323652658561
accept-in,-2496610732727470894,14371323665144051
accept-in,-2496610732727470894,14371323665149276
accept-in,-2596281262114415970,14371323713373097
accept-in,-2596281262114415970,14371323713377894
accept-in,-5094007822011562671,14371323775032543
accept-in,-5094007822011562671,14371323775037287
accept-in,-409085162032156223,14371323780456516
accept-in,-409085162032156223,14371323780461428
accept-in,-6172567449707008616,14371323907786478
accept-in,-6172567449707008616,14371323907796450
accept-in,6483152387384445681,14371323916497640
accept-in,6483152387384445681,14371323916501610
accept-in,6752743077263509541,14371323974273158
accept-in,6752743077263509541,14371323974282721
accept-in,-6288868524720752139,14371323995253670
accept-in,-6288868524720752139,14371323995261453
accept-in,-3233613659381755880,14371324009017168
accept-in,-3233613659381755880,14371324009021981
accept-in,7862674576250181394,14371324040580513
accept-in,7862674576250181394,14371324040589061
accept-in,-6106916882063878182,14371324053498339
accept-in,-6106916882063878182,14371324053504429
accept-in,-508844554695944367,14371324074029462
accept-in,-508844554695944367,14371324074037710
accept-in,1496971150439827340,14371324117765528
accept-in,1496971150439827340,14371324117771117
accept-in,-1270146727972728767,14371324170285082
accept-in,-1270146727972728767,14371324170293367
accept-in,-2475768151482533773,14371324173600256
accept-in,-2475768151482533773,14371324173603555
accept-in,-4972935160754369315,14371324202794450
accept-in,-4972935160754369315,14371324202801775
accept-in,6026253299594263175,14371324203734635
accept-in,6026253299594263175,14371324203737735
accept-in,-968807655520255372,14371324248041463
accept-in,-968807655520255372,14371324248051714
accept-in,-1500730477447971050,14371324255935813
accept-in,-1500730477447971050,14371324255939795
accept-in,-5650544780150554952,14371324259585910
accept-in,-5650544780150554952,14371324259589287
accept-in,-5901320598471195758,14371324265993876
accept-in,-5901320598471195758,14371324265997469
accept-in,4466258388602653856,14371324321977604
accept-in,4466258388602653856,14371324321984717
accept-in,4218735112350723303,14371324342942089
accept-in,4218735112350723303,14371324342945876
accept-in,-6140717565707213182,14371324353032636
accept-in,-6140717565707213182,14371324353037202
accept-in,4822615737537166869,14371324390736179
accept-in,4822615737537166869,14371324390742141
accept-in,-1150369936261276385,14371324400482711
accept-in,-1150369936261276385,14371324400487460
accept-in,-1500007231259977996,14371324413619051
accept-in,-1500007231259977996,14371324413623143
accept-in,-6935294929176160923,14371324493508222
accept-in,-6935294929176160923,14371324493517984
accept-in,9111973006698748056,14371324508882885
accept-in,9111973006698748056,14371324508888718
accept-in,-2356146237637505916,14371324518336116
accept-in,-2356146237637505916,14371324518340257
accept-in,8183004274990578153,14371324526729390
accept-in,8183004274990578153,14371324526734389
accept-in,17468597852958294,14371324583702934
accept-in,17468597852958294,14371324583712574
accept-in,-26204261809215080,14371324586069157
accept-in,-26204261809215080,14371324586073089
accept-in,-7680078815404978196,14371324610132362
accept-in,-7680078815404978196,14371324610136724
accept-in,-4096697293116448280,14371324622217587
accept-in,-4096697293116448280,14371324622221751
accept-in,6640079662114943327,14371324667450096
accept-in,6640079662114943327,14371324667454793
accept-in,-6509751399286268883,14371324683263329
accept-in,-6509751399286268883,14371324683267141
accept-in,-1764849614316764761,14371324731395372
accept-in,-1764849614316764761,14371324731402471
accept-in,-7442704855663140431,14371324773437621
accept-in,-7442704855663140431,14371324773443400
accept-in,-6480826812595673410,14371324798755409
accept-in,-6480826812595673410,14371324798764371
accept-in,7582927805124351277,14371324807780786
accept-in,7582927805124351277,14371324807784411
accept-in,-7339569376446604666,14371324843447128
accept-in,-7339569376446604666,14371324843452541
accept-in,335532141377426525,14371324852398179
accept-in,335532141377426525,14371324852402539
accept-in,895013609468655718,14371324855498067
accept-in,895013609468655718,14371324855501790
accept-in,-3046926123983724537,14371324905745340
accept-in,-3046926123983724537,14371324905752530
accept-in,3964189736534539847,14371324906738936
accept-in,3964189736534539847,14371324906742138
accept-in,2824090169188438556,14371324913962898
accept-in,2824090169188438556,14371324913966427
accept-in,808253779161621243,14371324924554392
accept-in,808253779161621243,14371324924557837
accept-in,1485944410336533015,14371324934520954
accept-in,1485944410336533015,14371324934524742
accept-in,-6947271491406973885,14371324935858826
accept-in,-6947271491406973885,14371324935862038
accept-in,-6796703315412341512,14371324965706162
accept-in,-6796703315412341512,14371324965711529
accept-in,-3505151284113999634,14371325036433198
accept-in,-3505151284113999634,14371325036441752
accept-in,-7630379358734634608,14371325104201849
accept-in,-7630379358734634608,14371325104211625
accept-in,581012331527484069,14371325120732720
accept-in,581012331527484069,14371325120736376
accept-in,3467655249935695047,14371325133685323
accept-in,3467655249935695047,14371325133689757
accept-in,164110184826100628,14371325134721670
accept-in,164110184826100628,14371325134724849
accept-in,2355678819048800980,14371325163891707
accept-in,2355678819048800980,14371325163897258
accept-in,3732324375927553934,14371325194303146
accept-in,3732324375927553934,14371325194307575
accept-in,7009605208662214549,14371325229040633
accept-in,7009605208662214549,14371325229047585
accept-in,-1276534758395406070,14371325232967332
accept-in,-1276534758395406070,14371325232970890
accept-in,3763800723667754610,14371325247825232
accept-in,3763800723667754610,14371325247828881
accept-in,-3857056030392154965,14371325280224036
accept-in,-3857056030392154965,14371325280230658
accept-in,-1976888479992235695,14371325291494932
accept-in,-1976888479992235695,14371325291498448
accept-in,-5469758152922447387,14371325294032137
accept-in,-5469758152922447387,14371325294035823
accept-in,968268961626400445,14371325325444991
accept-in,968268961626400445,14371325325454750
accept-in,-3418839880565648143,14371325348341035
accept-in,-3418839880565648143,14371325348352984
accept-in,8731809627191743079,14371325348699322
accept-in,8731809627191743079,14371325348702786
accept-in,7744270785635926838,14371325381018334
accept-in,7744270785635926838,14371325381027757
accept-in,-4006164594662733358,14371325488910556
accept-in,-4006164594662733358,14371325488919527
accept-in,-1203130778596247341,14371325502407191
accept-in,-1203130778596247341,14371325502412426
accept-in,4144458570353963945,14371325529170493
accept-in,4144458570353963945,14371325529176081
accept-in,-1981874628796943615,14371325572229524
accept-in,-1981874628796943615,14371325572234985
accept-in,3324652412567709549,14371325612708773
accept-in,3324652412567709549,14371325612714255
accept-in,8571110437627261581,14371325624241607
accept-in,8571110437627261581,14371325624245394
accept-in,-9117791239784833236,14371325654181588
accept-in,-9117791239784833236,14371325654185226
accept-in,8645157385798228627,14371325700184555
accept-in,8645157385798228627,14371325700194974
accept-in,-916131133577540295,14371325711301725
accept-in,-916131133577540295,14371325711305656
accept-in,-3121610808542708547,14371325712236644
accept-in,-3121610808542708547,14371325712240125
accept-in,8438182034893493842,14371325723468440
accept-in,8438182034893493842,14371325723472216
accept-in,6077203450939168626,14371325729098331
accept-in,6077203450939168626,14371325729101699
accept-in,5816332249178926075,14371325750763897
accept-in,5816332249178926075,14371325750808876
accept-in,728705454738726171,14371325771260616
accept-in,728705454738726171,14371325771265488
accept-in,7498712210274748525,14371325799933379
accept-in,7498712210274748525,14371325799937488
accept-in,2965982845388476384,14371325801221784
accept-in,2965982845388476384,14371325801224613
accept-in,6268447306345627972,14371325810435137
accept-in,6268447306345627972,14371325810438530
accept-in,6878526510490237583,14371325825097539
accept-in,6878526510490237583,14371325825102141
accept-in,-5817202089268704110,14371325831573832
accept-in,-5817202089268704110,14371325831577209
accept-in,-1405382941224434741,14371325844460779
accept-in,-1405382941224434741,14371325844464141
accept-in,9062944159171746267,14371325860165195
accept-in,9062944159171746267,14371325860169415
accept-in,3537424397395785277,14371325884795286
accept-in,3537424397395785277,14371325884799154
accept-in,-5833457969519183514,14371325891732822
accept-in,-5833457969519183514,14371325891736234
accept-in,6948971221411829356,14371325940680327
accept-in,6948971221411829356,14371325940688462
accept-in,8097622738571956389,14371325975697155
accept-in,8097622738571956389,14371325975704779
accept-in,1453214449990308092,14371326005219879
accept-in,1453214449990308092,14371326005226711
accept-in,-4316537252331824453,14371326012772017
accept-in,-4316537252331824453,14371326012775221
accept-in,-7408780169853211646,14371326052345100
accept-in,-7408780169853211646,14371326052351453
accept-in,-3779507999694332964,14371326055703662
accept-in,-3779507999694332964,14371326055707877
accept-in,936093549190968051,14371326104266011
accept-in,936093549190968051,14371326104270518
accept-in,-2927778359440530765,14371326119283018
accept-in,-2927778359440530765,14371326119287677
accept-in,236215175910225806,14371326120556319
accept-in,236215175910225806,14371326120560640
accept-in,895215156325055819,14371326147533801
accept-in,895215156325055819,14371326147538760
accept-in,-171812543876091239,14371326158762144
accept-in,-171812543876091239,14371326158766630
accept-in,4698671372952629958,14371326208781429
accept-in,4698671372952629958,14371326208785865
accept-in,-4581611845376473764,14371326209654162
accept-in,-4581611845376473764,14371326209658142
accept-in,212526775608519963,14371326212316194
accept-in,212526775608519963,14371326212321369
accept-in,-2160962343032781718,14371326244346155
accept-in,-2160962343032781718,14371326244355317
accept-in,-6054935671884507821,14371326252398418
accept-in,-6054935671884507821,14371326252402719
accept-in,2964871899076490288,14371326304523257
accept-in,2964871899076490288,14371326304534170
accept-in,3509047746945252392,14371326318645586
accept-in,3509047746945252392,14371326318648742
accept-in,-115737646079695337,14371326340538349
accept-in,-115737646079695337,14371326340543321
accept-in,-3701628961641134864,14371326383283012
accept-in,-3701628961641134864,14371326383288454
accept-in,8405556307700587109,14371326394659237
accept-in,8405556307700587109,14371326394662633
accept-in,4367005585673100225,14371326400561401
accept-in,4367005585673100225,14371326400565246
accept-in,5393062764781507304,14371326420680637
accept-in,5393062764781507304,14371326420684349
accept-in,4478459431759829327,14371326448467152
accept-in,4478459431759829327,14371326448472712
accept-in,5428028467630413403,14371326468251916
accept-in,5428028467630413403,14371326468255217
accept-in,-595410010639205593,14371326491448635
accept-in,-595410010639205593,14371326491454143
accept-in,3137799426446902397,14371326491960622
accept-in,3137799426446902397,14371326491963719
accept-in,9134748290252726182,14371326497985654
accept-in,9134748290252726182,14371326497990669
accept-in,1363167260870821548,14371326502717242
accept-in,1363167260870821548,14371326502720554
accept-in,2759868543233869937,14371326526741829
accept-in,2759868543233869937,14371326526745754
accept-in,5368360765914580621,14371326550747862
accept-in,5368360765914580621,14371326550755773
accept-in,3982035880573693790,14371326574101985
accept-in,3982035880573693790,14371326574105664
accept-in,-757606428546178679,14371326606486929
accept-in,-757606428546178679,14371326606497441
accept-in,-6938331884030430361,14371326650399322
accept-in,-6938331884030430361,14371326650405372
accept-in,3446966326161805924,14371326673588796
accept-in,3446966326161805924,14371326673596731
accept-in,679880839416857597,14371326724590786
accept-in,679880839416857597,14371326724596491
accept-in,7054633033109649377,14371326746599912
accept-in,7054633033109649377,14371326746604307
accept-in,-8975423296983935287,14371326817126256
accept-in,-8975423296983935287,14371326817132989
accept-in,-7882564893166143039,14371326830233521
accept-in,-7882564893166143039,14371326830236928
accept-in,237519934841605663,14371326835686919
accept-in,237519934841605663,14371326835690941
accept-in,3132466995228018684,14371326895100072
accept-in,3132466995228018684,14371326895106971
accept-in,6235463638481150352,14371326905137959
accept-in,6235463638481150352,14371326905141613
accept-in,8764353368668306178,14371326960461144
accept-in,8764353368668306178,14371326960466567
accept-in,2115441009116629470,14371326964540867
accept-in,2115441009116629470,14371326964544356
accept-in,618881798901939779,14371327018024266
accept-in,618881798901939779,14371327018030944
accept-in,1291814078120477071,14371327050129645
accept-in,1291814078120477071,14371327050133263
accept-in,-1364703756200827959,14371327052997623
accept-in,-1364703756200827959,14371327053000811
accept-in,-8598259083870471676,14371327070579057
accept-in,-8598259083870471676,14371327070582676
accept-in,-1223643658465389110,14371327107319447
accept-in,-1223643658465389110,14371327107324595
accept-in,6068341476834100632,14371327108906229
accept-in,6068341476834100632,14371327108910271
accept-in,5320257578773500963,14371327138415655
accept-in,5320257578773500963,14371327138420021
accept-in,2141663464265255507,14371327168861868
accept-in,2141663464265255507,14371327168866422
accept-in,-5620583895230162324,14371327175503937
accept-in,-5620583895230162324,14371327175509752
accept-in,-4141048520955406358,14371327178866351
accept-in,-4141048520955406358,14371327178870351
accept-in,-7607876908310856739,14371327207527835
accept-in,-7607876908310856739,14371327207532283
accept-in,8052378037329180055,14371327226048288
accept-in,8052378037329180055,14371327226052859
accept-in,7269893870425942492,14371327274450142
accept-in,7269893870425942492,14371327274455892
accept-in,-4204970880918959444,14371327296228632
accept-in,-4204970880918959444,14371327296233066
accept-in,-915291075449807159,14371327329257576
accept-in,-915291075449807159,14371327329262266
accept-in,-5416364436718959092,14371327332072796
accept-in,-5416364436718959092,14371327332077365
accept-in,6832651878004212347,14371327353973142
accept-in,6832651878004212347,14371327353977159
accept-in,6697185589383794206,14371327417942537
accept-in,6697185589383794206,14371327417949978
accept-in,-6561565148033488489,14371327427978954
accept-in,-6561565148033488489,14371327427983423
accept-in,8781870927228333110,14371327442234609
accept-in,8781870927228333110,14371327442238081
accept-in,1141981371823408679,14371327475229594
accept-in,1141981371823408679,14371327475234766
accept-in,-1522830048262763777,14371327485944631
accept-in,-1522830048262763777,14371327485947866
accept-in,7320340559231634335,14371327487296032
accept-in,7320340559231634335,14371327487298954
accept-in,6136015103999054121,14371327516587639
accept-in,6136015103999054121,14371327516592538
accept-in,-3089544689638310839,14371327518481544
accept-in,-3089544689638310839,14371327518484878
accept-in,-1248147959532259663,14371327529122819
accept-in,-1248147959532259663,14371327529126113
accept-in,-2597303449789950481,14371327551423687
accept-in,-2597303449789950481,14371327551427582
accept-in,515926183857714035,14371327554463679
accept-in,515926183857714035,14371327554466807
accept-in,8351127567920286171,14371327565956620
accept-in,8351127567920286171,14371327565960128
accept-in,-7265873388519997896,14371327588958231
accept-in,-7265873388519997896,14371327588962182
accept-in,-1402478023528794304,14371327593211473
accept-in,-1402478023528794304,14371327593214667
accept-in,7135738487616134011,14371327598932716
accept-in,7135738487616134011,14371327598936250
accept-in,-1096023238195140591,14371327599534662
accept-in,-1096023238195140591,14371327599537743
accept-in,6625199931186543040,14371327623726474
accept-in,6625199931186543040,14371327623730166
accept-in,1105395240964827538,14371327644756763
accept-in,1105395240964827538,14371327644760286
accept-in,-3383554364851650428,14371327675053346
accept-in,-3383554364851650428,14371327675058655
accept-in,75769129207354256,14371327679270287
accept-in,75769129207354256,14371327679274160
accept-in,-462727342237969920,14371327681025572
accept-in,-462727342237969920,14371327681028426
accept-in,4659003084085963896,14371327685230867
accept-in,4659003084085963896,14371327685234184
accept-in,-7653486743992098702,14371327728935811
accept-in,-7653486743992098702,14371327728943922
accept-in,-2241707290653999951,14371327789293905
accept-in,-2241707290653999951,14371327789318734
accept-in,-3699748376483904005,14371327819027788
accept-in,-3699748376483904005,14371327819034798
accept-in,-3386466457305854027,14371327824493135
accept-in,-3386466457305854027,14371327824496456
accept-in,4967271272255621428,14371327844635458
accept-in,4967271272255621428,14371327844638808
accept-in,-3425176918052486250,14371327851190042
accept-in,-3425176918052486250,14371327851193246
accept-in,7741213962995186899,14371327852119615
accept-in,7741213962995186899,14371327852122796
accept-in,8212550317406651905,14371327885076122
accept-in,8212550317406651905,14371327885082132
accept-in,2655548005354752229,14371327892085828
accept-in,2655548005354752229,14371327892090241
accept-in,-762113774496833255,14371327914320912
accept-in,-762113774496833255,14371327914328905
accept-in,4788435532010768199,14371327924263648
accept-in,4788435532010768199,14371327924266869
accept-in,1951306606997364467,14371327927317305
accept-in,1951306606997364467,14371327927320456
accept-in,1282510652542719063,14371327933572452
accept-in,1282510652542719063,14371327933575539
accept-in,718633842976215694,14371327938129401
accept-in,718633842976215694,14371327938132655
accept-in,4352844805735221679,14371327941995999
accept-in,4352844805735221679,14371327941999262
accept-in,-4889086217067336069,14371327943572963
accept-in,-4889086217067336069,14371327943575792
accept-in,-1995920984680074907,14371327954226872
accept-in,-1995920984680074907,14371327954230347
accept-in,-4915981993285618921,14371327956827659
accept-in,-4915981993285618921,14371327956830867
accept-in,-5588428336476998949,14371327968168049
accept-in,-5588428336476998949,14371327968171367
accept-in,-58342689956270679,14371327978266686
accept-in,-58342689956270679,14371327978313278
accept-in,-4688642700222949582,14371328000748274
accept-in,-4688642700222949582,14371328000779841
accept-in,8822859993682932898,14371328041196193
accept-in,8822859993682932898,14371328041203249
accept-in,-7054564883008058532,14371328057279719
accept-in,-7054564883008058532,14371328057284583
accept-in,-9066633792196410019,14371328076210659
accept-in,-9066633792196410019,14371328076216832
accept-in,1513767878184104357,14371328092346765
accept-in,1513767878184104357,14371328092350874
accept-in,1327620747549259974,14371328116222246
accept-in,1327620747549259974,14371328116228536
accept-in,-4122002865058172872,14371328130370847
accept-in,-4122002865058172872,14371328130377441
accept-in,-880463894199307843,14371328162100349
accept-in,-880463894199307843,14371328162106165
accept-in,2031180140887210003,14371328199695292
accept-in,2031180140887210003,14371328199699720
accept-in,2377347220362602091,14371328312086922
accept-in,2377347220362602091,14371328312097575
accept-in,6093351464060550061,14371328354668224
accept-in,6093351464060550061,14371328354674080
accept-in,2594799540461647255,14371328391400510
accept-in,2594799540461647255,14371328391407357
accept-in,-8163009734389838560,14371328419880266
accept-in,-8163009734389838560,14371328419886789
accept-in,1273808550598889463,14371328430126430
accept-in,1273808550598889463,14371328430129881
accept-in,10947206553718740,14371328432109501
accept-in,10947206553718740,14371328432112328
accept-in,4845570880809241149,14371328465324469
accept-in,4845570880809241149,14371328465327913
accept-in,3085616693039569756,14371328508814577
accept-in,3085616693039569756,14371328508824296
accept-in,8519041552149580391,14371328526293485
accept-in,8519041552149580391,14371328526297790
accept-in,1549880366335289884,14371328533767908
accept-in,1549880366335289884,14371328533770942
accept-in,-11185863544273935,14371328536020656
accept-in,-11185863544273935,14371328536023627
accept-in,4647022850069383601,14371328543205373
accept-in,4647022850069383601,14371328543209622
accept-in,7767345119465262550,14371328548560865
accept-in,7767345119465262550,14371328548564479
accept-in,-3043528149715667050,14371328579916287
accept-in,-3043528149715667050,14371328579925565
accept-in,5523383022665790219,14371328615364107
accept-in,5523383022665790219,14371328615373451
accept-in,-3334910607426436747,14371328617453330
accept-in,-3334910607426436747,14371328617456286
accept-in,5825554115402672748,14371328641874613
accept-in,5825554115402672748,14371328641879172
accept-in,-7689825621588801823,14371328643787804
accept-in,-7689825621588801823,14371328643790772
accept-in,6761199540078916352,14371328649662460
accept-in,6761199540078916352,14371328649665693
accept-in,-9115112580678864776,14371328655444668
accept-in,-9115112580678864776,14371328655448054
accept-in,2706407338931052945,14371328681899486
accept-in,2706407338931052945,14371328681907068
accept-in,-5130490665534133652,14371328698270742
accept-in,-5130490665534133652,14371328698281114
accept-in,-2386800341229750340,14371328732443558
accept-in,-2386800341229750340,14371328732447891
accept-in,6350764615608885130,14371328752907991
accept-in,6350764615608885130,14371328752911868
accept-in,-7982985948845151826,14371328753439591
accept-in,-7982985948845151826,14371328753442426
accept-in,-985636926181850734,14371328768996601
accept-in,-985636926181850734,14371328768999805
accept-in,-980504904051134010,14371328781930582
accept-in,-980504904051134010,14371328781933813
accept-in,6593282514572019154,14371328792815496
accept-in,6593282514572019154,14371328792827045
accept-in,-573929431145736399,14371328810550214
accept-in,-573929431145736399,14371328810558647
accept-in,-3917190626496224224,14371328843587273
accept-in,-3917190626496224224,14371328843592230
accept-in,6720044100764085425,14371328867765239
accept-in,6720044100764085425,14371328867768203
accept-in,6902666287450315347,14371328887099927
accept-in,6902666287450315347,14371328887103871
accept-in,-7861466650454534985,14371328904278525
accept-in,-7861466650454534985,14371328904283915
accept-in,-9075309366651434198,14371328904711180
accept-in,-9075309366651434198,14371328904713993
accept-in,4701397384534503575,14371328908115820
accept-in,4701397384534503575,14371328908118658
accept-in,7896107619105739948,14371328911047117
accept-in,7896107619105739948,14371328911049954
accept-in,7560248967517241183,14371328929147280
accept-in,7560248967517241183,14371328929150916
accept-in,-8969344969562249679,14371328975897350
accept-in,-8969344969562249679,14371328975909203
accept-in,-8525982650868946141,14371328977356418
accept-in,-8525982650868946141,14371328977359285
accept-in,7270641745687430751,14371329001504780
accept-in,7270641745687430751,14371329001514672
accept-in,-5430531185553329252,14371329033980663
accept-in,-5430531185553329252,14371329033987921
accept-in,-8634647107116047861,14371329058477942
accept-in,-8634647107116047861,14371329058481452
accept-in,-7364942643509897455,14371329060525185
accept-in,-7364942643509897455,14371329060532127
accept-in,3141133115304262132,14371329076117020
accept-in,3141133115304262132,14371329076120924
accept-in,-1112382267421622884,14371329092183742
accept-in,-1112382267421622884,14371329092187636
accept-in,-4924866948432103988,14371329101777595
accept-in,-4924866948432103988,14371329101787020
accept-in,7528527642692806241,14371329102257814
accept-in,7528527642692806241,14371329102260574
accept-in,8100520732177497653,14371329122998109
accept-in,8100520732177497653,14371329123005590
accept-in,-489322318963958480,14371329191563560
accept-in,-489322318963958480,14371329191567352
accept-in,-1349473931983672326,14371329205395975
accept-in,-1349473931983672326,14371329205405350
accept-in,122361530146138227,14371329221156000
accept-in,122361530146138227,14371329221159842
accept-in,5432796549380651880,14371329235550258
accept-in,5432796549380651880,14371329235554097
accept-in,-444473733340349102,14371329264576743
accept-in,-444473733340349102,14371329264580609
accept-in,6780652368460556853,14371329297463261
accept-in,6780652368460556853,14371329297467502
accept-in,-8586599073646014169,14371329305043967
accept-in,-8586599073646014169,14371329305046829
accept-in,7216662705609076095,14371329313976180
accept-in,7216662705609076095,14371329313980275
accept-in,9137726974182760901,14371329321123749
accept-in,9137726974182760901,14371329321126904
accept-in,-5854772414544562565,14371329331328700
accept-in,-5854772414544562565,14371329331331547
accept-in,7914255131506351843,14371329355431673
accept-in,7914255131506351843,14371329355437143
accept-in,-3958840173926848426,14371329362879685
accept-in,-3958840173926848426,14371329362884177
accept-in,4666654092161508212,14371329369435240
accept-in,4666654092161508212,14371329369438258
accept-in,-4429127648496551684,14371329379962496
accept-in,-4429127648496551684,14371329379967504
accept-in,-4522121138853157971,14371329430969163
accept-in,-4522121138853157971,14371329430977022
accept-in,7861271374614858755,14371329438359961
accept-in,7861271374614858755,14371329438367751
accept-in,4468921738009836465,14371329454439726
accept-in,4468921738009836465,14371329454443455
accept-in,6230002649380608733,14371329455995438
accept-in,6230002649380608733,14371329455999022
accept-in,57252046391969092,14371329476884330
accept-in,57252046391969092,14371329476888200
accept-in,2301629382494835123,14371329492971387
accept-in,2301629382494835123,14371329492975179
accept-in,4287797528469797039,14371329576782108
accept-in,4287797528469797039,14371329576850762
accept-in,6641950936068596420,14371329591007416
accept-in,6641950936068596420,14371329591013141
accept-in,-5837927170533603505,14371329644801391
accept-in,-5837927170533603505,14371329644805491
accept-in,5718849220168991056,14371329657944147
accept-in,5718849220168991056,14371329657948323
accept-in,8305944864032849229,14371329702455994
accept-in,8305944864032849229,14371329702462126
accept-in,6591923219494295250,14371329715302382
accept-in,6591923219494295250,14371329715306094
accept-in,3705291438802794499,14371329795464129
accept-in,3705291438802794499,14371329795471727
accept-in,2138228068637578405,14371329799897190
accept-in,2138228068637578405,14371329799900303
accept-in,7008765988637504830,14371329807140269
accept-in,7008765988637504830,14371329807143408
accept-in,5597569213580097735,14371329828306746
accept-in,5597569213580097735,14371329828313524
accept-in,6890276591111421255,14371329834771409
accept-in,6890276591111421255,14371329834774323
accept-in,-2453637254698267251,14371329837822652
accept-in,-2453637254698267251,14371329837831125
accept-in,-5369509359098626790,14371329842394500
accept-in,-5369509359098626790,14371329842398467
accept-in,-7190531179966201039,14371329872427796
accept-in,-7190531179966201039,14371329872431989
accept-in,7228226294903236612,14371329888026136
accept-in,7228226294903236612,14371329888030232
accept-in,7319372937960080679,14371329903623396
accept-in,7319372937960080679,14371329903626615
accept-in,6757345754067655833,14371329966180837
accept-in,6757345754067655833,14371329966189641
accept-in,6229109135760221000,14371330021556418
accept-in,6229109135760221000,14371330021563726
accept-in,-127899175146827916,14371330038727847
accept-in,-127899175146827916,14371330038731944
accept-in,8592315041950047660,14371330040489381
accept-in,8592315041950047660,14371330040492171
accept-in,2161048233537867248,14371330045604097
accept-in,2161048233537867248,14371330045607780
accept-in,-6174056784074085239,14371330119795910
accept-in,-6174056784074085239,14371330119802221
accept-in,9201655150975271051,14371330171026076
accept-in,9201655150975271051,14371330171032870
accept-in,7879426282449668922,14371330182404613
accept-in,7879426282449668922,14371330182409670
accept-in,6360705546346838268,14371330186064363
accept-in,6360705546346838268,14371330186067688
accept-in,-6341817824310954058,14371330219685178
accept-in,-6341817824310954058,14371330219692469
accept-in,4350090607255665538,14371330230267044
accept-in,4350090607255665538,14371330230274724
accept-in,-7434162767303970168,14371330236086129
accept-in,-7434162767303970168,14371330236089168
accept-in,-8375685351679789219,14371330240602618
accept-in,-8375685351679789219,14371330240609045
accept-in,3926847305638597969,14371330281551381
accept-in,3926847305638597969,14371330281555134
accept-in,708533398390781429,14371330319184130
accept-in,708533398390781429,14371330319190455
accept-in,4525290856574946223,14371330325726790
accept-in,4525290856574946223,14371330325729635
accept-in,-6216939134077802982,14371330330465848
accept-in,-6216939134077802982,14371330330468933
accept-in,-9049048069331230105,14371330343709516
accept-in,-9049048069331230105,14371330343712579
accept-in,-6820882884918680418,14371330357528851
accept-in,-6820882884918680418,14371330357534337
accept-in,-7831487916584198461,14371330386115097
accept-in,-7831487916584198461,14371330386125376
accept-in,-3359938248673752542,14371330430429864
accept-in,-3359938248673752542,14371330430434748
accept-in,-7952338705193953910,14371330438864373
accept-in,-7952338705193953910,14371330438867606
accept-in,7929730419682483335,14371330450449189
accept-in,7929730419682483335,14371330450452504
accept-in,-3816251778914824156,14371330462982414
accept-in,-3816251778914824156,14371330462985901
accept-in,-2064944539522763762,14371330466175910
accept-in,-2064944539522763762,14371330466182611
accept-in,2693427641527003368,14371330483878876
accept-in,2693427641527003368,14371330483883039
accept-in,-8303171334829699165,14371330509684035
accept-in,-8303171334829699165,14371330509688042
accept-in,-8921581116267196486,14371330538084427
accept-in,-8921581116267196486,14371330538088432
accept-in,-4131422235698007460,14371330540607906
accept-in,-4131422235698007460,14371330540612031
accept-in,5075740635090024824,14371330542717635
accept-in,5075740635090024824,14371330542721768
accept-in,2196308053736096588,14371330617396923
accept-in,2196308053736096588,14371330617401555
accept-in,-571418377984498550,14371330624226098
accept-in,-571418377984498550,14371330624230665
accept-in,-1843200757281715844,14371330631775176
accept-in,-1843200757281715844,14371330631779304
accept-in,1513675539896803583,14371330674942650
accept-in,1513675539896803583,14371330674949807
accept-in,4699378729879233816,14371330676471140
accept-in,4699378729879233816,14371330676473961
accept-in,4245443267343338395,14371330700047748
accept-in,4245443267343338395,14371330700051184
accept-in,7838918041550330604,14371330704338378
accept-in,7838918041550330604,14371330704341737
accept-in,-3887599032204659949,14371330712455832
accept-in,-3887599032204659949,14371330712459452
accept-in,-6949779437336684474,14371330747370290
accept-in,-6949779437336684474,14371330747375368
accept-in,8000801534415649878,14371330763945112
accept-in,8000801534415649878,14371330763948603
accept-in,6189022567664208060,14371330783273666
accept-in,6189022567664208060,14371330783280139
accept-in,-5009608808299827425,14371330784384593
accept-in,-5009608808299827425,14371330784387536
accept-in,-1264076197359758259,14371330810113452
accept-in,-1264076197359758259,14371330810119916
accept-in,4111072251790054592,14371330852122662
accept-in,4111072251790054592,14371330852134466
accept-in,4290385429675678844,14371330921694482
accept-in,4290385429675678844,14371330921701419
accept-in,92060663051432961,14371330979752194
accept-in,92060663051432961,14371330979757437
accept-in,3924077378781685826,14371330990135139
accept-in,3924077378781685826,14371330990138505
accept-in,-2059872946911958075,14371331000457470
accept-in,-2059872946911958075,14371331000461493
accept-in,-6296540724617205056,14371331000712803
accept-in,-6296540724617205056,14371331000715704
accept-in,-5484913599915152362,14371331033058893
accept-in,-5484913599915152362,14371331033063367
accept-in,-6828034908021986021,14371331033292063
accept-in,-6828034908021986021,14371331033295054
accept-in,-1383242746954230749,14371331046716599
accept-in,-1383242746954230749,14371331046719789
accept-in,2450106194362584909,14371331053962923
accept-in,2450106194362584909,14371331053966062
accept-in,-1439408989995370384,14371331060668378
accept-in,-1439408989995370384,14371331060672614
accept-in,6377447777769211602,14371331075896331
accept-in,6377447777769211602,14371331075900486
accept-in,6783926163002178956,14371331142421611
accept-in,6783926163002178956,14371331142425741
accept-in,-8085847727353959058,14371331156596243
accept-in,-8085847727353959058,14371331156599325
accept-in,-7139947395260153950,14371331156626281
accept-in,-7139947395260153950,14371331156628542
accept-in,1655247834876108421,14371331230602662
accept-in,1655247834876108421,14371331230610222
accept-in,2305437199032363320,14371331236475777
accept-in,2305437199032363320,14371331236478632
accept-in,-5555401802265098143,14371331238810098
accept-in,-5555401802265098143,14371331238813387
accept-in,-5080989548584026115,14371331252586344
accept-in,-5080989548584026115,14371331252589631
accept-in,7439535762633649825,14371331266746361
accept-in,7439535762633649825,14371331266749941
accept-in,7272874666878925716,14371331268910575
accept-in,7272874666878925716,14371331268913329
accept-in,3957878238740471566,14371331290078629
accept-in,3957878238740471566,14371331290082775
accept-in,-3410795490987315419,14371331303699504
accept-in,-3410795490987315419,14371331303702510
accept-in,5863062085241823760,14371331326769643
accept-in,5863062085241823760,14371331326774636
accept-in,-3348607291864048777,14371331344662397
accept-in,-3348607291864048777,14371331344666125
accept-in,7211088604578067312,14371331357177603
accept-in,7211088604578067312,14371331357181034
accept-in,6659945011849750268,14371331359276103
accept-in,6659945011849750268,14371331359279165
accept-in,-8386868858075331273,14371331382169623
accept-in,-8386868858075331273,14371331382173580
accept-in,7867995478230422387,14371331384736771
accept-in,7867995478230422387,14371331384739548
accept-in,847079759091604875,14371331394137659
accept-in,847079759091604875,14371331394142377
accept-in,6480675467171717680,14371331415819339
accept-in,6480675467171717680,14371331415823687
accept-in,7366520715625116812,14371331430690638
accept-in,7366520715625116812,14371331430694805
accept-in,-5084099468453921784,14371331495251714
accept-in,-5084099468453921784,14371331495260875
accept-in,152671673540779724,14371331502685706
accept-in,152671673540779724,14371331502689289
accept-in,-7821576940613085940,14371331507001696
accept-in,-7821576940613085940,14371331507005501
accept-in,4410604067217451016,14371331519478285
accept-in,4410604067217451016,14371331519483856
accept-in,-1244475868469454819,14371331525400987
accept-in,-1244475868469454819,14371331525408489
accept-in,7320505057877339024,14371331540112523
accept-in,7320505057877339024,14371331540117259
accept-in,4397707620253341084,14371331543751113
accept-in,4397707620253341084,14371331543754425
accept-in,-6040066111641395101,14371331548451467
accept-in,-6040066111641395101,14371331548454450
accept-in,4975598527513788718,14371331565235928
accept-in,4975598527513788718,14371331565238747
accept-in,6074112155068976489,14371331588229475
accept-in,6074112155068976489,14371331588233988
accept-in,8388101721345102655,14371331602321524
accept-in,8388101721345102655,14371331602326190
accept-in,-5635535213979407298,14371331661134025
accept-in,-5635535213979407298,14371331661140574
accept-in,8248071555296238656,14371331674248602
accept-in,8248071555296238656,14371331674251771
accept-in,-6927084730308482799,14371331692254904
accept-in,-6927084730308482799,14371331692258678
accept-in,-3071391255955803329,14371331698047357
accept-in,-3071391255955803329,14371331698050312
accept-in,-2935924645157950793,14371331702059728
accept-in,-2935924645157950793,14371331702062645
accept-in,-5233765263957525579,14371331731995710
accept-in,-5233765263957525579,14371331732011175
accept-in,-1274820867938684110,14371331754037864
accept-in,-1274820867938684110,14371331754041133
accept-in,2932962971174258589,14371331758802740
accept-in,2932962971174258589,14371331758805608
accept-in,-7331902597058519233,14371331781956251
accept-in,-7331902597058519233,14371331781960072
accept-in,5851304657311194090,14371331804901370
accept-in,5851304657311194090,14371331804905394
accept-in,2233079459322187122,14371331818455170
accept-in,2233079459322187122,14371331818459170
accept-in,-1528161694223548577,14371331831374298
accept-in,-1528161694223548577,14371331831380147
accept-in,9072953565981747023,14371331850679060
accept-in,9072953565981747023,14371331850683718
accept-in,-237426613682269225,14371331894128250
accept-in,-237426613682269225,14371331894133488
accept-in,5542552598743884561,14371331903659991
accept-in,5542552598743884561,14371331903662834
accept-in,4250229204896084623,14371331906189393
accept-in,4250229204896084623,14371331906192392
accept-in,-2040261999539355063,14371331910619820
accept-in,-2040261999539355063,14371331910622671
accept-in,7214666679131244746,14371331923147913
accept-in,7214666679131244746,14371331923152339
accept-in,-8896771805276950515,14371331927081075
accept-in,-8896771805276950515,14371331927083906
accept-in,8059685985004270879,14371331927085134
accept-in,8059685985004270879,14371331927086038
accept-in,805768486610922108,14371331933818729
accept-in,805768486610922108,14371331933822973
accept-in,8041463436622701671,14371331935489273
accept-in,8041463436622701671,14371331935492294
accept-in,-9189769862584646470,14371331958603966
accept-in,-9189769862584646470,14371331958607048
accept-in,-8094737410936690982,14371331991164610
accept-in,-8094737410936690982,14371331991169384
accept-in,2652507319036091547,14371331998599023
accept-in,2652507319036091547,14371331998606339
accept-in,7496146099326255846,14371331999059641
accept-in,7496146099326255846,14371331999062370
accept-in,-5957138574117950070,14371332019481244
accept-in,-5957138574117950070,14371332019485214
accept-in,-680164421521307349,14371332038410111
accept-in,-680164421521307349,14371332038414173
accept-in,6842577451663054643,14371332071863628
accept-in,6842577451663054643,14371332071867709
