accept-in,-4939612805840605168,11070615849731
accept-in,-4939612805840605168,11070615863528
accept-in,-3179166075870453934,11070712802307
accept-in,-3179166075870453934,11070712815738
accept-in,6666967287165208105,11070809839017
accept-in,6666967287165208105,11070809851821
accept-in,1158425588499864003,11070906769666
accept-in,1158425588499864003,11070906782583
accept-in,1549403990527783474,11071003912845
accept-in,1549403990527783474,11071003925785
accept-in,-4372743895999005082,11071100841886
accept-in,-4372743895999005082,11071100854994
accept-in,5115139886090380965,11071197836697
accept-in,5115139886090380965,11071197848745
accept-in,-5720306851966848751,11071294906497
accept-in,-5720306851966848751,11071294918629
accept-in,-7464842705910101222,11071391963596
accept-in,-7464842705910101222,11071391976541
accept-in,-6149771453302528526,11071488856572
accept-in,-6149771453302528526,11071488868488
accept-in,6078005482720096197,11071585852703
accept-in,6078005482720096197,11071585863237
accept-in,-1443331804204219670,11071682947301
accept-in,-1443331804204219670,11071682960192
accept-in,7719917691910059363,11071779796698
accept-in,7719917691910059363,11071779810074
accept-in,-5573487491679430201,11071876767337
accept-in,-5573487491679430201,11071876779541
accept-in,1217044695516576211,11071973758643
accept-in,1217044695516576211,11071973771529
accept-in,631504945151253178,11072070771713
accept-in,631504945151253178,11072070784300
accept-in,-4322537000672086778,11072167791437
accept-in,-4322537000672086778,11072167804167
accept-in,-590516068208707180,11072264769530
accept-in,-590516068208707180,11072264781573
accept-in,-7722117714365116458,11072361816432
accept-in,-7722117714365116458,11072361828612
accept-in,6672236195544084057,11072458812929
accept-in,6672236195544084057,11072458826124
accept-in,-8264529967512341423,11072555783176
accept-in,-8264529967512341423,11072555795609
accept-in,-8621537325704616105,11072652797151
accept-in,-8621537325704616105,11072652809007
accept-in,-8174299654431039933,11072749886562
accept-in,-8174299654431039933,11072749898643
accept-in,-9064943780109115651,11072846780144
accept-in,-9064943780109115651,11072846792934
accept-in,1304788116383367205,11072943782110
accept-in,1304788116383367205,11072943795184
accept-in,-8848703634905709956,11073040812121
accept-in,-8848703634905709956,11073040824985
accept-in,-380450582624654018,11073137768391
accept-in,-380450582624654018,11073137780987
accept-in,2583280148104581500,11073234873922
accept-in,2583280148104581500,11073234885210
accept-in,4727973653127442582,11073331801495
accept-in,4727973653127442582,11073331815487
accept-in,-4876062805292694690,11073428766930
accept-in,-4876062805292694690,11073428779696
accept-in,4536782322285670688,11073525819686
accept-in,4536782322285670688,11073525832314
accept-in,3302376438034415346,11073622834373
accept-in,3302376438034415346,11073622847580
accept-in,2403877948331476554,11073719776754
accept-in,2403877948331476554,11073719789383
accept-in,877058981285048692,11073816766829
accept-in,877058981285048692,11073816778724
accept-in,5547923710051337,11073913837200
accept-in,5547923710051337,11073913849263
accept-in,-7108828432087665646,11074010910329
accept-in,-7108828432087665646,11074010922226
accept-in,3068607017479982424,11074107834478
accept-in,3068607017479982424,11074107847641
accept-in,-5145782878960641303,11074204789428
accept-in,-5145782878960641303,11074204803224
accept-in,6024474666512810357,11074301761881
accept-in,6024474666512810357,11074301773878
accept-in,2396306434904397746,11074398881614
accept-in,2396306434904397746,11074398895261
accept-in,2189857919241874568,11074495736547
accept-in,2189857919241874568,11074495745284
accept-in,-768984517519138291,11074592780161
accept-in,-768984517519138291,11074592792708
accept-in,990726752636000231,11074689808822
accept-in,990726752636000231,11074689820929
accept-in,1526226842113067674,11074786806397
accept-in,1526226842113067674,11074786825744
accept-in,-4768848863510081689,11074883759534
accept-in,-4768848863510081689,11074883773385
accept-in,5788368829147168539,11074980897363
accept-in,5788368829147168539,11074980910527
accept-in,-3400835061339841925,11075077989466
accept-in,-3400835061339841925,11075078001411
accept-in,-2395014919337521376,11075174835613
accept-in,-2395014919337521376,11075174847150
accept-in,-7953163819720080328,11075271793586
accept-in,-7953163819720080328,11075271806033
accept-in,-633543258756559405,11075368824314
accept-in,-633543258756559405,11075368836070
accept-in,7760766519429087536,11075465932470
accept-in,7760766519429087536,11075465945401
accept-in,-5043199110633686601,11075562796337
accept-in,-5043199110633686601,11075562809434
accept-in,-7601905266766614609,11075659799658
accept-in,-7601905266766614609,11075659820852
accept-in,4544333346324705976,11075756794205
accept-in,4544333346324705976,11075756807143
accept-in,2746114081704671717,11075853834713
accept-in,2746114081704671717,11075853847526
accept-in,533517622277088103,11075950815661
accept-in,533517622277088103,11075950827154
accept-in,-2135104794619530907,11076047858790
accept-in,-2135104794619530907,11076047872484
accept-in,2834234862737838335,11076144789160
accept-in,2834234862737838335,11076144811739
accept-in,-2126351705723640473,11076241812453
accept-in,-2126351705723640473,11076241823252
accept-in,-5186388325448686386,11076338794248
accept-in,-5186388325448686386,11076338806269
accept-in,-3473653447206260529,11076435853769
accept-in,-3473653447206260529,11076435866108
accept-in,-746199364672816913,11076532806561
accept-in,-746199364672816913,11076532819832
accept-in,-6509626200237975,11076629797149
accept-in,-6509626200237975,11076629807784
accept-in,-2488765521144408020,11076726805173
accept-in,-2488765521144408020,11076726817725
accept-in,9112079258998882356,11076823840038
accept-in,9112079258998882356,11076823853500
accept-in,-4696463056123604759,11076920827464
accept-in,-4696463056123604759,11076920839876
accept-in,-5788524448969864251,11077017834499
accept-in,-5788524448969864251,11077017845981
accept-in,7402669884543018990,11077114918112
accept-in,7402669884543018990,11077114931358
accept-in,2408665982155713734,11077211865632
accept-in,2408665982155713734,11077211879358
accept-in,-3262171184954506575,11077308806617
accept-in,-3262171184954506575,11077308819256
accept-in,-1857657576961331726,11077405834802
accept-in,-1857657576961331726,11077405847865
accept-in,409653214965738797,11077502844254
accept-in,409653214965738797,11077502859230
accept-in,-8376890555354699849,11077599836130
accept-in,-8376890555354699849,11077599854901
accept-in,2042549351023444398,11077696906816
accept-in,2042549351023444398,11077696919947
accept-in,8759624038398723128,11077793853023
accept-in,8759624038398723128,11077793865194
accept-in,1636516346744332906,11077890832573
accept-in,1636516346744332906,11077890844719
accept-in,6789527643647844074,11077987787041
accept-in,6789527643647844074,11077987805201
accept-in,2545285426222159783,11078084795138
accept-in,2545285426222159783,11078084806956
accept-in,-7680271172678362697,11078181825409
accept-in,-7680271172678362697,11078181838997
accept-in,-3607247515785753370,11078278980469
accept-in,-3607247515785753370,11078278994286
accept-in,1545971627259342746,11078375849416
accept-in,1545971627259342746,11078375860610
accept-in,7110393606223262566,11078472812649
accept-in,7110393606223262566,11078472825838
accept-in,124804768450233307,11078569765315
accept-in,124804768450233307,11078569777575
accept-in,8631683038677749350,11078666766196
accept-in,8631683038677749350,11078666778598
accept-in,3300552429138285776,11078763809341
accept-in,3300552429138285776,11078763820787
accept-in,-2074601397104603009,11078860780510
accept-in,-2074601397104603009,11078860792786
accept-in,-4712743284008914236,11078957901363
accept-in,-4712743284008914236,11078957914551
accept-in,-5471592542653339103,11079054788741
accept-in,-5471592542653339103,11079054800815
accept-in,-1276998544949249301,11079151837620
accept-in,-1276998544949249301,11079151852560
accept-in,-8272685763258603323,11079248807246
accept-in,-8272685763258603323,11079248819473
accept-in,-3633250812296604790,11079345896784
accept-in,-3633250812296604790,11079345909990
accept-in,5856233153937641007,11079442834826
accept-in,5856233153937641007,11079442846473
accept-in,6501355432861827163,11079539844279
accept-in,6501355432861827163,11079539856731
accept-in,-8459937439951392346,11079636795603
accept-in,-8459937439951392346,11079636807095
accept-in,8623860449628492359,11079733900612
accept-in,8623860449628492359,11079733912797
accept-in,1422431692921147744,11079830789133
accept-in,1422431692921147744,11079830802110
accept-in,6851519057365413044,11079927812707
accept-in,6851519057365413044,11079927824930
accept-in,-2321762354019284896,11080024800681
accept-in,-2321762354019284896,11080024812648
accept-in,7945624721817029293,11031621848824
accept-in,7945624721817029293,11031621861495
accept-in,-3401274273196814127,11031718809828
accept-in,-3401274273196814127,11031718821843
accept-in,4570382715951408997,11031815768370
accept-in,4570382715951408997,11031815781674
accept-in,-9103343226295301770,11031913039432
accept-in,-9103343226295301770,11031913060625
accept-in,-6253991397763013381,11032009817060
accept-in,-6253991397763013381,11032009829927
accept-in,-6081827477845651312,11032106893392
accept-in,-6081827477845651312,11032106903050
accept-in,-4377924624164476661,11032203800080
accept-in,-4377924624164476661,11032203812812
accept-in,-1703196696004197272,11032300765568
accept-in,-1703196696004197272,11032300776994
accept-in,6640808795332372784,11032398001531
accept-in,6640808795332372784,11032398015067
accept-in,7104560627809922954,11032494761205
accept-in,7104560627809922954,11032494790037
accept-in,-4499783443679250858,11032591791517
accept-in,-4499783443679250858,11032591803395
accept-in,-7286976419718955568,11032688783315
accept-in,-7286976419718955568,11032688794273
accept-in,-4222758950345240002,11032785876955
accept-in,-4222758950345240002,11032785898665
accept-in,4325120780229967531,11032882833675
accept-in,4325120780229967531,11032882846984
accept-in,-2443436761959441925,11032979834282
accept-in,-2443436761959441925,11032979846992
accept-in,-7054906482445804374,11033076831992
accept-in,-7054906482445804374,11033076845225
accept-in,-2671656106392098247,11033173810784
accept-in,-2671656106392098247,11033173821479
accept-in,-8626218080736732612,11033270891040
accept-in,-8626218080736732612,11033270904496
accept-in,-4964310527799178227,11033367865421
accept-in,-4964310527799178227,11033367877348
accept-in,9081194806343418927,11033464820204
accept-in,9081194806343418927,11033464831894
accept-in,4930800047044355545,11033561845563
accept-in,4930800047044355545,11033561858672
accept-in,-652967777896563022,11033658816233
accept-in,-652967777896563022,11033658827999
accept-in,-4215995857674229680,11033755858680
accept-in,-4215995857674229680,11033755872008
accept-in,1414500618183202109,11033852771024
accept-in,1414500618183202109,11033852788314
accept-in,-4711939369875453727,11033949903722
accept-in,-4711939369875453727,11033949921307
accept-in,3984534290587042109,11034046784389
accept-in,3984534290587042109,11034046798977
accept-in,4485781964940939048,11034143885066
accept-in,4485781964940939048,11034143895532
accept-in,6736070684332731780,11034240773891
accept-in,6736070684332731780,11034240799389
accept-in,6914693993700958255,11034337805889
accept-in,6914693993700958255,11034337818917
accept-in,-5515382701182104117,11034434818536
accept-in,-5515382701182104117,11034434830947
accept-in,-6218574758237324119,11034531860727
accept-in,-6218574758237324119,11034531872957
accept-in,-5258113837818138764,11034628883192
accept-in,-5258113837818138764,11034628896259
accept-in,-2291753086138086346,11034725770465
accept-in,-2291753086138086346,11034725782561
accept-in,-7486360414701319709,11034822773050
accept-in,-7486360414701319709,11034822787275
accept-in,-5212515950462109887,11034919782898
accept-in,-5212515950462109887,11034919798680
accept-in,-379378720070158708,11035016865787
accept-in,-379378720070158708,11035016887925
accept-in,4851970197654695199,11035113799694
accept-in,4851970197654695199,11035113821500
accept-in,-1167086142888408741,11035210789905
accept-in,-1167086142888408741,11035210817626
accept-in,-8223793072974873406,11035307848825
accept-in,-8223793072974873406,11035307861308
accept-in,-5080249983809817710,11035404892061
accept-in,-5080249983809817710,11035404913375
accept-in,-7030273478698191003,11035501802039
accept-in,-7030273478698191003,11035501812072
accept-in,-8262473085644201017,11035598894217
accept-in,-8262473085644201017,11035598915561
accept-in,5014133285198779653,11035695832575
accept-in,5014133285198779653,11035695844908
accept-in,367401240388530510,11035792862033
accept-in,367401240388530510,11035792874605
accept-in,-1628662736235896200,11035889823007
accept-in,-1628662736235896200,11035889834668
accept-in,963094991105262990,11035986828088
accept-in,963094991105262990,11035986842882
accept-in,3709372173875901724,11036083776781
accept-in,3709372173875901724,11036083790555
accept-in,-1096562895194296176,11036180802604
accept-in,-1096562895194296176,11036180815201
accept-in,-1273247113471538284,11036277778825
accept-in,-1273247113471538284,11036277791176
accept-in,-147720434762173065,11036374826939
accept-in,-147720434762173065,11036374840492
accept-in,-639389807774153490,11036471872535
accept-in,-639389807774153490,11036471884352
accept-in,-662913164971936648,11036568818753
accept-in,-662913164971936648,11036568829433
accept-in,740250571810775122,11036665821847
accept-in,740250571810775122,11036665834330
accept-in,1278016901257766683,11036762819494
accept-in,1278016901257766683,11036762831354
accept-in,-1725693884905564519,11036859889089
accept-in,-1725693884905564519,11036859901526
accept-in,2736598421438901690,11036956764917
accept-in,2736598421438901690,11036956776398
accept-in,-7464617826918045243,11037053780772
accept-in,-7464617826918045243,11037053792646
accept-in,8890440245301384447,11037150766450
accept-in,8890440245301384447,11037150790996
accept-in,3018339687879648263,11037247779871
accept-in,3018339687879648263,11037247792632
accept-in,-758989502802861076,11037344893409
accept-in,-758989502802861076,11037344905267
accept-in,-188276551272042651,11037441868767
accept-in,-188276551272042651,11037441882854
accept-in,4538977000263292994,11037538773303
accept-in,4538977000263292994,11037538786089
accept-in,2071644736471973380,11037635809571
accept-in,2071644736471973380,11037635820737
accept-in,5449710992303602839,11037732842893
accept-in,5449710992303602839,11037732854890
accept-in,8551383924859720399,11037829874085
accept-in,8551383924859720399,11037829885881
accept-in,-4897493420593859156,11037926772522
accept-in,-4897493420593859156,11037926786269
accept-in,-3308007105841930877,11038023846353
accept-in,-3308007105841930877,11038023864799
accept-in,-5083716329803276825,11038120786861
accept-in,-5083716329803276825,11038120802247
accept-in,3773544118357345018,11038217829647
accept-in,3773544118357345018,11038217843237
accept-in,6485298102204237873,11038315015866
accept-in,6485298102204237873,11038315030829
accept-in,5252403810900762970,11038411810782
accept-in,5252403810900762970,11038411926152
accept-in,5448614021368358603,11038508903513
accept-in,5448614021368358603,11038508916209
accept-in,-646602095851594756,11038605777977
accept-in,-646602095851594756,11038605790707
accept-in,-2492893265672039469,11038702845412
accept-in,-2492893265672039469,11038702857520
accept-in,3934658614194012180,11038799963519
accept-in,3934658614194012180,11038799976387
accept-in,3741460225161006582,11038896800945
accept-in,3741460225161006582,11038896813315
accept-in,-1785430767054368703,11038993778596
accept-in,-1785430767054368703,11038993790161
accept-in,-3497147415215105806,11039090998176
accept-in,-3497147415215105806,11039091010642
accept-in,-473605777325285109,11039187869236
accept-in,-473605777325285109,11039187883380
accept-in,4947563687787888380,11039284795638
accept-in,4947563687787888380,11039284808571
accept-in,8839036190343647948,11039381804212
accept-in,8839036190343647948,11039381817002
accept-in,-6537722888482679982,11039478838996
accept-in,-6537722888482679982,11039478852275
accept-in,3946905383117616677,11039575811733
accept-in,3946905383117616677,11039575825158
accept-in,534615615859037251,11039672803558
accept-in,534615615859037251,11039672826514
accept-in,-6447381239686422429,11039769971244
accept-in,-6447381239686422429,11039769984395
accept-in,4491802493374429241,11039866873015
accept-in,4491802493374429241,11039866884953
accept-in,5874112776580094424,11039963821500
accept-in,5874112776580094424,11039963834839
accept-in,-7993563886171598373,11040060845099
accept-in,-7993563886171598373,11040060866098
accept-in,-3520272309383781963,11040157773910
accept-in,-3520272309383781963,11040157785850
accept-in,-1841822373514729595,11040254838466
accept-in,-1841822373514729595,11040254850780
accept-in,8232825156273710108,11040351855587
accept-in,8232825156273710108,11040351867187
accept-in,-3955628590273605376,11040448889104
accept-in,-3955628590273605376,11040448899233
accept-in,8997672880481000597,11040545841023
accept-in,8997672880481000597,11040545852854
accept-in,-2535450765086549958,11040642799919
accept-in,-2535450765086549958,11040642812996
accept-in,2043422162139052256,11040739792397
accept-in,2043422162139052256,11040739805848
accept-in,707674025678892153,11040836847783
accept-in,707674025678892153,11040836860135
accept-in,6206690017361482767,11040933795640
accept-in,6206690017361482767,11040933809948
accept-in,-7970819473612009093,11041030808811
accept-in,-7970819473612009093,11041030835536
accept-in,1831059031608426894,11041127822535
accept-in,1831059031608426894,11041127835439
accept-in,2919871008905222715,11041224842020
accept-in,2919871008905222715,11041224928959
accept-in,-6221306000522120678,11041321781300
accept-in,-6221306000522120678,11041321836531
accept-in,1830991046170387302,11041418859906
accept-in,1830991046170387302,11041418872982
accept-in,137580369054923640,11041515806141
accept-in,137580369054923640,11041515819076
accept-in,1071562821291907173,11041612787849
accept-in,1071562821291907173,11041612800338
accept-in,-5219665328512373544,11041709867948
accept-in,-5219665328512373544,11041709889170
accept-in,6903307855037645338,11041806789031
accept-in,6903307855037645338,11041806801965
accept-in,-6494716424975074896,11041903781694
accept-in,-6494716424975074896,11041903794167
accept-in,1046643860320507647,11042000792578
accept-in,1046643860320507647,11042000803986
accept-in,7027284519026329765,11042097811784
accept-in,7027284519026329765,11042097826749
accept-in,-5623588369973383525,11042194796056
accept-in,-5623588369973383525,11042194810942
accept-in,7035237283879416450,11042291869252
accept-in,7035237283879416450,11042291880599
accept-in,5537328119093841,11042388761938
accept-in,5537328119093841,11042388774901
accept-in,-5309457283718167316,11042485772011
accept-in,-5309457283718167316,11042485783856
accept-in,6527299166395529368,11042582814673
accept-in,6527299166395529368,11042582826167
accept-in,-5849122306920285611,11042679812239
accept-in,-5849122306920285611,11042679824520
accept-in,-5773758977044812443,11042776800479
accept-in,-5773758977044812443,11042776814075
accept-in,2590670292125463481,11042873907763
accept-in,2590670292125463481,11042873919704
accept-in,-2842908432241471949,11042970834459
accept-in,-2842908432241471949,11042970848518
accept-in,-3791521662977755579,11043067782784
accept-in,-3791521662977755579,11043067800626
accept-in,-7138667836032019613,11043164790864
accept-in,-7138667836032019613,11043164807034
accept-in,8538295405530154839,11043261786679
accept-in,8538295405530154839,11043261800440
accept-in,3843163603324914099,11043358962503
accept-in,3843163603324914099,11043358975488
accept-in,9219644653807685629,11043455915278
accept-in,9219644653807685629,11043455934746
accept-in,-8104569049727686266,11043552763216
accept-in,-8104569049727686266,11043552776931
accept-in,2490668966798037881,11043649784088
accept-in,2490668966798037881,11043649801295
accept-in,3420360897340267237,11043746785256
accept-in,3420360897340267237,11043746799554
accept-in,5691884032933892423,11043843860056
accept-in,5691884032933892423,11043843873646
accept-in,9178361388961455391,11043940805905
accept-in,9178361388961455391,11043940819435
accept-in,1077564079788038789,11044037814337
accept-in,1077564079788038789,11044037826959
accept-in,-6171164459620018838,11044134816671
accept-in,-6171164459620018838,11044134828515
accept-in,-3425131914246852369,11044231793048
accept-in,-3425131914246852369,11044231806459
accept-in,-7536133693015025112,11044328854356
accept-in,-7536133693015025112,11044328862910
accept-in,5054385225489707848,11044425822796
accept-in,5054385225489707848,11044425835314
accept-in,-3939062477724552246,11044522910805
accept-in,-3939062477724552246,11044522924265
accept-in,3069547738904028079,11044619799124
accept-in,3069547738904028079,11044619810590
accept-in,-4987725392630796763,11044716905749
accept-in,-4987725392630796763,11044716918386
accept-in,2585040060365139249,11044813782417
accept-in,2585040060365139249,11044813795396
accept-in,5711394963051687496,11044910841843
accept-in,5711394963051687496,11044910853958
accept-in,-2610700163136341507,11045007795042
accept-in,-2610700163136341507,11045007807456
accept-in,1700313909300366242,11045104939911
accept-in,1700313909300366242,11045104953535
accept-in,-7561881155571595752,11045201773286
accept-in,-7561881155571595752,11045201792065
accept-in,-7983812465667347449,11045298769339
accept-in,-7983812465667347449,11045298791171
accept-in,-5903046385554648287,11045395790639
accept-in,-5903046385554648287,11045395802363
accept-in,8002401178173155905,11045492775309
accept-in,8002401178173155905,11045492787730
accept-in,-1518560972636054738,11045589757556
accept-in,-1518560972636054738,11045589769377
accept-in,6478225782762674458,11045686778970
accept-in,6478225782762674458,11045686797576
accept-in,4617793834791798060,11045783843505
accept-in,4617793834791798060,11045783855993
accept-in,-3610122497789533519,11045880844965
accept-in,-3610122497789533519,11045880857771
accept-in,898194283485295795,11045977818371
accept-in,898194283485295795,11045977831111
accept-in,-9042267222487710927,11046074776171
accept-in,-9042267222487710927,11046074799508
accept-in,-3455754521866931277,11046171768373
accept-in,-3455754521866931277,11046171782640
accept-in,6700872899855093823,11046268785655
accept-in,6700872899855093823,11046268799101
accept-in,2705648971993863659,11046365828360
accept-in,2705648971993863659,11046365840597
accept-in,2589698244480794437,11046462806456
accept-in,2589698244480794437,11046462845165
accept-in,7981562719228590850,11046559786037
accept-in,7981562719228590850,11046559803936
accept-in,8857101152697680988,11046656819247
accept-in,8857101152697680988,11046656836954
accept-in,-2733204775829980945,11046753898524
accept-in,-2733204775829980945,11046753910447
accept-in,8210715220189727024,11046850833161
accept-in,8210715220189727024,11046850844967
accept-in,-9080112059407729218,11046947859167
accept-in,-9080112059407729218,11046947871917
accept-in,-9009377618481619161,11047044846936
accept-in,-9009377618481619161,11047044861255
accept-in,-7442398697052113034,11047141810701
accept-in,-7442398697052113034,11047141821806
accept-in,2426516473167866336,11047238804766
accept-in,2426516473167866336,11047238816956
accept-in,4912622965997214333,11047335815423
accept-in,4912622965997214333,11047335830307
accept-in,3096090020284504004,11047432765497
accept-in,3096090020284504004,11047432777855
accept-in,8917630082135233557,11047529754265
accept-in,8917630082135233557,11047529765973
accept-in,-6143447468022215577,11047626776152
accept-in,-6143447468022215577,11047626789144
accept-in,-1372315623589586983,11047723783776
accept-in,-1372315623589586983,11047723797964
accept-in,8928934988423158757,11047820771837
accept-in,8928934988423158757,11047820785231
accept-in,-4834615335610212534,11047917837843
accept-in,-4834615335610212534,11047917850267
accept-in,102331149688987325,11048014800036
accept-in,102331149688987325,11048014812772
accept-in,-8679637914437718949,11048111772899
accept-in,-8679637914437718949,11048111785156
accept-in,-6819220014189433222,11048208813483
accept-in,-6819220014189433222,11048208825438
accept-in,-6655588468202549486,11048305829333
accept-in,-6655588468202549486,11048305842696
accept-in,-3764203607418711290,11048402841051
accept-in,-3764203607418711290,11048402853860
accept-in,-2229128105243753937,11048499757843
accept-in,-2229128105243753937,11048499770114
accept-in,585315958472180686,11048596854458
accept-in,585315958472180686,11048596865004
accept-in,7124582699998252667,11048693837048
accept-in,7124582699998252667,11048693848702
accept-in,3976936095500825689,11048790814702
accept-in,3976936095500825689,11048790826784
accept-in,-3594702035900123593,11048887824326
accept-in,-3594702035900123593,11048887836491
accept-in,-5301135488380609985,11048984807203
accept-in,-5301135488380609985,11048984818988
accept-in,-3028047328676706803,11049081832133
accept-in,-3028047328676706803,11049081845810
accept-in,5804273774391538110,11049178820715
accept-in,5804273774391538110,11049178834287
accept-in,4065320007073967750,11049275813899
accept-in,4065320007073967750,11049275836102
accept-in,8833964642805111728,11049372815783
accept-in,8833964642805111728,11049372831369
accept-in,1154170550760395032,11049469823728
accept-in,1154170550760395032,11049469842956
accept-in,738803938284259998,11049566825879
accept-in,738803938284259998,11049566838023
accept-in,-6371136776016702605,11049663777104
accept-in,-6371136776016702605,11049663788973
accept-in,-1307608333204827710,11049760755406
accept-in,-1307608333204827710,11049760767680
accept-in,-3397237822156148485,11049857769268
accept-in,-3397237822156148485,11049857781057
accept-in,3087271300103583516,11049954795785
accept-in,3087271300103583516,11049954809210
accept-in,-5476150588469385967,11050051828113
accept-in,-5476150588469385967,11050051842030
accept-in,-7671235778877448318,11050148844702
accept-in,-7671235778877448318,11050148860263
accept-in,-7304582758405349487,11050245777271
accept-in,-7304582758405349487,11050245790900
accept-in,-2694801987932647206,11050342807261
accept-in,-2694801987932647206,11050342818668
accept-in,-4742164897887675158,11050439917557
accept-in,-4742164897887675158,11050439931084
accept-in,1744419319309175804,11050536854401
accept-in,1744419319309175804,11050536867094
accept-in,2916032482272676706,11050633803037
accept-in,2916032482272676706,11050633816239
accept-in,-7500412579922901949,11050730858795
accept-in,-7500412579922901949,11050730872457
accept-in,2018584252858499159,11050827823825
accept-in,2018584252858499159,11050827835893
accept-in,-7371340444350348252,11050924794068
accept-in,-7371340444350348252,11050924806509
accept-in,4373468345795016367,11051021780691
accept-in,4373468345795016367,11051021793108
accept-in,4901581715010933937,11051118844212
accept-in,4901581715010933937,11051118856959
accept-in,2442038416662777779,11051215781823
accept-in,2442038416662777779,11051215794139
accept-in,-3328750787239215480,11051312761652
accept-in,-3328750787239215480,11051312773031
accept-in,-4880889696184592457,11051409858510
accept-in,-4880889696184592457,11051409871999
accept-in,-2203218379624563895,11051506909282
accept-in,-2203218379624563895,11051506930831
accept-in,4210316722628375532,11051603829449
accept-in,4210316722628375532,11051603843243
accept-in,2760011641386181139,11051700812269
accept-in,2760011641386181139,11051700823364
accept-in,255959515575858201,11051797884367
accept-in,255959515575858201,11051797895145
accept-in,128310650714890652,11051894764917
accept-in,128310650714890652,11051894777141
accept-in,-2184374715675961527,11051991914160
accept-in,-2184374715675961527,11051991926384
accept-in,-2449892768571242922,11052088770205
accept-in,-2449892768571242922,11052088781768
accept-in,-3216254818208232587,11052185778108
accept-in,-3216254818208232587,11052185790124
accept-in,-8602961245832675925,11052282787054
accept-in,-8602961245832675925,11052282801015
accept-in,6391673162696962245,11052379876765
accept-in,6391673162696962245,11052379889617
accept-in,-6935977377611326059,11052476793325
accept-in,-6935977377611326059,11052476805680
accept-in,1236502481569336349,11052573804921
accept-in,1236502481569336349,11052573817450
accept-in,-8391449968804927974,11052670816130
accept-in,-8391449968804927974,11052670828609
accept-in,-5175125636672210207,11052767772386
accept-in,-5175125636672210207,11052767791099
accept-in,-4426214380700575934,11052864861711
accept-in,-4426214380700575934,11052864873958
accept-in,-5684571779833067093,11052961796055
accept-in,-5684571779833067093,11052961809193
accept-in,-9037193178445513847,11053058786436
accept-in,-9037193178445513847,11053058798298
accept-in,-202681786355651062,11053155808486
accept-in,-202681786355651062,11053155820460
accept-in,6182687766977622080,11053252798281
accept-in,6182687766977622080,11053252811293
accept-in,489073783820564828,11053349838371
accept-in,489073783820564828,11053349850077
accept-in,-2693738594581615799,11053446782684
accept-in,-2693738594581615799,11053446794873
accept-in,-6729662156829256053,11053543778621
accept-in,-6729662156829256053,11053543790449
accept-in,-568256687975231662,11053640822022
accept-in,-568256687975231662,11053640836006
accept-in,-5115151817372135262,11053737798844
accept-in,-5115151817372135262,11053737812439
accept-in,-4689398249574876229,11053834830778
accept-in,-4689398249574876229,11053834844179
accept-in,-5146340118520645894,11053931796180
accept-in,-5146340118520645894,11053931813966
accept-in,-6271126147503330382,11054028807153
accept-in,-6271126147503330382,11054028819645
accept-in,2100676436210410275,11054125779397
accept-in,2100676436210410275,11054125791874
accept-in,6020305427219468339,11054222846583
accept-in,6020305427219468339,11054222858530
accept-in,-1498459188635072267,11054319778619
accept-in,-1498459188635072267,11054319790162
accept-in,2298795001313263581,11054416811300
accept-in,2298795001313263581,11054416829102
accept-in,4217055640509270138,11054513907143
accept-in,4217055640509270138,11054513919329
accept-in,-8563996369055683225,11054610851410
accept-in,-8563996369055683225,11054610865552
accept-in,-8215237967814135022,11054707850452
accept-in,-8215237967814135022,11054707863477
accept-in,-8064807264235533001,11054804849288
accept-in,-8064807264235533001,11054804862243
accept-in,6188617009551727105,11054901782139
accept-in,6188617009551727105,11054901793877
accept-in,7028380833207602717,11054998847836
accept-in,7028380833207602717,11054998859142
accept-in,3931809479452706774,11055095848463
accept-in,3931809479452706774,11055095860656
accept-in,7636279195744777335,11055192832490
accept-in,7636279195744777335,11055192845871
accept-in,3120139991063442481,11055289795638
accept-in,3120139991063442481,11055289807516
accept-in,-7704878983430368795,11055386833959
accept-in,-7704878983430368795,11055386846715
accept-in,-5236139863610488342,11055483852406
accept-in,-5236139863610488342,11055483865771
accept-in,5165727435978932003,11055580809570
accept-in,5165727435978932003,11055580827015
accept-in,-5364382969878758657,11055677818621
accept-in,-5364382969878758657,11055677829839
accept-in,6556725204542293823,11055774802515
accept-in,6556725204542293823,11055774815487
accept-in,7146898460569296103,11055871910520
accept-in,7146898460569296103,11055871931117
accept-in,8495022845163975075,11055968766214
accept-in,8495022845163975075,11055968777981
accept-in,-6706727024481686098,11056065782676
accept-in,-6706727024481686098,11056065795422
accept-in,-4581377460326034843,11056162818800
accept-in,-4581377460326034843,11056162831438
accept-in,9085014498969666296,11056259752857
accept-in,9085014498969666296,11056259765752
accept-in,7211655974779999170,11056356765319
accept-in,7211655974779999170,11056356776902
accept-in,-4248480336177298592,11056453789824
accept-in,-4248480336177298592,11056453801375
accept-in,-5223275680127503555,11056550778575
accept-in,-5223275680127503555,11056550788860
accept-in,1083997430539883691,11056647783186
accept-in,1083997430539883691,11056647796037
accept-in,-9200083747535208720,11056744919049
accept-in,-9200083747535208720,11056744932508
accept-in,5866756910163145828,11056841776604
accept-in,5866756910163145828,11056841788063
accept-in,6229373052778746835,11056938793851
accept-in,6229373052778746835,11056938812880
accept-in,-8579175676704882467,11057035825095
accept-in,-8579175676704882467,11057035838494
accept-in,-5550524521222860768,11057132835244
accept-in,-5550524521222860768,11057132845977
accept-in,-2049894141333553694,11057229770389
accept-in,-2049894141333553694,11057229781600
accept-in,-6342100845495206333,11057326818998
accept-in,-6342100845495206333,11057326831947
accept-in,-6164371365789719877,11057423824722
accept-in,-6164371365789719877,11057423836898
accept-in,-2167723962040737633,11057520818089
accept-in,-2167723962040737633,11057520829876
accept-in,-7324478871370214758,11057617861216
accept-in,-7324478871370214758,11057617874250
accept-in,5774723425117217011,11057714792044
accept-in,5774723425117217011,11057714804044
accept-in,-2862109878172869820,11057811859786
accept-in,-2862109878172869820,11057811872905
accept-in,-8715694633639292793,11057908810887
accept-in,-8715694633639292793,11057908822148
accept-in,4073302453808270405,11058005766673
accept-in,4073302453808270405,11058005785173
accept-in,-5240367576699113897,11058102817990
accept-in,-5240367576699113897,11058102830490
accept-in,-7171734628057439434,11058199826735
accept-in,-7171734628057439434,11058199838882
accept-in,4655455101290899989,11058296777055
accept-in,4655455101290899989,11058296791443
accept-in,-461961020266252249,11058393785632
accept-in,-461961020266252249,11058393799555
accept-in,-6435444814474891956,11058490806084
accept-in,-6435444814474891956,11058490817111
accept-in,-1403341270097389068,11058587783673
accept-in,-1403341270097389068,11058587794640
accept-in,1243248006103356411,11058684827465
accept-in,1243248006103356411,11058684840093
accept-in,-7789843393947056518,11058781852429
accept-in,-7789843393947056518,11058781866025
accept-in,2390914341799981574,11058878871004
accept-in,2390914341799981574,11058878883104
accept-in,1785556137225540777,11058975805435
accept-in,1785556137225540777,11058975818878
accept-in,-8227986055385319266,11059072814822
accept-in,-8227986055385319266,11059072827065
accept-in,6865296749877238969,11059169877956
accept-in,6865296749877238969,11059169890585
accept-in,-5491219876390185523,11059266774444
accept-in,-5491219876390185523,11059266786246
accept-in,6052687271208053679,11059363860179
accept-in,6052687271208053679,11059363872655
accept-in,3490331208423541499,11059460805671
accept-in,3490331208423541499,11059460817563
accept-in,7655924528084858622,11059557892942
accept-in,7655924528084858622,11059557906268
accept-in,-8831713577568517335,11059654814994
accept-in,-8831713577568517335,11059654826861
accept-in,-7727797383316504571,11059751774354
accept-in,-7727797383316504571,11059751792917
accept-in,-1613306282467552036,11059848785701
accept-in,-1613306282467552036,11059848798761
accept-in,1539867950383618815,11059945797840
accept-in,1539867950383618815,11059945817652
accept-in,6978781923274248304,11060042837821
accept-in,6978781923274248304,11060042849349
accept-in,195476552093833361,11060139784867
accept-in,195476552093833361,11060139808322
accept-in,-7820331770352140366,11060236766186
accept-in,-7820331770352140366,11060236777584
accept-in,-8334769332392082484,11060333785948
accept-in,-8334769332392082484,11060333798641
accept-in,6464519868561332708,11060430841235
accept-in,6464519868561332708,11060430853898
accept-in,7848849663124743102,11060527788165
accept-in,7848849663124743102,11060527800336
accept-in,7270109222867955703,11060624800341
accept-in,7270109222867955703,11060624813922
accept-in,3733833874756441751,11060721750146
accept-in,3733833874756441751,11060721761461
accept-in,-8921805964170921953,11060818875067
accept-in,-8921805964170921953,11060818887419
accept-in,-1572834414538616940,11060915879900
accept-in,-1572834414538616940,11060915892135
accept-in,6395510851659308185,11061012779380
accept-in,6395510851659308185,11061012792522
accept-in,-7201781836907250838,11061109799138
accept-in,-7201781836907250838,11061109810066
accept-in,-612736278906864982,11061206781344
accept-in,-612736278906864982,11061206794074
accept-in,9208294436293256558,11061303774400
accept-in,9208294436293256558,11061303787268
accept-in,9022231051301141860,11061400862642
accept-in,9022231051301141860,11061400874654
accept-in,4427093865426341611,11061497758493
accept-in,4427093865426341611,11061497770470
accept-in,-7375666425351484364,11061594924100
accept-in,-7375666425351484364,11061594937204
accept-in,7057192346526505213,11061691831452
accept-in,7057192346526505213,11061691842975
accept-in,9124257656778484506,11061788828468
accept-in,9124257656778484506,11061788844583
accept-in,-3196523630033068252,11061885798115
accept-in,-3196523630033068252,11061885811915
accept-in,7155263349931037893,11061982856292
accept-in,7155263349931037893,11061982868390
accept-in,1180981439292635541,11062079924612
accept-in,1180981439292635541,11062079952602
accept-in,6281336683503829262,11062176809156
accept-in,6281336683503829262,11062176824366
accept-in,739704570993169504,11062273811306
accept-in,739704570993169504,11062273823302
accept-in,-1086478171153600066,11062370788389
accept-in,-1086478171153600066,11062370800942
accept-in,-8126752105098121148,11062467771389
accept-in,-8126752105098121148,11062467783727
accept-in,-1525048893835572426,11062564764426
accept-in,-1525048893835572426,11062564776517
accept-in,-902984295719935234,11062661778418
accept-in,-902984295719935234,11062661790169
accept-in,1520612067124080219,11062758806834
accept-in,1520612067124080219,11062758819106
accept-in,1621553936294240056,11062855759305
accept-in,1621553936294240056,11062855772938
accept-in,-687396552342697734,11062952830905
accept-in,-687396552342697734,11062952841598
accept-in,-5315783911103978303,11063049804552
accept-in,-5315783911103978303,11063049817428
accept-in,656208404983159269,11063146793003
accept-in,656208404983159269,11063146805447
accept-in,3739791400582243684,11063243801316
accept-in,3739791400582243684,11063243813909
accept-in,9098020779487612134,11063340762832
accept-in,9098020779487612134,11063340787528
accept-in,-3001665171015760516,11063437810487
accept-in,-3001665171015760516,11063437822972
accept-in,7504031388253562746,11063534802480
accept-in,7504031388253562746,11063534814861
accept-in,3708907807875148937,11063631781792
accept-in,3708907807875148937,11063631795501
accept-in,-5464751143316697529,11063728762436
accept-in,-5464751143316697529,11063728775161
accept-in,-2119644149274893801,11063825782480
accept-in,-2119644149274893801,11063825793904
accept-in,-4133606300230929158,11063922783957
accept-in,-4133606300230929158,11063922797493
accept-in,-8861547741952937757,11064019787866
accept-in,-8861547741952937757,11064019800286
accept-in,-8151230615369333699,11064116781248
accept-in,-8151230615369333699,11064116793851
accept-in,6931655835605203765,11064213890822
accept-in,6931655835605203765,11064213903606
accept-in,-1767181121890822464,11064310779967
accept-in,-1767181121890822464,11064310793716
accept-in,-6122278125718326989,11064407843004
accept-in,-6122278125718326989,11064407856345
accept-in,-6397270801100575464,11064504768940
accept-in,-6397270801100575464,11064504781341
accept-in,6744207376681863689,11064601824262
accept-in,6744207376681863689,11064601836838
accept-in,-6262679696141409922,11064698865210
accept-in,-6262679696141409922,11064698877878
accept-in,-509456437440690142,11064795831802
accept-in,-509456437440690142,11064795853973
accept-in,8280172748232599036,11064892812017
accept-in,8280172748232599036,11064892823579
accept-in,-5495888126826067574,11064989789598
accept-in,-5495888126826067574,11064989802922
accept-in,6603046036068180117,11065086824817
accept-in,6603046036068180117,11065086837374
accept-in,-8224523410139305116,11065183852937
accept-in,-8224523410139305116,11065183865846
accept-in,1689101977841925362,11065280813053
accept-in,1689101977841925362,11065280825896
accept-in,-1176051709078366729,11065377756845
accept-in,-1176051709078366729,11065377768981
accept-in,-1372267212758410573,11065474828217
accept-in,-1372267212758410573,11065474841264
accept-in,-9071556724280209924,11065571820326
accept-in,-9071556724280209924,11065571838115
accept-in,6565692392638316998,11065668801793
accept-in,6565692392638316998,11065668814053
accept-in,2999586417725154884,11065765779030
accept-in,2999586417725154884,11065765791192
accept-in,5224745788179489233,11065862784341
accept-in,5224745788179489233,11065862797651
accept-in,5888561571728118902,11065959811690
accept-in,5888561571728118902,11065959824728
accept-in,-2628216023437569623,11066056835524
accept-in,-2628216023437569623,11066056847726
accept-in,-8657323777514654631,11066153806644
accept-in,-8657323777514654631,11066153823978
accept-in,-2404402841232736763,11066250876663
accept-in,-2404402841232736763,11066250889279
accept-in,4600646961493466913,11066347807256
accept-in,4600646961493466913,11066347820156
accept-in,210821801282146647,11066444804334
accept-in,210821801282146647,11066444817421
accept-in,-5188895244344612478,11066541761926
accept-in,-5188895244344612478,11066541773876
accept-in,2027979857145001497,11066638798920
accept-in,2027979857145001497,11066638811197
accept-in,-4108718911478609553,11066735816187
accept-in,-4108718911478609553,11066735827060
accept-in,-6924350637347153092,11066832841974
accept-in,-6924350637347153092,11066832853622
accept-in,-5115296738596827191,11066929812072
accept-in,-5115296738596827191,11066929823226
accept-in,-8341946330003215297,11067026768102
accept-in,-8341946330003215297,11067026789489
accept-in,-1471117794853227567,11067123880371
accept-in,-1471117794853227567,11067123894052
accept-in,2639710967973528963,11067220901008
accept-in,2639710967973528963,11067220913528
accept-in,-6083372979128435705,11067317797787
accept-in,-6083372979128435705,11067317815354
accept-in,379325134028037011,11067414809685
accept-in,379325134028037011,11067414820826
accept-in,7809138551489232315,11067511781119
accept-in,7809138551489232315,11067511793328
accept-in,-746751229951837560,11067608789384
accept-in,-746751229951837560,11067608801425
accept-in,-2127682144393104137,11067705873899
accept-in,-2127682144393104137,11067705886600
accept-in,-870544921622829533,11067802896937
accept-in,-870544921622829533,11067802908318
accept-in,1713410980381317006,11067899759457
accept-in,1713410980381317006,11067899770077
accept-in,-502572405199295228,11067996769599
accept-in,-502572405199295228,11067996782773
accept-in,6390994427736283172,11068093823908
accept-in,6390994427736283172,11068093836212
accept-in,858554130069872822,11068190788724
accept-in,858554130069872822,11068190803673
accept-in,3516404413691064124,11068287807285
accept-in,3516404413691064124,11068287818752
accept-in,9055794487437639024,11068384824111
accept-in,9055794487437639024,11068384836398
accept-in,-8528858509181411662,11068481785331
accept-in,-8528858509181411662,11068481796604
accept-in,-7136760208368263172,11068578802004
accept-in,-7136760208368263172,11068578813905
accept-in,1989075048792160614,11068675740421
accept-in,1989075048792160614,11068675753111
accept-in,-6422944287543096188,11068772798749
accept-in,-6422944287543096188,11068772810224
accept-in,-1080360191954372472,11068869824702
accept-in,-1080360191954372472,11068869836818
accept-in,5757828234953535196,11068966793052
accept-in,5757828234953535196,11068966805623
accept-in,-716750474518131292,11069063813708
accept-in,-716750474518131292,11069063825882
accept-in,24053364066840790,11069160889102
accept-in,24053364066840790,11069160902060
accept-in,8136579460615691301,11069257857958
accept-in,8136579460615691301,11069257869964
accept-in,4608770940532411838,11069354765090
accept-in,4608770940532411838,11069354777534
accept-in,-3523765141363424176,11069451793156
accept-in,-3523765141363424176,11069451804245
accept-in,-6544317729149530076,11069548810539
accept-in,-6544317729149530076,11069548823143
accept-in,8996302140163874162,11069645822218
accept-in,8996302140163874162,11069645834795
accept-in,-6637470520186826051,11069742778557
accept-in,-6637470520186826051,11069742791404
accept-in,-743169101021483208,11069839787187
accept-in,-743169101021483208,11069839797507
accept-in,7696694813714684573,11069936815676
accept-in,7696694813714684573,11069936829401
accept-in,-4604712833344991061,11070033793843
accept-in,-4604712833344991061,11070033806237
accept-in,-8378519172228863065,11070130782877
accept-in,-8378519172228863065,11070130795231
accept-in,-7406313448083345531,11070227900364
accept-in,-7406313448083345531,11070227913371
accept-in,3338311987255172078,11070324823744
accept-in,3338311987255172078,11070324836151
accept-in,-7058240827318850090,11070421770716
accept-in,-7058240827318850090,11070421783385
accept-in,6331105969668262721,11070518832799
accept-in,6331105969668262721,11070518845329
