accept-in,-5371955869944468193,24666089995703
accept-in,-5371955869944468193,24666090003804
accept-in,1433017604319296317,24666229980025
accept-in,1433017604319296317,24666229988903
accept-in,-2377019882747420640,24666369957767
accept-in,-2377019882747420640,24666369965168
accept-in,9213455353215428242,24666509989448
accept-in,9213455353215428242,24666509997353
accept-in,-3648338796041782783,24666650002493
accept-in,-3648338796041782783,24666650010821
accept-in,-1674945495778892575,24666790041795
accept-in,-1674945495778892575,24666790050024
accept-in,-6942799159335401321,24666929960196
accept-in,-6942799159335401321,24666929968738
accept-in,2019498309975098012,24667070012961
accept-in,2019498309975098012,24667070020906
accept-in,-5840331813766761349,24667209927446
accept-in,-5840331813766761349,24667209934977
accept-in,-3885979753383779459,24667349944267
accept-in,-3885979753383779459,24667349951191
accept-in,8863864796192382547,24667489953379
accept-in,8863864796192382547,24667489961533
accept-in,-682856983178617845,24667629949902
accept-in,-682856983178617845,24667629957276
accept-in,6487340158190738830,24667769977100
accept-in,6487340158190738830,24667769986313
accept-in,-2960036942972480766,24667909967778
accept-in,-2960036942972480766,24667909975041
accept-in,-5214032141468119521,24668049996228
accept-in,-5214032141468119521,24668050009296
accept-in,1013815256177901222,24668190005893
accept-in,1013815256177901222,24668190013718
accept-in,4931671672930993777,24668329944837
accept-in,4931671672930993777,24668329955019
accept-in,-4207013122834063539,24668469967037
accept-in,-4207013122834063539,24668469974912
accept-in,6681431538797070005,24668609948406
accept-in,6681431538797070005,24668609956715
accept-in,-1808654678802912226,24668750003723
accept-in,-1808654678802912226,24668750011031
accept-in,-5620394477853528726,24668889944510
accept-in,-5620394477853528726,24668889952835
accept-in,-262737218698127558,24669029945276
accept-in,-262737218698127558,24669029953016
accept-in,-3977411690231033857,24669169991751
accept-in,-3977411690231033857,24669170000686
accept-in,-120156511403233878,24669310001949
accept-in,-120156511403233878,24669310010233
accept-in,3521627089896956532,24669449954137
accept-in,3521627089896956532,24669449961998
accept-in,-116857669524217962,24669589984101
accept-in,-116857669524217962,24669589993266
accept-in,4421745429861567444,24669729963226
accept-in,4421745429861567444,24669729972113
accept-in,7446866799344898773,24669869969141
accept-in,7446866799344898773,24669869976280
accept-in,5611058728682019343,24670009966093
accept-in,5611058728682019343,24670009974644
accept-in,-8839797918788218165,24670149944531
accept-in,-8839797918788218165,24670149953485
accept-in,-6492523125175001965,24670289982564
accept-in,-6492523125175001965,24670289990163
accept-in,-5868810433693662569,24670429971455
accept-in,-5868810433693662569,24670429979179
accept-in,8105502658247404075,24670569950120
accept-in,8105502658247404075,24670569958236
accept-in,9098438687929411780,24670709961933
accept-in,9098438687929411780,24670709970121
accept-in,3673303111840854743,24670849969823
accept-in,3673303111840854743,24670849977214
accept-in,3078260593821310707,24670989978770
accept-in,3078260593821310707,24670989986717
accept-in,-1941386137751396838,24671129957335
accept-in,-1941386137751396838,24671129965201
accept-in,809167636909082037,24671269919884
accept-in,809167636909082037,24671269928360
accept-in,-7582023823347724824,24671409986590
accept-in,-7582023823347724824,24671409994469
accept-in,5601471945597504916,24671549932974
accept-in,5601471945597504916,24671549941281
accept-in,-5660158058916972348,24671689987999
accept-in,-5660158058916972348,24671689995513
accept-in,7828483101271535073,24671829911046
accept-in,7828483101271535073,24671829919706
accept-in,-2423216443456380481,24671969979102
accept-in,-2423216443456380481,24671969986651
accept-in,1425640394952280188,24672109978491
accept-in,1425640394952280188,24672109986453
accept-in,-8413212276642040614,24672249957273
accept-in,-8413212276642040614,24672249964393
accept-in,8116311928722954633,24672389970499
accept-in,8116311928722954633,24672389979301
accept-in,-6642166084865170397,24672529943924
accept-in,-6642166084865170397,24672529951752
accept-in,1163849858994092943,24672669957223
accept-in,1163849858994092943,24672669966292
accept-in,-8374402733227372580,24672809993288
accept-in,-8374402733227372580,24672810001307
accept-in,3835407182931847212,24672949945292
accept-in,3835407182931847212,24672949952978
accept-in,6868384052963127324,24673090047653
accept-in,6868384052963127324,24673090055293
accept-in,-6704013524391971181,24673229950525
accept-in,-6704013524391971181,24673229965563
accept-in,-4029136507849303867,24673370012814
accept-in,-4029136507849303867,24673370020347
accept-in,-3898528226403085500,24673509977926
accept-in,-3898528226403085500,24673509985553
accept-in,4004469059416649815,24673649934392
accept-in,4004469059416649815,24673649942986
accept-in,1053497844085851436,24673789984242
accept-in,1053497844085851436,24673790001605
accept-in,1304095390909989531,24673929985657
accept-in,1304095390909989531,24673929994099
accept-in,6469416296054024311,24674069922584
accept-in,6469416296054024311,24674069929191
accept-in,-5516397050585117779,24674209959470
accept-in,-5516397050585117779,24674209967512
accept-in,-4612329910224360351,24674349932843
accept-in,-4612329910224360351,24674349940501
accept-in,-6596750264750054386,24674489955733
accept-in,-6596750264750054386,24674489964054
accept-in,4427444421142502005,24674629997820
accept-in,4427444421142502005,24674630005490
accept-in,5659235636127794824,24674769963894
accept-in,5659235636127794824,24674769972402
accept-in,-5493604837678286417,24674909928196
accept-in,-5493604837678286417,24674909943440
accept-in,-8069096327512911294,24675049935444
accept-in,-8069096327512911294,24675049943464
accept-in,-3868666834533077002,24675190001955
accept-in,-3868666834533077002,24675190010912
accept-in,8190527340371276901,24675329996813
accept-in,8190527340371276901,24675330004731
accept-in,2672467923103126943,24675469958440
accept-in,2672467923103126943,24675469965165
accept-in,-1964203243767172726,24675609953842
accept-in,-1964203243767172726,24675609962462
accept-in,-8989121873008149220,24675749942686
accept-in,-8989121873008149220,24675749950824
accept-in,2849349531536438625,24675889968269
accept-in,2849349531536438625,24675889987095
accept-in,-1667700809039203618,24676030006131
accept-in,-1667700809039203618,24676030028940
accept-in,7677874816557504460,24676169954577
accept-in,7677874816557504460,24676169963435
accept-in,-5460435610076016904,24676309963434
accept-in,-5460435610076016904,24676309978473
accept-in,-5859582512556948449,24676449965677
accept-in,-5859582512556948449,24676449973688
accept-in,-9045141317987908259,24676589989097
accept-in,-9045141317987908259,24676589998026
accept-in,-1912545255393418134,24676729971166
accept-in,-1912545255393418134,24676729979966
accept-in,1977180027187298245,24676869967447
accept-in,1977180027187298245,24676869975015
accept-in,2018496965416180502,24677009948400
accept-in,2018496965416180502,24677009957026
accept-in,-1357919167590788915,24677149992305
accept-in,-1357919167590788915,24677149999782
accept-in,-1838285748538030049,24677289959569
accept-in,-1838285748538030049,24677289967572
accept-in,-4257691892716258818,24677429969785
accept-in,-4257691892716258818,24677429977712
accept-in,-9133800390927227819,24677569932003
accept-in,-9133800390927227819,24677569941137
accept-in,9101380502462176389,24677709938016
accept-in,9101380502462176389,24677709945766
accept-in,1051588137959181386,24677849880312
accept-in,1051588137959181386,24677849888855
accept-in,-1484384079981631976,24677989968985
accept-in,-1484384079981631976,24677989977262
accept-in,7134099949342526448,24678129986394
accept-in,7134099949342526448,24678129994780
accept-in,8526871333156976784,24678269997555
accept-in,8526871333156976784,24678270005208
accept-in,4671829846777137408,24678409975091
accept-in,4671829846777137408,24678409983122
accept-in,-7586539886553782641,24678550088007
accept-in,-7586539886553782641,24678550095613
accept-in,6310142045912288992,24678689992459
accept-in,6310142045912288992,24678690001186
accept-in,-2821212843035898725,24678829978925
accept-in,-2821212843035898725,24678829986275
accept-in,-2902305248376080631,24678970005171
accept-in,-2902305248376080631,24678970013848
accept-in,-177498025600697533,24679110009167
accept-in,-177498025600697533,24679110018151
accept-in,-6203634169052001148,24679249992167
accept-in,-6203634169052001148,24679250000275
accept-in,-5091173392533586797,24679390112856
accept-in,-5091173392533586797,24679390119182
accept-in,8558818575114926844,24679530026176
accept-in,8558818575114926844,24679530034805
accept-in,-7421749029604339632,24679670020942
accept-in,-7421749029604339632,24679670028492
accept-in,-1791389834953563138,24679810037538
accept-in,-1791389834953563138,24679810046603
accept-in,866286979137718561,24679949994535
accept-in,866286979137718561,24679950003575
accept-in,3139909084454841456,24680089992343
accept-in,3139909084454841456,24680090000149
accept-in,4461230640552693249,24680229993732
accept-in,4461230640552693249,24680230002439
accept-in,7356938932180958638,24680370025064
accept-in,7356938932180958638,24680370034687
accept-in,4562584748517296441,24680509990406
accept-in,4562584748517296441,24680509997534
accept-in,1678280648896476794,24680650032579
accept-in,1678280648896476794,24680650040304
accept-in,4586856865051628550,24680790007284
accept-in,4586856865051628550,24680790014541
accept-in,7990311915638599824,24680930103287
accept-in,7990311915638599824,24680930111285
accept-in,5793814017686326114,24681069985783
accept-in,5793814017686326114,24681069994719
accept-in,-2495647600748429726,24681209988724
accept-in,-2495647600748429726,24681209996986
accept-in,-1595890013806747167,24681350053188
accept-in,-1595890013806747167,24681350062027
accept-in,4701015817676636046,24681490033071
accept-in,4701015817676636046,24681490040258
accept-in,5436619061265102267,24681629909362
accept-in,5436619061265102267,24681629917861
accept-in,5376059493866311850,24681769952100
accept-in,5376059493866311850,24681769960478
accept-in,6282694703953299278,24681909998437
accept-in,6282694703953299278,24681910006004
accept-in,2385385214399691513,24682049999408
accept-in,2385385214399691513,24682050012260
accept-in,-6977671547953304553,24682190053235
accept-in,-6977671547953304553,24682190060897
accept-in,-1940362364245204573,24682330002543
accept-in,-1940362364245204573,24682330010898
accept-in,-9043591827976952660,24682469988975
accept-in,-9043591827976952660,24682469997986
accept-in,-6840002537002621747,24682610005264
accept-in,-6840002537002621747,24682610013071
accept-in,-3885544029663707817,24682749982910
accept-in,-3885544029663707817,24682749990608
accept-in,32982915678676062,24682889957309
accept-in,32982915678676062,24682889965620
accept-in,7659392612855230296,24683030014136
accept-in,7659392612855230296,24683030022040
accept-in,-8979525875790648876,24683170016422
accept-in,-8979525875790648876,24683170033989
accept-in,-5422738069342655530,24683309993620
accept-in,-5422738069342655530,24683310001124
accept-in,4254399644396393661,24683450010651
accept-in,4254399644396393661,24683450018933
accept-in,-2327388020098499969,24683590024554
accept-in,-2327388020098499969,24683590032923
accept-in,-856058535064230132,24683730036298
accept-in,-856058535064230132,24683730044859
accept-in,199252690671178604,24683870068271
accept-in,199252690671178604,24683870076360
accept-in,8414328578365586604,24684010020749
accept-in,8414328578365586604,24684010027884
accept-in,-5342136594105078843,24684149959530
accept-in,-5342136594105078843,24684149967644
accept-in,-8599969525010187628,24684289928966
accept-in,-8599969525010187628,24684289936993
accept-in,-3045340641527407971,24684429998232
accept-in,-3045340641527407971,24684430005658
accept-in,7302200893297721850,24684570032351
accept-in,7302200893297721850,24684570040647
accept-in,5404939938026571959,24684710052772
accept-in,5404939938026571959,24684710060470
accept-in,-2770155439969884723,24684849977555
accept-in,-2770155439969884723,24684849986584
accept-in,2563169770434461538,24684989961038
accept-in,2563169770434461538,24684989969336
accept-in,-8191329486885992799,24685129949610
accept-in,-8191329486885992799,24685129958027
accept-in,9032385554688980282,24685269979105
accept-in,9032385554688980282,24685269987513
accept-in,8399536845520473633,24685409945735
accept-in,8399536845520473633,24685409954603
accept-in,-5168383350114610832,24685549979551
accept-in,-5168383350114610832,24685549988020
accept-in,2661594418322381690,24685689956555
accept-in,2661594418322381690,24685689963904
accept-in,6767777295827030457,24685829951095
accept-in,6767777295827030457,24685829958204
accept-in,-7428626279002916865,24685969972966
accept-in,-7428626279002916865,24685969981014
accept-in,1292498762712437180,24686109980801
accept-in,1292498762712437180,24686109989796
accept-in,-687170154005366251,24616250023761
accept-in,-687170154005366251,24616250031661
accept-in,-2440418153356758718,24616389937364
accept-in,-2440418153356758718,24616389945520
accept-in,1664150992071946068,24616529959285
accept-in,1664150992071946068,24616529975159
accept-in,2553059963639486686,24616669937112
accept-in,2553059963639486686,24616669944816
accept-in,3698802828337679569,24616810178258
accept-in,3698802828337679569,24616810183693
accept-in,1306322172159193739,24616949969041
accept-in,1306322172159193739,24616949976711
accept-in,3242213616102665423,24617090633807
accept-in,3242213616102665423,24617090641932
accept-in,-3818516497439070394,24617229981966
accept-in,-3818516497439070394,24617229990345
accept-in,-7413160193966981030,24617369954325
accept-in,-7413160193966981030,24617369963732
accept-in,6194942864168182100,24617509948217
accept-in,6194942864168182100,24617509957121
accept-in,-1494937021871780934,24617649951298
accept-in,-1494937021871780934,24617649960120
accept-in,-3299216729132655764,24617789944173
accept-in,-3299216729132655764,24617789952735
accept-in,6364222837381585472,24617929968322
accept-in,6364222837381585472,24617929976708
accept-in,-8840557995408490581,24618069952727
accept-in,-8840557995408490581,24618069960422
accept-in,-2895689366052333801,24618209968056
accept-in,-2895689366052333801,24618209976959
accept-in,1483355324476041076,24618349927318
accept-in,1483355324476041076,24618349949561
accept-in,-6236927958993554751,24618492195665
accept-in,-6236927958993554751,24618492211853
accept-in,5044664038180890014,24618629917516
accept-in,5044664038180890014,24618629925223
accept-in,-383089641469586345,24618769968743
accept-in,-383089641469586345,24618769977829
accept-in,-2832751273804762300,24618909936482
accept-in,-2832751273804762300,24618909945663
accept-in,934492147545256465,24619049975853
accept-in,934492147545256465,24619049984108
accept-in,-4590241912079838855,24619189958785
accept-in,-4590241912079838855,24619189966863
accept-in,-2295855648105943193,24619329976425
accept-in,-2295855648105943193,24619329984884
accept-in,1426441204693082231,24619469943680
accept-in,1426441204693082231,24619469951384
accept-in,8464763203085537335,24619609973560
accept-in,8464763203085537335,24619609981617
accept-in,-2612649594112386378,24619750089148
accept-in,-2612649594112386378,24619750098043
accept-in,-1289007666569700894,24619889981499
accept-in,-1289007666569700894,24619889990364
accept-in,56944863790966537,24620030042623
accept-in,56944863790966537,24620030050834
accept-in,-4243294168282831848,24620169935532
accept-in,-4243294168282831848,24620169944896
accept-in,-5735590603658188800,24620309966449
accept-in,-5735590603658188800,24620309974851
accept-in,1292296244843106605,24620449949182
accept-in,1292296244843106605,24620449958211
accept-in,-4191506733627517043,24620589918723
accept-in,-4191506733627517043,24620589925635
accept-in,4560802337705564830,24620729929497
accept-in,4560802337705564830,24620729936997
accept-in,-1591994390334658921,24620869950367
accept-in,-1591994390334658921,24620869958215
accept-in,-7892701576203817916,24621009973708
accept-in,-7892701576203817916,24621009982831
accept-in,-4611620927630706651,24621149946899
accept-in,-4611620927630706651,24621149954140
accept-in,1740710245430756736,24621289956899
accept-in,1740710245430756736,24621289965092
accept-in,3766575147653224735,24621429954399
accept-in,3766575147653224735,24621429963766
accept-in,3190932572009370225,24621569967695
accept-in,3190932572009370225,24621569975459
accept-in,2832023151377971470,24621709967616
accept-in,2832023151377971470,24621709975886
accept-in,5424977236451555392,24621850106907
accept-in,5424977236451555392,24621850114907
accept-in,-4772773905582108252,24621989906590
accept-in,-4772773905582108252,24621989912327
accept-in,-3979998045211706838,24622129948180
accept-in,-3979998045211706838,24622129956850
accept-in,-4423938382835730524,24622270005779
accept-in,-4423938382835730524,24622270014844
accept-in,-7958786443668048683,24622409945479
accept-in,-7958786443668048683,24622409954112
accept-in,-6133254617128730769,24622549990476
accept-in,-6133254617128730769,24622549999197
accept-in,-554590724412123851,24622689951978
accept-in,-554590724412123851,24622689961361
accept-in,6728477212150752949,24622829944239
accept-in,6728477212150752949,24622829952679
accept-in,-5155862256072298097,24622969978985
accept-in,-5155862256072298097,24622969986997
accept-in,3375706248777121518,24623109980947
accept-in,3375706248777121518,24623109988745
accept-in,-5857579532493927166,24623249976746
accept-in,-5857579532493927166,24623249987146
accept-in,-929134788196623331,24623389962342
accept-in,-929134788196623331,24623389971420
accept-in,-4970239395256071542,24623529956511
accept-in,-4970239395256071542,24623529964331
accept-in,5545745886416637758,24623669955850
accept-in,5545745886416637758,24623669963699
accept-in,4077085573789345427,24623809984420
accept-in,4077085573789345427,24623809993164
accept-in,6916719497449083144,24623949953784
accept-in,6916719497449083144,24623949961803
accept-in,4103593565821816793,24624090009492
accept-in,4103593565821816793,24624090016382
accept-in,-5104791395077324312,24624230013336
accept-in,-5104791395077324312,24624230022159
accept-in,2521688025364730349,24624369957143
accept-in,2521688025364730349,24624369965603
accept-in,4613956334309798966,24624509964208
accept-in,4613956334309798966,24624509972094
accept-in,598788600003599536,24624649947957
accept-in,598788600003599536,24624649954884
accept-in,5957860946925455834,24624790087276
accept-in,5957860946925455834,24624790095235
accept-in,-5150939029985587421,24624929942509
accept-in,-5150939029985587421,24624929951071
accept-in,8449745612809641297,24625069964353
accept-in,8449745612809641297,24625069979649
accept-in,8141324108084279875,24625209972631
accept-in,8141324108084279875,24625209981147
accept-in,4390903820028596242,24625349950494
accept-in,4390903820028596242,24625349957727
accept-in,-407836328495691739,24625489984871
accept-in,-407836328495691739,24625489993159
accept-in,9018185481499396441,24625629986975
accept-in,9018185481499396441,24625629995578
accept-in,-5621074746528441173,24625770001019
accept-in,-5621074746528441173,24625770008818
accept-in,8980934520458849098,24625909978800
accept-in,8980934520458849098,24625909987630
accept-in,5668765813343338595,24626050182707
accept-in,5668765813343338595,24626050191600
accept-in,-6737882517198779710,24626189961191
accept-in,-6737882517198779710,24626189970731
accept-in,-5011317538323786472,24626329954473
accept-in,-5011317538323786472,24626329962158
accept-in,1707266041091091761,24626469953933
accept-in,1707266041091091761,24626469962252
accept-in,-4744830581621902936,24626609938130
accept-in,-4744830581621902936,24626609946570
accept-in,7598696469208832519,24626749937481
accept-in,7598696469208832519,24626749945350
accept-in,2875232102499256737,24626890034355
accept-in,2875232102499256737,24626890042570
accept-in,1121603742432530348,24627029995626
accept-in,1121603742432530348,24627030004445
accept-in,-5565349137106012894,24627169982699
accept-in,-5565349137106012894,24627169990993
accept-in,-7537224745872078074,24627309926446
accept-in,-7537224745872078074,24627309934352
accept-in,-6252527982119183910,24627449981144
accept-in,-6252527982119183910,24627449989016
accept-in,-1098750730345192995,24627589948017
accept-in,-1098750730345192995,24627589956574
accept-in,-726295009924993800,24627729930993
accept-in,-726295009924993800,24627729942542
accept-in,2749086214776797360,24627870029968
accept-in,2749086214776797360,24627870038875
accept-in,9059577558120144265,24628009954822
accept-in,9059577558120144265,24628009973069
accept-in,-5618384974896132475,24628149938778
accept-in,-5618384974896132475,24628149948241
accept-in,5425092170672404392,24628289967196
accept-in,5425092170672404392,24628289975499
accept-in,-3121333503480445354,24628429947360
accept-in,-3121333503480445354,24628429956464
accept-in,-8178928360058905725,24628569948082
accept-in,-8178928360058905725,24628569956263
accept-in,4751023499153634268,24628709968397
accept-in,4751023499153634268,24628709976983
accept-in,-1520868342162059242,24628849962169
accept-in,-1520868342162059242,24628849971173
accept-in,-7354861462768220694,24628989953321
accept-in,-7354861462768220694,24628989960736
accept-in,1344800579191814599,24629129958777
accept-in,1344800579191814599,24629129967630
accept-in,-8157114782676365470,24629270000614
accept-in,-8157114782676365470,24629270009060
accept-in,-3921889187277360937,24629409956448
accept-in,-3921889187277360937,24629409964799
accept-in,6873047126473434656,24629549958608
accept-in,6873047126473434656,24629549966583
accept-in,-6984238910641039853,24629689985378
accept-in,-6984238910641039853,24629689993806
accept-in,167207304816131410,24629830000635
accept-in,167207304816131410,24629830009649
accept-in,788282712734029453,24629969930517
accept-in,788282712734029453,24629969940234
accept-in,6727572339730880283,24630110019351
accept-in,6727572339730880283,24630110027764
accept-in,-4344639576260325222,24630249920301
accept-in,-4344639576260325222,24630249927479
accept-in,-8438696226434329347,24630389950460
accept-in,-8438696226434329347,24630389960128
accept-in,-6111804020781231455,24630529928992
accept-in,-6111804020781231455,24630529936497
accept-in,3886780643648618107,24630669979362
accept-in,3886780643648618107,24630669988189
accept-in,-2410912306488349911,24630811641227
accept-in,-2410912306488349911,24630811646247
accept-in,1191006943555313216,24630949933439
accept-in,1191006943555313216,24630949941646
accept-in,-7717448836323586117,24631089896550
accept-in,-7717448836323586117,24631089905094
accept-in,-6797360872053109535,24631230852215
accept-in,-6797360872053109535,24631230860483
accept-in,3444001775046129549,24631369958204
accept-in,3444001775046129549,24631369965758
accept-in,-6670876746402104015,24631509975441
accept-in,-6670876746402104015,24631509984011
accept-in,665897317743337097,24631650062290
accept-in,665897317743337097,24631650070504
accept-in,1480496627713490374,24631789972172
accept-in,1480496627713490374,24631789980348
accept-in,3305131454263637784,24631929982635
accept-in,3305131454263637784,24631929989221
accept-in,6662928899576991499,24632069999330
accept-in,6662928899576991499,24632070009006
accept-in,3818995848051513314,24632209985087
accept-in,3818995848051513314,24632209993436
accept-in,4904770078338397084,24632349984351
accept-in,4904770078338397084,24632349991540
accept-in,5848157772945353313,24632490038148
accept-in,5848157772945353313,24632490045679
accept-in,3293210910826159918,24632629980130
accept-in,3293210910826159918,24632629988424
accept-in,-3825437873330243246,24632770014979
accept-in,-3825437873330243246,24632770023537
accept-in,-1610336653339916800,24632910063135
accept-in,-1610336653339916800,24632910068769
accept-in,1869379211138375163,24633050036335
accept-in,1869379211138375163,24633050045333
accept-in,-4170265158653673983,24633189986781
accept-in,-4170265158653673983,24633189995324
accept-in,1936681136003354841,24633329964336
accept-in,1936681136003354841,24633329973741
accept-in,-1595191640764992676,24633470130374
accept-in,-1595191640764992676,24633470137024
accept-in,-6698427507455401436,24633610024436
accept-in,-6698427507455401436,24633610032643
accept-in,7388149750774983693,24633749959448
accept-in,7388149750774983693,24633749969807
accept-in,7314762862336242826,24633889964249
accept-in,7314762862336242826,24633889973441
accept-in,2671974357491375372,24634029947024
accept-in,2671974357491375372,24634029955627
accept-in,3353568067215207789,24634169963103
accept-in,3353568067215207789,24634169970925
accept-in,-7306537578127533090,24634309943677
accept-in,-7306537578127533090,24634309951236
accept-in,-2675065811527564934,24634449954975
accept-in,-2675065811527564934,24634449961612
accept-in,8079747326436457464,24634589993063
accept-in,8079747326436457464,24634589999927
accept-in,-4078626894049499315,24634729997203
accept-in,-4078626894049499315,24634730004524
accept-in,-6149748597962204684,24634869989552
accept-in,-6149748597962204684,24634869997674
accept-in,-7934290169324317391,24635010005708
accept-in,-7934290169324317391,24635010014057
accept-in,-6651511573962013406,24635149979082
accept-in,-6651511573962013406,24635149987320
accept-in,1858552633756867189,24635289974558
accept-in,1858552633756867189,24635289983054
accept-in,-6660185384000008204,24635429974618
accept-in,-6660185384000008204,24635429983501
accept-in,-1525662161725902580,24635570071613
accept-in,-1525662161725902580,24635570079309
accept-in,5963309179046387951,24635710003132
accept-in,5963309179046387951,24635710011081
accept-in,3522346473393378427,24635849933852
accept-in,3522346473393378427,24635849941577
accept-in,-4448395772768721572,24635990003940
accept-in,-4448395772768721572,24635990012308
accept-in,6097471286726734862,24636129928294
accept-in,6097471286726734862,24636129936112
accept-in,8600379181742012358,24636269986539
accept-in,8600379181742012358,24636269995650
accept-in,8020877418800473735,24636409955911
accept-in,8020877418800473735,24636409964462
accept-in,2803854611069776166,24636550001225
accept-in,2803854611069776166,24636550009627
accept-in,6848165248752682464,24636689946702
accept-in,6848165248752682464,24636689955116
accept-in,-2545458395378238238,24636829976605
accept-in,-2545458395378238238,24636829985046
accept-in,-6875592546554798113,24636969961210
accept-in,-6875592546554798113,24636969969194
accept-in,-8943840666204502663,24637110028561
accept-in,-8943840666204502663,24637110041713
accept-in,234704649999810308,24637249975614
accept-in,234704649999810308,24637249984065
accept-in,-2573181772132299317,24637390065039
accept-in,-2573181772132299317,24637390073162
accept-in,-5286075223462434241,24637529979326
accept-in,-5286075223462434241,24637529996038
accept-in,5827589960980871663,24637670020552
accept-in,5827589960980871663,24637670029609
accept-in,7264609868362623839,24637810027863
accept-in,7264609868362623839,24637810037518
accept-in,831737768006482025,24637949976784
accept-in,831737768006482025,24637949983694
accept-in,-239140480346228114,24638090014207
accept-in,-239140480346228114,24638090031967
accept-in,7464630823671642311,24638229961613
accept-in,7464630823671642311,24638229968733
accept-in,-4833464460493101974,24638369991808
accept-in,-4833464460493101974,24638369999151
accept-in,-7479201181920260818,24638510011601
accept-in,-7479201181920260818,24638510019516
accept-in,3518513549510083653,24638650051978
accept-in,3518513549510083653,24638650060991
accept-in,8397345945620147630,24638790015051
accept-in,8397345945620147630,24638790023497
accept-in,-375600447615811425,24638929980481
accept-in,-375600447615811425,24638929988916
accept-in,-8109766865847071696,24639070074170
accept-in,-8109766865847071696,24639070083150
accept-in,-3342134622146340138,24639210016143
accept-in,-3342134622146340138,24639210024722
accept-in,-502079328902046547,24639350009373
accept-in,-502079328902046547,24639350016831
accept-in,-765653932370353747,24639490026302
accept-in,-765653932370353747,24639490035049
accept-in,837258441176966787,24639630012869
accept-in,837258441176966787,24639630021460
accept-in,5889533860380011893,24639769955179
accept-in,5889533860380011893,24639769963396
accept-in,-7112880342060581055,24639910074308
accept-in,-7112880342060581055,24639910081904
accept-in,5018403502521525741,24640050046102
accept-in,5018403502521525741,24640050055560
accept-in,-2378317380811325783,24640190067406
accept-in,-2378317380811325783,24640190077391
accept-in,8101302739525145074,24640329991181
accept-in,8101302739525145074,24640329999098
accept-in,-560096949798460348,24640469997070
accept-in,-560096949798460348,24640470005231
accept-in,1668294519243488849,24640609956411
accept-in,1668294519243488849,24640609966866
accept-in,6160534334615593202,24640749968236
accept-in,6160534334615593202,24640749976764
accept-in,1740179347547204623,24640890036731
accept-in,1740179347547204623,24640890045743
accept-in,-3562696710536244387,24641029976699
accept-in,-3562696710536244387,24641029985500
accept-in,-7873108849937943772,24641170068377
accept-in,-7873108849937943772,24641170075909
accept-in,7097438093236550611,24641309979575
accept-in,7097438093236550611,24641309987798
accept-in,6897569630972183766,24641449984936
accept-in,6897569630972183766,24641449993707
accept-in,1931801483861964769,24641590002312
accept-in,1931801483861964769,24641590017496
accept-in,-668008270746890218,24641729994104
accept-in,-668008270746890218,24641730002421
accept-in,9150025961911677951,24641870057305
accept-in,9150025961911677951,24641870063526
accept-in,8532263321253088998,24642010045001
accept-in,8532263321253088998,24642010052955
accept-in,5377920658061228135,24642149974441
accept-in,5377920658061228135,24642149983312
accept-in,-3303008481574580398,24642289963683
accept-in,-3303008481574580398,24642289972107
accept-in,-2933559613219125320,24642429946403
accept-in,-2933559613219125320,24642429954889
accept-in,-3210030357767056019,24642569939989
accept-in,-3210030357767056019,24642569955738
accept-in,-4490477560430516552,24642709988915
accept-in,-4490477560430516552,24642709997052
accept-in,2635371241673175888,24642849962976
accept-in,2635371241673175888,24642849971865
accept-in,-6953506426326508050,24642989952073
accept-in,-6953506426326508050,24642989957827
accept-in,5632871583364814745,24643129952262
accept-in,5632871583364814745,24643129968616
accept-in,5382746736464595256,24643269947093
accept-in,5382746736464595256,24643269955154
accept-in,-3243149927848399037,24643409952024
accept-in,-3243149927848399037,24643409966515
accept-in,-7958055554386394598,24643549978910
accept-in,-7958055554386394598,24643549986955
accept-in,-4145893136494382171,24643689961113
accept-in,-4145893136494382171,24643689969067
accept-in,6875979914493023776,24643829930603
accept-in,6875979914493023776,24643829939089
accept-in,243718601701854944,24643970004904
accept-in,243718601701854944,24643970012460
accept-in,-5991256931214488001,24644110038194
accept-in,-5991256931214488001,24644110046640
accept-in,-6353533295125556309,24644249989037
accept-in,-6353533295125556309,24644249997355
accept-in,71155016518108733,24644390053429
accept-in,71155016518108733,24644390062247
accept-in,-5997464021650204988,24644529968247
accept-in,-5997464021650204988,24644529975607
accept-in,1334920891847176917,24644669991760
accept-in,1334920891847176917,24644670000176
accept-in,-7570202335534428284,24644810003557
accept-in,-7570202335534428284,24644810016880
accept-in,-9082257067354075156,24644949945496
accept-in,-9082257067354075156,24644949958431
accept-in,6895654298517405326,24645089988866
accept-in,6895654298517405326,24645090004800
accept-in,-3002933254832850930,24645229974878
accept-in,-3002933254832850930,24645229985115
accept-in,-3804573925177969494,24645370049841
accept-in,-3804573925177969494,24645370059791
accept-in,4412507302460985138,24645509983791
accept-in,4412507302460985138,24645509992312
accept-in,-8308571529674867601,24645649978913
accept-in,-8308571529674867601,24645649986846
accept-in,1205812360557187441,24645789960949
accept-in,1205812360557187441,24645789969238
accept-in,6835620449807116215,24645929979415
accept-in,6835620449807116215,24645929987204
accept-in,-3114654030444038904,24646070070887
accept-in,-3114654030444038904,24646070079319
accept-in,8106111157491199161,24646209950547
accept-in,8106111157491199161,24646209958712
accept-in,-1171712794518099851,24646349949823
accept-in,-1171712794518099851,24646349956777
accept-in,-3602065838986433168,24646489945044
accept-in,-3602065838986433168,24646489953074
accept-in,-8464376021987385430,24646629952681
accept-in,-8464376021987385430,24646629961600
accept-in,-2402495590757461205,24646769971784
accept-in,-2402495590757461205,24646769980926
accept-in,7894238505844692501,24646909982437
accept-in,7894238505844692501,24646909990760
accept-in,4024677691269737434,24647049997210
accept-in,4024677691269737434,24647050005084
accept-in,-2772684961165567043,24647189971691
accept-in,-2772684961165567043,24647189984958
accept-in,-7150522324218571996,24647329950383
accept-in,-7150522324218571996,24647329957750
accept-in,-3345442393348615221,24647469964384
accept-in,-3345442393348615221,24647469972938
accept-in,3309588256722841099,24647609974426
accept-in,3309588256722841099,24647609990113
accept-in,-1542737246656935017,24647749971605
accept-in,-1542737246656935017,24647749980332
accept-in,-5284507530088840597,24647889989665
accept-in,-5284507530088840597,24647889997165
accept-in,-2345533542241371969,24648030043326
accept-in,-2345533542241371969,24648030051707
accept-in,8813343888106841896,24648169992915
accept-in,8813343888106841896,24648170001908
accept-in,-1509589769410622927,24648310035955
accept-in,-1509589769410622927,24648310044394
accept-in,7373977543624937680,24648450008025
accept-in,7373977543624937680,24648450016844
accept-in,-1659158541922301257,24648590009467
accept-in,-1659158541922301257,24648590017640
accept-in,-5984824938153001586,24648729991303
accept-in,-5984824938153001586,24648730000502
accept-in,-6231263367390338256,24648869999985
accept-in,-6231263367390338256,24648870008500
accept-in,-4058590871173809751,24649009959349
accept-in,-4058590871173809751,24649009966120
accept-in,-4660815111445714401,24649149966383
accept-in,-4660815111445714401,24649149973993
accept-in,2494692210573671948,24649289989665
accept-in,2494692210573671948,24649289997596
accept-in,8810699018378925531,24649430011284
accept-in,8810699018378925531,24649430019366
accept-in,1898751640455005593,24649569985063
accept-in,1898751640455005593,24649569992332
accept-in,-4132264126670627688,24649710045325
accept-in,-4132264126670627688,24649710053502
accept-in,31948154874546011,24649850022990
accept-in,31948154874546011,24649850031358
accept-in,-1497280935183428137,24649990041988
accept-in,-1497280935183428137,24649990049838
accept-in,-5108898068736639655,24650130005079
accept-in,-5108898068736639655,24650130013033
accept-in,2570271924611348574,24650270058748
accept-in,2570271924611348574,24650270066428
accept-in,3222479476318806047,24650409933184
accept-in,3222479476318806047,24650409941604
accept-in,8365874572271015913,24650549964463
accept-in,8365874572271015913,24650549973207
accept-in,-7840627777526253202,24650690006691
accept-in,-7840627777526253202,24650690014603
accept-in,281280135246106716,24650829977732
accept-in,281280135246106716,24650829985541
accept-in,-4411028736151296413,24650969975615
accept-in,-4411028736151296413,24650969981770
accept-in,-2655107230026349811,24651109959148
accept-in,-2655107230026349811,24651109968320
accept-in,-2997812266758223565,24651249972196
accept-in,-2997812266758223565,24651249980281
accept-in,2919818777050412181,24651389963091
accept-in,2919818777050412181,24651389970328
accept-in,5639735748704784744,24651530138029
accept-in,5639735748704784744,24651530146418
accept-in,5202951079541470451,24651670133381
accept-in,5202951079541470451,24651670143407
accept-in,49951557446447832,24651809955203
accept-in,49951557446447832,24651809963594
accept-in,-1390720186784944531,24651949992661
accept-in,-1390720186784944531,24651950004728
accept-in,4187509577316088698,24652089998927
accept-in,4187509577316088698,24652090007054
accept-in,-8743140181484306085,24652230055332
accept-in,-8743140181484306085,24652230062640
accept-in,-236517772198508629,24652370003417
accept-in,-236517772198508629,24652370011489
accept-in,555660119028177495,24652509978553
accept-in,555660119028177495,24652509986688
accept-in,-6595767754161115715,24652650027352
accept-in,-6595767754161115715,24652650035536
accept-in,6063580035488978644,24652790035905
accept-in,6063580035488978644,24652790044106
accept-in,4612229671841165097,24652929996585
accept-in,4612229671841165097,24652930004948
accept-in,3602239418201615479,24653069941114
accept-in,3602239418201615479,24653069948682
accept-in,-7211843487133857453,24653209994527
accept-in,-7211843487133857453,24653210015595
accept-in,-5582155509033199028,24653349938882
accept-in,-5582155509033199028,24653349947763
accept-in,8726622445111930189,24653489930259
accept-in,8726622445111930189,24653489938249
accept-in,-7676552211179978296,24653629999837
accept-in,-7676552211179978296,24653630007855
accept-in,-2201207834272539779,24653769954500
accept-in,-2201207834272539779,24653769962145
accept-in,6600138282865921925,24653909982850
accept-in,6600138282865921925,24653909991618
accept-in,1310850599012918931,24654049931756
accept-in,1310850599012918931,24654049939364
accept-in,6381657263110747632,24654190024495
accept-in,6381657263110747632,24654190032686
accept-in,-7750973647229836280,24654329972269
accept-in,-7750973647229836280,24654329980296
accept-in,49848878431782132,24654469981302
accept-in,49848878431782132,24654469989002
accept-in,7047616588239738101,24654609957064
accept-in,7047616588239738101,24654609965553
accept-in,7030881677448149946,24654749958525
accept-in,7030881677448149946,24654749966650
accept-in,5668504231734833173,24654889919835
accept-in,5668504231734833173,24654889926709
accept-in,-2997853847913594000,24655029964046
accept-in,-2997853847913594000,24655029972228
accept-in,-73285504915831564,24655170018422
accept-in,-73285504915831564,24655170027183
accept-in,-4866312470689363863,24655309948014
accept-in,-4866312470689363863,24655309955754
accept-in,5210480141756326909,24655450088207
accept-in,5210480141756326909,24655450097197
accept-in,-1445621039578152218,24655589976586
accept-in,-1445621039578152218,24655589984848
accept-in,2033629663074570756,24655729982832
accept-in,2033629663074570756,24655729990946
accept-in,468145589637755472,24655869985232
accept-in,468145589637755472,24655869993160
accept-in,429879023362619798,24656009954919
accept-in,429879023362619798,24656009964217
accept-in,6994964423431032479,24656149984448
accept-in,6994964423431032479,24656149992263
accept-in,3138129043317557928,24656289941100
accept-in,3138129043317557928,24656289948997
accept-in,429021988476720912,24656429913829
accept-in,429021988476720912,24656429922586
accept-in,4129833462426065309,24656569973317
accept-in,4129833462426065309,24656569980498
accept-in,7342290172434814862,24656709947573
accept-in,7342290172434814862,24656709955686
accept-in,-7812031719318133140,24656849911439
accept-in,-7812031719318133140,24656849918850
accept-in,-1153425461955835870,24656989963780
accept-in,-1153425461955835870,24656989971731
accept-in,-6967679414450732046,24657129958609
accept-in,-6967679414450732046,24657129966354
accept-in,-4486291775209129200,24657269961712
accept-in,-4486291775209129200,24657269967541
accept-in,8352024901481140307,24657409994149
accept-in,8352024901481140307,24657410001866
accept-in,6955863905245082375,24657552047197
accept-in,6955863905245082375,24657552052810
accept-in,4134572472796914048,24657689960067
accept-in,4134572472796914048,24657689967518
accept-in,9222157482590320946,24657829974917
accept-in,9222157482590320946,24657829987394
accept-in,521500061930283784,24657969956263
accept-in,521500061930283784,24657969963087
accept-in,2832450429166103336,24658109948249
accept-in,2832450429166103336,24658109956661
accept-in,-8017782645956554281,24658249958443
accept-in,-8017782645956554281,24658249966813
accept-in,-144053155178488100,24658389986164
accept-in,-144053155178488100,24658389994299
accept-in,-3949202566560346339,24658529988231
accept-in,-3949202566560346339,24658529996373
accept-in,-4097218055049023894,24658669964882
accept-in,-4097218055049023894,24658669973532
accept-in,1775251375377272761,24658810067462
accept-in,1775251375377272761,24658810077040
accept-in,-275609213496113561,24658949967434
accept-in,-275609213496113561,24658949975766
accept-in,2622170684594182343,24659089940493
accept-in,2622170684594182343,24659089948615
accept-in,-6626690352765964327,24659229962260
accept-in,-6626690352765964327,24659229970610
accept-in,4401584872060292471,24659370025894
accept-in,4401584872060292471,24659370033414
accept-in,2363599094898281882,24659509952534
accept-in,2363599094898281882,24659509960225
accept-in,9064456210376397855,24659649963274
accept-in,9064456210376397855,24659649971518
accept-in,766860461918788938,24659789954750
accept-in,766860461918788938,24659789962100
accept-in,-5907487684940895422,24659929944287
accept-in,-5907487684940895422,24659929952440
accept-in,308243110194811911,24660069967945
accept-in,308243110194811911,24660069976442
accept-in,5798862133289720931,24660209940049
accept-in,5798862133289720931,24660209947617
accept-in,4152092372560610166,24660349989156
accept-in,4152092372560610166,24660349996342
accept-in,6420004711333284341,24660489996358
accept-in,6420004711333284341,24660490004451
accept-in,-1976097784543165377,24660629960897
accept-in,-1976097784543165377,24660629969072
accept-in,-8555715954837833295,24660769921424
accept-in,-8555715954837833295,24660769929373
accept-in,-4272242369643058896,24660909974488
accept-in,-4272242369643058896,24660909983344
accept-in,8502547494808884979,24661049961317
accept-in,8502547494808884979,24661049969325
accept-in,4737308033213489122,24661190050156
accept-in,4737308033213489122,24661190058030
accept-in,-4295392080517524816,24661329938158
accept-in,-4295392080517524816,24661329946136
accept-in,-1904225810849978933,24661469948135
accept-in,-1904225810849978933,24661469955585
accept-in,2204503670903087642,24661609937719
accept-in,2204503670903087642,24661609946232
accept-in,4415180132053652936,24661749963338
accept-in,4415180132053652936,24661749971951
accept-in,5476647268923440334,24661889979416
accept-in,5476647268923440334,24661889986711
accept-in,1161725359945250051,24662029945927
accept-in,1161725359945250051,24662029953771
accept-in,-6615193443810129847,24662169968241
accept-in,-6615193443810129847,24662169976558
accept-in,-1952734084982131157,24662309961570
accept-in,-1952734084982131157,24662309969449
accept-in,1891578226699510841,24662449932751
accept-in,1891578226699510841,24662449941914
accept-in,-2903162920569931138,24662589949520
accept-in,-2903162920569931138,24662589958005
accept-in,-9166117697059397412,24662729965459
accept-in,-9166117697059397412,24662729973759
accept-in,6619991975701482095,24662869925977
accept-in,6619991975701482095,24662869932938
accept-in,-7063548809568586475,24663010042497
accept-in,-7063548809568586475,24663010050402
accept-in,6130572984215160711,24663149999393
accept-in,6130572984215160711,24663150007598
accept-in,1203610620511431085,24663289997814
accept-in,1203610620511431085,24663290005917
accept-in,-2789122285260982338,24663429996039
accept-in,-2789122285260982338,24663430004362
accept-in,-7959641591736221898,24663569941740
accept-in,-7959641591736221898,24663569950133
accept-in,-8503123328139098014,24663709924533
accept-in,-8503123328139098014,24663709932801
accept-in,-6831569856564134237,24663849946867
accept-in,-6831569856564134237,24663849954972
accept-in,-1841571513216918361,24663989988682
accept-in,-1841571513216918361,24663989997137
accept-in,-8489621459742959975,24664129951867
accept-in,-8489621459742959975,24664129959586
accept-in,-726397135101301614,24664269964544
accept-in,-726397135101301614,24664269973048
accept-in,1179863729237310478,24664409963386
accept-in,1179863729237310478,24664409971400
accept-in,87800022871793988,24664549958183
accept-in,87800022871793988,24664549965214
accept-in,-4711296204335326955,24664689944909
accept-in,-4711296204335326955,24664689954261
accept-in,-3054211580666255730,24664829973579
accept-in,-3054211580666255730,24664829981903
accept-in,8200535369331974152,24664969969891
accept-in,8200535369331974152,24664969978056
accept-in,-3378596053885650562,24665109990892
accept-in,-3378596053885650562,24665109999082
accept-in,3745633575140553305,24665249943722
accept-in,3745633575140553305,24665249951518
accept-in,-7402117352460107999,24665389948770
accept-in,-7402117352460107999,24665389956645
accept-in,265107141304510230,24665530011709
accept-in,265107141304510230,24665530019842
accept-in,-6565137188732662547,24665669971215
accept-in,-6565137188732662547,24665669979050
accept-in,-8555579726455339672,24665809944916
accept-in,-8555579726455339672,24665809953936
accept-in,-2693521335039387158,24665949942968
accept-in,-2693521335039387158,24665949950391
