accept-in,7849846444975011576,13479220019788703
accept-in,7849846444975011576,13479220019792693
accept-in,-2154917829326499412,13479220070622225
accept-in,-2154917829326499412,13479220070630418
accept-in,5987279759651577576,13479220101008013
accept-in,5987279759651577576,13479220101012555
accept-in,8341556822814649641,13479220107188678
accept-in,8341556822814649641,13479220107193124
accept-in,1302598165974801746,13479220112462585
accept-in,1302598165974801746,13479220112466749
accept-in,-978165830586333212,13479220114452154
accept-in,-978165830586333212,13479220114456637
accept-in,1736709227514237085,13479220142851621
accept-in,1736709227514237085,13479220142858250
accept-in,5363733492354243619,13479220146130170
accept-in,5363733492354243619,13479220146134143
accept-in,-3390408703006666926,13479220147041323
accept-in,-3390408703006666926,13479220147045304
accept-in,-8425443485840692388,13479220147248734
accept-in,-8425443485840692388,13479220147252692
accept-in,5809677910433310052,13479220152084525
accept-in,5809677910433310052,13479220152089525
accept-in,3309312563769483791,13479220153207253
accept-in,3309312563769483791,13479220153211249
accept-in,-4411020327343620267,13479220154635295
accept-in,-4411020327343620267,13479220154639222
accept-in,-8158771156390651804,13479220169487394
accept-in,-8158771156390651804,13479220169493748
accept-in,3095527424037979970,13479220173132149
accept-in,3095527424037979970,13479220173136194
accept-in,-548686334556151347,13479220175091204
accept-in,-548686334556151347,13479220175095075
accept-in,-1203575213575930281,13479220205386217
accept-in,-1203575213575930281,13479220205392074
accept-in,-1865258180326710162,13479220214078748
accept-in,-1865258180326710162,13479220214083436
accept-in,-8114184795460093267,13479220245457758
accept-in,-8114184795460093267,13479220245463639
accept-in,6948830688848438784,13479220246001654
accept-in,6948830688848438784,13479220246006220
accept-in,5177289821348727879,13479220257195353
accept-in,5177289821348727879,13479220257200498
accept-in,8064475380342607623,13479220259118602
accept-in,8064475380342607623,13479220259122597
accept-in,-8107921089072960249,13479220262697437
accept-in,-8107921089072960249,13479220262704526
accept-in,-5342526341142196913,13479220294811622
accept-in,-5342526341142196913,13479220294817547
accept-in,-7140188565853223101,13479220295989411
accept-in,-7140188565853223101,13479220295992519
accept-in,385678946050935319,13479220297842154
accept-in,385678946050935319,13479220297845464
accept-in,1151579599909180409,13479220306072446
accept-in,1151579599909180409,13479220306076277
accept-in,-8035165783475716237,13479220306441287
accept-in,-8035165783475716237,13479220306445120
accept-in,-6908447819736449998,13479220315152461
accept-in,-6908447819736449998,13479220315156156
accept-in,-5745920775661787834,13479220328942108
accept-in,-5745920775661787834,13479220328946375
accept-in,8989608106626889588,13479220330197007
accept-in,8989608106626889588,13479220330200910
accept-in,-3292043205029287161,13479220341846547
accept-in,-3292043205029287161,13479220341850497
accept-in,5267819144872753769,13479220358514964
accept-in,5267819144872753769,13479220358519474
accept-in,287079687483222727,13479220365475655
accept-in,287079687483222727,13479220365480675
accept-in,8308501607112306337,13479220387285286
accept-in,8308501607112306337,13479220387291421
accept-in,6501131535786928554,13479220399858865
accept-in,6501131535786928554,13479220399867077
accept-in,-5702222270911516435,13479220408877867
accept-in,-5702222270911516435,13479220408882146
accept-in,-965493542000422037,13479220447130781
accept-in,-965493542000422037,13479220447138156
accept-in,-3281546361459721737,13479220458992316
accept-in,-3281546361459721737,13479220458998564
accept-in,8433258386251599698,13479220471847560
accept-in,8433258386251599698,13479220471854252
accept-in,5496615385919071108,13479220476664282
accept-in,5496615385919071108,13479220476668255
accept-in,-6148673873905791602,13479220495748208
accept-in,-6148673873905791602,13479220495753248
accept-in,-7528367497103452971,13479220510979706
accept-in,-7528367497103452971,13479220510987426
accept-in,-5901228025964940998,13479220522459597
accept-in,-5901228025964940998,13479220522465508
accept-in,1886225594162404498,13479220523515755
accept-in,1886225594162404498,13479220523519749
accept-in,-1112280669644556715,13479220530651386
accept-in,-1112280669644556715,13479220530655653
accept-in,-591109844509670943,13479220542011456
accept-in,-591109844509670943,13479220542018765
accept-in,3726672661445897137,13479220544544422
accept-in,3726672661445897137,13479220544548510
accept-in,6415141495879837267,13479220555404431
accept-in,6415141495879837267,13479220555409150
accept-in,-715894184146911319,13479220564669093
accept-in,-715894184146911319,13479220564673583
accept-in,8390307756851554127,13479220567873607
accept-in,8390307756851554127,13479220567877752
accept-in,-9104848186932480401,13479220572883590
accept-in,-9104848186932480401,13479220572888029
accept-in,8088183693475547164,13479220584369904
accept-in,8088183693475547164,13479220584374750
accept-in,-230774974627305387,13479220596084838
accept-in,-230774974627305387,13479220596090564
accept-in,-783546256396655772,13479220600824524
accept-in,-783546256396655772,13479220600829470
accept-in,4812068898645187230,13479220630771322
accept-in,4812068898645187230,13479220630778836
accept-in,3980446843016378679,13479220631855740
accept-in,3980446843016378679,13479220631860093
accept-in,-150224912382344769,13479220636353453
accept-in,-150224912382344769,13479220636358792
accept-in,-181006299048306858,13479220639190985
accept-in,-181006299048306858,13479220639195288
accept-in,9122557941296174947,13479220652230798
accept-in,9122557941296174947,13479220652237512
accept-in,-4599457080221309583,13479220671258484
accept-in,-4599457080221309583,13479220671266017
accept-in,-4393306215221863715,13479220691523703
accept-in,-4393306215221863715,13479220691531894
accept-in,-1365726870886667826,13479220743024500
accept-in,-1365726870886667826,13479220743033143
accept-in,6205819614277186598,13479220767542174
accept-in,6205819614277186598,13479220767549829
accept-in,3692384793499219365,13479220769270292
accept-in,3692384793499219365,13479220769273990
accept-in,-1912171179530714720,13479220779491512
accept-in,-1912171179530714720,13479220779496532
accept-in,-6568633505999970270,13479220784562708
accept-in,-6568633505999970270,13479220784571667
accept-in,-2723830969600141464,13479220789816573
accept-in,-2723830969600141464,13479220789820663
accept-in,-4600293825554588677,13479220806843963
accept-in,-4600293825554588677,13479220806848090
accept-in,-1095427584068758399,13479220818017862
accept-in,-1095427584068758399,13479220818021902
accept-in,5488900712090213652,13479220826440097
accept-in,5488900712090213652,13479220826444095
accept-in,-906239905899996211,13479220834477608
accept-in,-906239905899996211,13479220834481907
accept-in,-1792695356147883993,13479220843199951
accept-in,-1792695356147883993,13479220843205304
accept-in,8373429207885566651,13479220886902279
accept-in,8373429207885566651,13479220886907545
accept-in,-9202806347069465634,13479220893442195
accept-in,-9202806347069465634,13479220893446819
accept-in,-1725893229141837972,13479220899205310
accept-in,-1725893229141837972,13479220899210706
accept-in,9132931408945444127,13479220899343890
accept-in,9132931408945444127,13479220899348434
accept-in,5659414092266169619,13479220937904645
accept-in,5659414092266169619,13479220937911231
accept-in,-6584156284604248390,13479220939620209
accept-in,-6584156284604248390,13479220939625497
accept-in,-754010500612282883,13479220944691315
accept-in,-754010500612282883,13479220944695261
accept-in,-4720023646841614486,13479220959226791
accept-in,-4720023646841614486,13479220959231305
accept-in,3307575881470885085,13479220977206202
accept-in,3307575881470885085,13479220977210140
accept-in,-6203863567320538995,13479220980056255
accept-in,-6203863567320538995,13479220980059817
accept-in,5048549013863069359,13479220983969341
accept-in,5048549013863069359,13479220983973319
accept-in,3487712295051394650,13479220992291938
accept-in,3487712295051394650,13479220992296072
accept-in,7827412050097425291,13479221000883957
accept-in,7827412050097425291,13479221000887906
accept-in,7053443226066251102,13479221004583833
accept-in,7053443226066251102,13479221004586778
accept-in,-1510944380437408098,13479221011553946
accept-in,-1510944380437408098,13479221011557052
accept-in,-193406518792293379,13479221013137840
accept-in,-193406518792293379,13479221013140924
accept-in,-397379526353799100,13479221022507160
accept-in,-397379526353799100,13479221022511329
accept-in,9075048017180743891,13479221030386967
accept-in,9075048017180743891,13479221030390796
accept-in,5939107422132906617,13479221043948449
accept-in,5939107422132906617,13479221043953413
accept-in,7447859501517633196,13479221043954880
accept-in,7447859501517633196,13479221043955732
accept-in,-2967411953072324318,13479221049849219
accept-in,-2967411953072324318,13479221049853090
accept-in,-6857104832389600835,13479221051437725
accept-in,-6857104832389600835,13479221051441820
accept-in,6935785228494716860,13479221084067174
accept-in,6935785228494716860,13479221084073546
accept-in,513290174618380298,13479221088809534
accept-in,513290174618380298,13479221088813360
accept-in,4248304923822838351,13479221110440282
accept-in,4248304923822838351,13479221110445627
accept-in,6779766236846283033,13479221116871222
accept-in,6779766236846283033,13479221116875330
accept-in,-1764889692754618874,13479221141013377
accept-in,-1764889692754618874,13479221141018227
accept-in,-5253287153640492527,13479221171785644
accept-in,-5253287153640492527,13479221171790468
accept-in,-1545453207213271741,13479221174663138
accept-in,-1545453207213271741,13479221174667116
accept-in,8207766764198804650,13479221238506976
accept-in,8207766764198804650,13479221238513359
accept-in,-2447238880766962755,13479221242824622
accept-in,-2447238880766962755,13479221242827925
accept-in,1909760527657519584,13479221271907483
accept-in,1909760527657519584,13479221271913834
accept-in,-6256021624700306384,13479221282432822
accept-in,-6256021624700306384,13479221282438270
accept-in,-4818380526899736796,13479221289465378
accept-in,-4818380526899736796,13479221289470739
accept-in,-5934286732859601811,13479221305274901
accept-in,-5934286732859601811,13479221305280201
accept-in,7005261409421234462,13479221311716082
accept-in,7005261409421234462,13479221311721295
accept-in,-4836911134504010757,13479221322034417
accept-in,-4836911134504010757,13479221322039878
accept-in,3087133002053471960,13479221344070534
accept-in,3087133002053471960,13479221344075865
accept-in,5159247631522748757,13479221370458616
accept-in,5159247631522748757,13479221370466178
accept-in,4982474943000502636,13479221372085525
accept-in,4982474943000502636,13479221372088936
accept-in,7711702530143937674,13479221386786058
accept-in,7711702530143937674,13479221386791056
accept-in,1254346009372521720,13479221387341640
accept-in,1254346009372521720,13479221387344952
accept-in,-8194538110105383216,13479221409457005
accept-in,-8194538110105383216,13479221409463768
accept-in,-8465172741881482768,13479221413502020
accept-in,-8465172741881482768,13479221413504947
accept-in,-7403584985991533439,13479221415470008
accept-in,-7403584985991533439,13479221415474535
accept-in,-9084978871229524653,13479221418734459
accept-in,-9084978871229524653,13479221418738374
accept-in,-5411173679202467284,13479221446813341
accept-in,-5411173679202467284,13479221446820705
accept-in,6867730141579923000,13479221457362712
accept-in,6867730141579923000,13479221457367366
accept-in,-410265384238683841,13479221462503414
accept-in,-410265384238683841,13479221462507795
accept-in,7636200565323692981,13479221481334481
accept-in,7636200565323692981,13479221481340555
accept-in,-3947170786995120717,13479221486250269
accept-in,-3947170786995120717,13479221486254239
accept-in,-1713702130225928913,13479221492859878
accept-in,-1713702130225928913,13479221492865690
accept-in,-1789906292038130017,13479221532831429
accept-in,-1789906292038130017,13479221532837673
accept-in,2294799074923017549,13479221540653313
accept-in,2294799074923017549,13479221540657634
accept-in,3889986851067558638,13479221545431772
accept-in,3889986851067558638,13479221545435644
accept-in,332089725242031067,13479221549651992
accept-in,332089725242031067,13479221549656020
accept-in,4058603618384210195,13479221578254138
accept-in,4058603618384210195,13479221578259066
accept-in,-1713349003261958298,13479221579446217
accept-in,-1713349003261958298,13479221579450340
accept-in,-7309782000215647318,13479221591497434
accept-in,-7309782000215647318,13479221591501957
accept-in,-3763295022181888018,13479221597629297
accept-in,-3763295022181888018,13479221597637778
accept-in,9117605707677717246,13479221620318865
accept-in,9117605707677717246,13479221620324140
accept-in,7020418814494430134,13479221628516267
accept-in,7020418814494430134,13479221628521397
accept-in,-9018471256467332730,13479221652597978
accept-in,-9018471256467332730,13479221652602320
accept-in,6792502127661266044,13479221673709490
accept-in,6792502127661266044,13479221673714468
accept-in,-3605219982612429397,13479221686441837
accept-in,-3605219982612429397,13479221686447378
accept-in,-8689698205142609962,13479221691027548
accept-in,-8689698205142609962,13479221691032027
accept-in,1280925072416859605,13479221709046702
accept-in,1280925072416859605,13479221709052055
accept-in,-2079729152987626154,13479221713459710
accept-in,-2079729152987626154,13479221713464557
accept-in,5668870225051836736,13479221715047698
accept-in,5668870225051836736,13479221715052104
accept-in,-6605422793103210458,13479221740272136
accept-in,-6605422793103210458,13479221740276522
accept-in,4279902422548813869,13479221740873325
accept-in,4279902422548813869,13479221740877290
accept-in,-4646754070232076969,13479221744529364
accept-in,-4646754070232076969,13479221744533360
accept-in,-4718582307733807257,13479221749855329
accept-in,-4718582307733807257,13479221749859393
accept-in,2453320860170492133,13479221754945432
accept-in,2453320860170492133,13479221754949302
accept-in,-1981824797191109583,13479221755575130
accept-in,-1981824797191109583,13479221755579041
accept-in,-1072304121754506810,13479221770583593
accept-in,-1072304121754506810,13479221770587901
accept-in,4057471650030531865,13479221806098004
accept-in,4057471650030531865,13479221806102660
accept-in,-2668824603408922949,13479221839989813
accept-in,-2668824603408922949,13479221839994224
accept-in,2667468767743809225,13479221848363542
accept-in,2667468767743809225,13479221848367576
accept-in,-1072977504883469352,13479221854971551
accept-in,-1072977504883469352,13479221854975936
accept-in,-4049508999711023171,13479221855532682
accept-in,-4049508999711023171,13479221855536627
accept-in,-6095814157056624566,13479221870196962
accept-in,-6095814157056624566,13479221870200892
accept-in,1298188431227371611,13479221885528804
accept-in,1298188431227371611,13479221885532906
accept-in,-8849912172928695320,13479221902989541
accept-in,-8849912172928695320,13479221902994692
accept-in,-9065413566257969620,13479221905051357
accept-in,-9065413566257969620,13479221905055297
accept-in,-5483449519750643148,13479221912549728
accept-in,-5483449519750643148,13479221912553671
accept-in,2362540498704451896,13479221928749377
accept-in,2362540498704451896,13479221928753341
accept-in,-6401855174930320488,13479221934500799
accept-in,-6401855174930320488,13479221934504841
accept-in,707024111711313576,13479221935752437
accept-in,707024111711313576,13479221935756194
accept-in,-8191293905618948162,13479221951601367
accept-in,-8191293905618948162,13479221951606951
accept-in,-8994158410957561180,13479221963171353
accept-in,-8994158410957561180,13479221963181629
accept-in,5970989903401047,13479221963306250
accept-in,5970989903401047,13479221963310523
accept-in,5842082666377177611,13479221979613253
accept-in,5842082666377177611,13479221979618166
accept-in,1358493950415669702,13479222033677028
accept-in,1358493950415669702,13479222033681634
accept-in,3431324957923403194,13479222040494232
accept-in,3431324957923403194,13479222040498069
accept-in,-3114406600094173831,13479222053912051
accept-in,-3114406600094173831,13479222053915930
accept-in,7627096139575189646,13479222075570167
accept-in,7627096139575189646,13479222075574468
accept-in,7047913524338972745,13479222095817910
accept-in,7047913524338972745,13479222095823311
accept-in,-466627424601090811,13479222101616112
accept-in,-466627424601090811,13479222101621533
accept-in,-887929930548450966,13479222116655024
accept-in,-887929930548450966,13479222116660363
accept-in,-7512807099998895713,13479222139676749
accept-in,-7512807099998895713,13479222139682147
accept-in,-629703608191710533,13479222145343056
accept-in,-629703608191710533,13479222145348357
accept-in,-3185686118814085026,13479222145881657
accept-in,-3185686118814085026,13479222145886950
accept-in,5330685784427430061,13479222151571844
accept-in,5330685784427430061,13479222151577170
accept-in,2967566566523697187,13479222154384790
accept-in,2967566566523697187,13479222154389105
accept-in,1840429592629540773,13479222165388323
accept-in,1840429592629540773,13479222165393599
accept-in,4267355293687637271,13479222175548647
accept-in,4267355293687637271,13479222175553925
accept-in,-5346943031743565042,13479222189996033
accept-in,-5346943031743565042,13479222189999933
accept-in,-1553718239473289496,13479222190684620
accept-in,-1553718239473289496,13479222190688460
accept-in,-2701687527653947813,13479222195405691
accept-in,-2701687527653947813,13479222195409643
accept-in,6861025453997100725,13479222202825361
accept-in,6861025453997100725,13479222202829543
accept-in,-461834731531904958,13479222206082994
accept-in,-461834731531904958,13479222206086970
accept-in,-8861114280557956729,13479222212647877
accept-in,-8861114280557956729,13479222212652127
accept-in,101343925307981561,13479222220501921
accept-in,101343925307981561,13479222220505906
accept-in,-7346918568723597501,13479222232885940
accept-in,-7346918568723597501,13479222232890059
accept-in,266343906051378071,13479222236405884
accept-in,266343906051378071,13479222236409852
accept-in,5558739673691118364,13479222260943627
accept-in,5558739673691118364,13479222260947917
accept-in,1797775019395441430,13479222278479101
accept-in,1797775019395441430,13479222278483202
accept-in,-4285585968280374163,13479222293399301
accept-in,-4285585968280374163,13479222293403364
accept-in,-5563411206440237808,13479222297271257
accept-in,-5563411206440237808,13479222297275181
accept-in,-5590113994912342647,13479222317141842
accept-in,-5590113994912342647,13479222317147281
accept-in,6377839280933980467,13479222318862782
accept-in,6377839280933980467,13479222318865661
accept-in,2602740536952884404,13479222343213918
accept-in,2602740536952884404,13479222343219505
accept-in,-7556334557530506986,13479222350899061
accept-in,-7556334557530506986,13479222350902940
accept-in,-7406370976562567326,13479222351571496
accept-in,-7406370976562567326,13479222351574720
accept-in,1476396613962341273,13479222365148807
accept-in,1476396613962341273,13479222365152882
accept-in,462082734081122238,13479222370805419
accept-in,462082734081122238,13479222370809312
accept-in,1500830813728905693,13479222395967741
accept-in,1500830813728905693,13479222395971894
accept-in,8489969993886361213,13479222396529953
accept-in,8489969993886361213,13479222396533884
accept-in,-8748724452560023398,13479222397818263
accept-in,-8748724452560023398,13479222397821204
accept-in,1905118998376636430,13479222413804723
accept-in,1905118998376636430,13479222413811896
accept-in,6600094092628301492,13479222418008138
accept-in,6600094092628301492,13479222418012122
accept-in,3737139099622910919,13479222444167402
accept-in,3737139099622910919,13479222444173044
accept-in,-4222419357134829139,13479222451244045
accept-in,-4222419357134829139,13479222451247838
accept-in,-7750366203497202595,13479222462282860
accept-in,-7750366203497202595,13479222462286818
accept-in,4178481428878156723,13479222483774273
accept-in,4178481428878156723,13479222483778806
accept-in,-4018045705116015451,13479222489587234
accept-in,-4018045705116015451,13479222489591857
accept-in,-4497022498571212655,13479222492508353
accept-in,-4497022498571212655,13479222492511472
accept-in,-4326906991359294145,13479222502684285
accept-in,-4326906991359294145,13479222502688325
accept-in,4405460762925317649,13479222516603263
accept-in,4405460762925317649,13479222516608842
accept-in,7683685146118092540,13479222526627268
accept-in,7683685146118092540,13479222526632867
accept-in,-6560182396262991421,13479222538298810
accept-in,-6560182396262991421,13479222538304189
accept-in,701461076765908924,13479222538539348
accept-in,701461076765908924,13479222538545849
accept-in,-8915247257322710552,13479222541626655
accept-in,-8915247257322710552,13479222541632036
accept-in,-4279564042885718323,13479222544039918
accept-in,-4279564042885718323,13479222544045282
accept-in,5393508897143133131,13479222556152808
accept-in,5393508897143133131,13479222556158101
accept-in,2955634193133418920,13479222568197031
accept-in,2955634193133418920,13479222568202585
accept-in,-8354165988215079875,13479222579991061
accept-in,-8354165988215079875,13479222579995871
accept-in,-1621174012624861922,13479222596217829
accept-in,-1621174012624861922,13479222596223177
accept-in,-3940557565885072659,13479222618196880
accept-in,-3940557565885072659,13479222618203459
accept-in,-1942853548231821154,13479222629787515
accept-in,-1942853548231821154,13479222629792198
accept-in,7045684564624280011,13479222655326624
accept-in,7045684564624280011,13479222655330849
accept-in,1501726852928127931,13479222666441708
accept-in,1501726852928127931,13479222666445659
accept-in,-1272869426286679444,13479222701876246
accept-in,-1272869426286679444,13479222701882176
accept-in,-8725904620581172926,13479222708322244
accept-in,-8725904620581172926,13479222708325998
accept-in,-4568726661758942140,13479222711207746
accept-in,-4568726661758942140,13479222711213012
accept-in,-5251002350421034019,13479222741032482
accept-in,-5251002350421034019,13479222741038637
accept-in,-4963526341769088315,13479222746070101
accept-in,-4963526341769088315,13479222746073927
accept-in,3224392549906964212,13479222773830494
accept-in,3224392549906964212,13479222773837084
accept-in,-2862071139579827470,13479222775961079
accept-in,-2862071139579827470,13479222775965026
accept-in,-2797484947945443959,13479222802747856
accept-in,-2797484947945443959,13479222802753349
accept-in,-3736780859998612484,13479222818895970
accept-in,-3736780859998612484,13479222818902208
accept-in,4736025699507771894,13479222820390643
accept-in,4736025699507771894,13479222820394787
accept-in,-4671674769830252765,13479222829244955
accept-in,-4671674769830252765,13479222829249592
accept-in,-5515316507875695150,13479222847681192
accept-in,-5515316507875695150,13479222847687733
accept-in,4434205707530301333,13479222848559564
accept-in,4434205707530301333,13479222848563531
accept-in,9071869742503301045,13479222863280678
accept-in,9071869742503301045,13479222863288520
accept-in,8377834911719515322,13479222878518940
accept-in,8377834911719515322,13479222878524503
accept-in,-3302970198122269903,13479222882000026
accept-in,-3302970198122269903,13479222882005019
accept-in,-3462544097425435441,13479222883713223
accept-in,-3462544097425435441,13479222883716850
accept-in,8160564640287693477,13479222898067023
accept-in,8160564640287693477,13479222898072232
accept-in,4307262036203932958,13479222907423443
accept-in,4307262036203932958,13479222907428018
accept-in,7323574082713379814,13479222931748254
accept-in,7323574082713379814,13479222931756525
accept-in,-7316267358093191443,13479222942746903
accept-in,-7316267358093191443,13479222942751392
accept-in,-6027020680241894011,13479222959330649
accept-in,-6027020680241894011,13479222959336569
accept-in,-1852939989169286119,13479222960728435
accept-in,-1852939989169286119,13479222960732231
accept-in,4877713108723265604,13479222971739389
accept-in,4877713108723265604,13479222971744035
accept-in,1209854456479393866,13479223003842111
accept-in,1209854456479393866,13479223003848715
accept-in,3528185766111959141,13479223008917064
accept-in,3528185766111959141,13479223008920961
accept-in,1982368736981376564,13479223016172765
accept-in,1982368736981376564,13479223016178247
accept-in,-7165804726313331814,13479223032853894
accept-in,-7165804726313331814,13479223032859426
accept-in,-7086649084369683807,13479223038139893
accept-in,-7086649084369683807,13479223038145061
accept-in,9035432414566536063,13479223038947184
accept-in,9035432414566536063,13479223038952111
accept-in,-8547694917533562578,13479223053622996
accept-in,-8547694917533562578,13479223053628284
accept-in,-2608628015028693032,13479223054662641
accept-in,-2608628015028693032,13479223054667521
accept-in,-1148336082545932560,13479223060020571
accept-in,-1148336082545932560,13479223060024553
accept-in,4849038072371608261,13479223071245150
accept-in,4849038072371608261,13479223071249668
accept-in,-5265517595917264040,13479223072984222
accept-in,-5265517595917264040,13479223072988467
accept-in,-4510428931598148247,13479223078723036
accept-in,-4510428931598148247,13479223078728487
accept-in,-2458346847845165644,13479223090310373
accept-in,-2458346847845165644,13479223090315764
accept-in,-2437056065628979352,13479223092539879
accept-in,-2437056065628979352,13479223092545310
accept-in,5281182652823261944,13479223095419772
accept-in,5281182652823261944,13479223095425088
accept-in,-7087558164627404644,13479223095874247
accept-in,-7087558164627404644,13479223095879741
accept-in,7541194162919111026,13479223108028432
accept-in,7541194162919111026,13479223108033404
accept-in,7391739853630854619,13479223118651960
accept-in,7391739853630854619,13479223118657569
accept-in,-4741064418889831686,13479223133804461
accept-in,-4741064418889831686,13479223133809719
accept-in,960152713315269854,13479223135953220
accept-in,960152713315269854,13479223135958097
accept-in,6561756656180940050,13479223136874343
accept-in,6561756656180940050,13479223136877739
accept-in,5054311678286534805,13479223139024820
accept-in,5054311678286534805,13479223139029808
accept-in,1499498573959472136,13479223160984545
accept-in,1499498573959472136,13479223160989826
accept-in,8741828254510075765,13479223191182420
accept-in,8741828254510075765,13479223191187623
accept-in,-8327318554431915355,13479223206237109
accept-in,-8327318554431915355,13479223206243698
accept-in,6859353631957901994,13479223208985374
accept-in,6859353631957901994,13479223208990703
accept-in,4348548770828100874,13479223219133273
accept-in,4348548770828100874,13479223219138506
accept-in,328276934892498870,13479223222524870
accept-in,328276934892498870,13479223222529775
accept-in,4462813658330610493,13479223222963639
accept-in,4462813658330610493,13479223222966866
accept-in,-8435062689311827176,13479223239589414
accept-in,-8435062689311827176,13479223239594589
accept-in,3187407253276275567,13479223243140098
accept-in,3187407253276275567,13479223243146028
accept-in,1180301334131437418,13479223254343920
accept-in,1180301334131437418,13479223254348308
accept-in,-3954596273287998417,13479223259387842
accept-in,-3954596273287998417,13479223259393366
accept-in,-3233834667188078349,13479223261088617
accept-in,-3233834667188078349,13479223261094001
accept-in,3793840068173442341,13479223264308109
accept-in,3793840068173442341,13479223264312540
accept-in,-8305799024339013514,13479223266524793
accept-in,-8305799024339013514,13479223266530126
accept-in,2826417910810488859,13479223268490468
accept-in,2826417910810488859,13479223268493627
accept-in,-5514586090208273929,13479223269381209
accept-in,-5514586090208273929,13479223269385080
accept-in,-3362413570890528123,13479223274761490
accept-in,-3362413570890528123,13479223274765563
accept-in,4149650103866605827,13479223276121397
accept-in,4149650103866605827,13479223276124866
accept-in,1853351456636868725,13479223281829360
accept-in,1853351456636868725,13479223281833449
accept-in,7069764758021843560,13479223286848677
accept-in,7069764758021843560,13479223286872035
accept-in,-3955132262134006559,13479223298218443
accept-in,-3955132262134006559,13479223298242771
accept-in,-4122428918081616123,13479223318471932
accept-in,-4122428918081616123,13479223318475515
accept-in,3338708068346865439,13479223326476136
accept-in,3338708068346865439,13479223326479991
accept-in,132963405307711804,13479223336036664
accept-in,132963405307711804,13479223336040779
accept-in,4619663799560869534,13479223344120689
accept-in,4619663799560869534,13479223344124255
accept-in,-9108944716659345612,13479223356198449
accept-in,-9108944716659345612,13479223356203730
accept-in,-6912756177793170168,13479223363220804
accept-in,-6912756177793170168,13479223363224187
accept-in,7375664329719481838,13479223379162929
accept-in,7375664329719481838,13479223379167779
accept-in,5503096935368108787,13479223398044140
accept-in,5503096935368108787,13479223398049084
accept-in,3118093357721420651,13479223454392726
accept-in,3118093357721420651,13479223454399944
accept-in,5781799007136324750,13479223475738579
accept-in,5781799007136324750,13479223475745572
accept-in,6543234385246609083,13479223494152512
accept-in,6543234385246609083,13479223494159469
accept-in,7322800137997857484,13479223508500633
accept-in,7322800137997857484,13479223508505572
accept-in,8916683703601217773,13479223513729526
accept-in,8916683703601217773,13479223513733334
accept-in,4277678006181984087,13479223514737477
accept-in,4277678006181984087,13479223514741140
accept-in,344024880282303907,13479223531454806
accept-in,344024880282303907,13479223531460973
accept-in,-5980494739596382938,13479223553331044
accept-in,-5980494739596382938,13479223553340014
accept-in,-1903266425703878670,13479223562106566
accept-in,-1903266425703878670,13479223562111109
accept-in,2839242471916927810,13479223565905384
accept-in,2839242471916927810,13479223565909825
accept-in,4478063401274726617,13479223567006274
accept-in,4478063401274726617,13479223567010489
accept-in,7330456774961899788,13479223570723374
accept-in,7330456774961899788,13479223570727881
accept-in,2691602276268890905,13479223573518801
accept-in,2691602276268890905,13479223573527763
accept-in,9089970266394951908,13479223589231639
accept-in,9089970266394951908,13479223589236055
accept-in,2354238693775401563,13479223607123436
accept-in,2354238693775401563,13479223607128183
accept-in,-2958945230165817357,13479223608242611
accept-in,-2958945230165817357,13479223608247187
accept-in,5032329479581487969,13479223620463398
accept-in,5032329479581487969,13479223620467784
accept-in,-6197971567995590539,13479223621441414
accept-in,-6197971567995590539,13479223621445616
accept-in,-3321412285437372456,13479223624437156
accept-in,-3321412285437372456,13479223624441394
accept-in,4224466556443208404,13479223627384314
accept-in,4224466556443208404,13479223627389203
accept-in,5612881860705360806,13479223640709777
accept-in,5612881860705360806,13479223640714421
accept-in,-6354000941984135905,13479223648881151
accept-in,-6354000941984135905,13479223648885788
accept-in,-1697728627887000243,13479223666071596
accept-in,-1697728627887000243,13479223666076942
accept-in,-1324848606790774593,13479223676340745
accept-in,-1324848606790774593,13479223676345935
accept-in,-3248526461419011021,13479223676712342
accept-in,-3248526461419011021,13479223676717382
accept-in,8675578816529510694,13479223684499032
accept-in,8675578816529510694,13479223684503452
accept-in,-1017172449888945170,13479223691033541
accept-in,-1017172449888945170,13479223691038921
accept-in,8319502238989963039,13479223696549005
accept-in,8319502238989963039,13479223696552445
accept-in,-1419054387915133588,13479223705517071
accept-in,-1419054387915133588,13479223705520212
accept-in,2163509278345522038,13479223722109008
accept-in,2163509278345522038,13479223722113365
accept-in,3623820704040315414,13479223734299593
accept-in,3623820704040315414,13479223734305077
accept-in,-3303802134903754341,13479223744091693
accept-in,-3303802134903754341,13479223744096054
accept-in,-4224633550931453621,13479223752713156
accept-in,-4224633550931453621,13479223752716462
accept-in,-7415726498694029363,13479223753017857
accept-in,-7415726498694029363,13479223753020903
accept-in,435074446406596962,13479223754858950
accept-in,435074446406596962,13479223754862019
accept-in,7082731625447382193,13479223756286676
accept-in,7082731625447382193,13479223756289580
accept-in,3613635965320615068,13479223765449899
accept-in,3613635965320615068,13479223765453010
accept-in,6206715508976745631,13479223789139716
accept-in,6206715508976745631,13479223789145307
accept-in,-4324851836075651362,13479223789722722
accept-in,-4324851836075651362,13479223789726389
accept-in,7313053932299794642,13479223801790699
accept-in,7313053932299794642,13479223801794681
accept-in,-6450429617208480739,13479223818154973
accept-in,-6450429617208480739,13479223818159795
accept-in,-4154512490065643418,13479223830443574
accept-in,-4154512490065643418,13479223830447718
accept-in,2402570583712171541,13479223831512383
accept-in,2402570583712171541,13479223831515184
accept-in,7071202522330733710,13479223839406834
accept-in,7071202522330733710,13479223839412398
accept-in,-4347478665469884741,13479223847516974
accept-in,-4347478665469884741,13479223847520633
accept-in,-4334096246350385171,13479223852296477
accept-in,-4334096246350385171,13479223852301766
accept-in,-1493597839831012359,13479223852741421
accept-in,-1493597839831012359,13479223852746156
accept-in,-8865385735576285528,13479223863199628
accept-in,-8865385735576285528,13479223863203946
accept-in,-2856534499957860100,13479223897573839
accept-in,-2856534499957860100,13479223897581261
accept-in,-4148650173520350867,13479223904516834
accept-in,-4148650173520350867,13479223904520679
accept-in,1824803475958367005,13479223912514960
accept-in,1824803475958367005,13479223912518826
accept-in,666682818025839405,13479223919748144
accept-in,666682818025839405,13479223919751620
accept-in,-1892158744864954984,13479223934363961
accept-in,-1892158744864954984,13479223934367337
accept-in,-1288085243042544350,13479223950997068
accept-in,-1288085243042544350,13479223951001528
accept-in,-4178577372507841431,13479223954867510
accept-in,-4178577372507841431,13479223954871169
accept-in,7069530140551947027,13479223959384411
accept-in,7069530140551947027,13479223959387563
accept-in,-4814722166466629695,13479223963058965
accept-in,-4814722166466629695,13479223963062178
accept-in,5955953925271701137,13479223968289853
accept-in,5955953925271701137,13479223968292850
accept-in,7362981595410293221,13479223980442132
accept-in,7362981595410293221,13479223980445691
accept-in,8891424703295854357,13479223984295970
accept-in,8891424703295854357,13479223984299365
accept-in,8518811093271460648,13479223987550036
accept-in,8518811093271460648,13479223987552561
accept-in,7945057854728134049,13479223992989421
accept-in,7945057854728134049,13479223992992936
accept-in,-8276672434705151012,13479224018527321
accept-in,-8276672434705151012,13479224018532505
accept-in,6642741514867602615,13479224022287022
accept-in,6642741514867602615,13479224022290200
accept-in,1650124953532274553,13479224030454593
accept-in,1650124953532274553,13479224030457864
accept-in,-8918899283692161601,13479224031324639
accept-in,-8918899283692161601,13479224031327773
accept-in,-6133694210574197799,13479224041844135
accept-in,-6133694210574197799,13479224041848104
accept-in,-8917853367005444578,13479224049972811
accept-in,-8917853367005444578,13479224049975829
accept-in,1698405052630565342,13479224091967998
accept-in,1698405052630565342,13479224091978856
accept-in,-2874415474913577865,13479224099188153
accept-in,-2874415474913577865,13479224099191632
accept-in,1306078163246378867,13479224126083098
accept-in,1306078163246378867,13479224126087761
accept-in,8909730248717364691,13479224132747690
accept-in,8909730248717364691,13479224132750935
accept-in,1667465027720989964,13479224155089078
accept-in,1667465027720989964,13479224155093360
accept-in,-3870442065671123665,13479224161570102
accept-in,-3870442065671123665,13479224161574033
accept-in,-8992370893025927836,13479224201781797
accept-in,-8992370893025927836,13479224201789935
accept-in,1033596960096627896,13479224204012131
accept-in,1033596960096627896,13479224204015882
accept-in,4616266616225422132,13479224207736105
accept-in,4616266616225422132,13479224207739253
accept-in,-6735185859563706603,13479224218427887
accept-in,-6735185859563706603,13479224218431204
accept-in,-4433637241088351125,13479224221703800
accept-in,-4433637241088351125,13479224221707517
accept-in,2292194102059796951,13479224223274751
accept-in,2292194102059796951,13479224223277765
accept-in,-4206398378886419023,13479224225622851
accept-in,-4206398378886419023,13479224225626031
accept-in,-1891332309816999134,13479224240802601
accept-in,-1891332309816999134,13479224240806024
accept-in,-3950246908223018130,13479224248654793
accept-in,-3950246908223018130,13479224248658100
accept-in,-5913122262015992496,13479224256476247
accept-in,-5913122262015992496,13479224256480823
accept-in,3741548192440094189,13479224287889147
accept-in,3741548192440094189,13479224287895981
accept-in,-6798888094027137497,13479224315741661
accept-in,-6798888094027137497,13479224315748202
accept-in,890861558257720076,13479224324403566
accept-in,890861558257720076,13479224324407079
accept-in,6515318640219011689,13479224325270295
accept-in,6515318640219011689,13479224325290603
accept-in,8887282148352679768,13479224327909212
accept-in,8887282148352679768,13479224327919027
accept-in,-2248314021939450554,13479224365143827
accept-in,-2248314021939450554,13479224365149769
accept-in,6983383509255945656,13479224390819776
accept-in,6983383509255945656,13479224390823348
accept-in,-4526351566250426665,13479224396691187
accept-in,-4526351566250426665,13479224396710458
accept-in,8877277474811924622,13479224398526765
accept-in,8877277474811924622,13479224398529815
accept-in,-3649192205504255082,13479224415503380
accept-in,-3649192205504255082,13479224415507928
accept-in,4723727988092418117,13479224420885056
accept-in,4723727988092418117,13479224420888779
accept-in,4566609344589544350,13479224423909882
accept-in,4566609344589544350,13479224423914521
accept-in,-4331789047860577599,13479224426347358
accept-in,-4331789047860577599,13479224426350900
accept-in,3811082134145664311,13479224446930814
accept-in,3811082134145664311,13479224446935491
accept-in,-3960653759232742686,13479224465814265
accept-in,-3960653759232742686,13479224465819039
accept-in,3256826416698287715,13479224469159252
accept-in,3256826416698287715,13479224469164047
accept-in,-4309059808943129271,13479224471574250
accept-in,-4309059808943129271,13479224471578927
accept-in,-2465545688954689118,13479224478295699
accept-in,-2465545688954689118,13479224478300479
accept-in,3427173381340758287,13479224485138285
accept-in,3427173381340758287,13479224485141832
accept-in,-1139709436919040621,13479224499589281
accept-in,-1139709436919040621,13479224499593968
accept-in,1484993947975079842,13479224521890823
accept-in,1484993947975079842,13479224521896119
accept-in,8981260317872131152,13479224526080087
accept-in,8981260317872131152,13479224526084804
accept-in,2383875470398206326,13479224531954771
accept-in,2383875470398206326,13479224531959337
accept-in,3536220686340665648,13479224538345011
accept-in,3536220686340665648,13479224538349708
accept-in,-3103935781645919963,13479224540031150
accept-in,-3103935781645919963,13479224540035947
accept-in,-2544970279416100950,13479224548984438
accept-in,-2544970279416100950,13479224548989140
accept-in,-1445840987111697853,13479224561949370
accept-in,-1445840987111697853,13479224561954044
accept-in,-3362695044655266912,13479224576202808
accept-in,-3362695044655266912,13479224576207570
accept-in,546089534959111186,13479224577559221
accept-in,546089534959111186,13479224577563135
accept-in,6347060710834172613,13479224578627879
accept-in,6347060710834172613,13479224578631136
accept-in,-5099826087095491088,13479224616181851
accept-in,-5099826087095491088,13479224616186658
accept-in,1056318569372290130,13479224619547687
accept-in,1056318569372290130,13479224619552394
accept-in,8661776609129016642,13479224623458485
accept-in,8661776609129016642,13479224623463161
accept-in,5672077392597296010,13479224645091334
accept-in,5672077392597296010,13479224645096080
accept-in,-6427150961256126572,13479224645829767
accept-in,-6427150961256126572,13479224645833884
accept-in,-2801512335713997935,13479224657769863
accept-in,-2801512335713997935,13479224657774558
accept-in,2264366787557157252,13479224659914280
accept-in,2264366787557157252,13479224659917846
accept-in,1981674540716974783,13479224664044758
accept-in,1981674540716974783,13479224664048475
accept-in,-5963947705913706713,13479224681543306
accept-in,-5963947705913706713,13479224681548221
accept-in,2964332667003435651,13479224689948208
accept-in,2964332667003435651,13479224689952599
accept-in,4783290075144904888,13479224699647251
accept-in,4783290075144904888,13479224699651874
accept-in,2986207988886183620,13479224700266875
accept-in,2986207988886183620,13479224700270315
accept-in,3699290616722104839,13479224713231508
accept-in,3699290616722104839,13479224713235048
accept-in,-5164537884949079095,13479224734279957
accept-in,-5164537884949079095,13479224734285318
accept-in,-6964225558627179450,13479224769124853
accept-in,-6964225558627179450,13479224769129642
accept-in,6302868923784315605,13479224798337960
accept-in,6302868923784315605,13479224798342958
accept-in,-2504387947721739836,13479224803602083
accept-in,-2504387947721739836,13479224803606760
accept-in,-6077252970724852025,13479224808881719
accept-in,-6077252970724852025,13479224808886478
accept-in,-9179382052757141893,13479224809062579
accept-in,-9179382052757141893,13479224809066780
accept-in,2844204176823776092,13479224825238143
accept-in,2844204176823776092,13479224825241862
accept-in,7300190894265833480,13479224825451165
accept-in,7300190894265833480,13479224825455892
accept-in,-2871474620684830072,13479224832284408
accept-in,-2871474620684830072,13479224832289160
accept-in,-3433740682287219891,13479224835995494
accept-in,-3433740682287219891,13479224836012131
accept-in,-4369899238078045422,13479224839387152
accept-in,-4369899238078045422,13479224839391901
accept-in,3254572907015291228,13479224847066187
accept-in,3254572907015291228,13479224847070204
accept-in,-6203603830417810694,13479224880458080
accept-in,-6203603830417810694,13479224880463047
accept-in,-7859107889046610133,13479224887615870
accept-in,-7859107889046610133,13479224887620564
accept-in,3480836873338084511,13479224887696772
accept-in,3480836873338084511,13479224887702819
accept-in,-8983944046784110759,13479224924708874
accept-in,-8983944046784110759,13479224924713035
accept-in,2067345728621987187,13479224927681210
accept-in,2067345728621987187,13479224927684715
accept-in,-5098430361190778282,13479224928918876
accept-in,-5098430361190778282,13479224928922372
accept-in,-7599379632343862770,13479224935888992
accept-in,-7599379632343862770,13479224935892244
accept-in,-4634919317135595098,13479224943043954
accept-in,-4634919317135595098,13479224943047727
accept-in,3100118127546706448,13479224944192136
accept-in,3100118127546706448,13479224944194984
accept-in,-6631088338379033385,13479224954809583
accept-in,-6631088338379033385,13479224954813024
accept-in,-943281637845391921,13479224961668336
accept-in,-943281637845391921,13479224961673216
accept-in,7657866490469205227,13479224973286353
accept-in,7657866490469205227,13479224973290040
accept-in,-7508224642657411974,13479224982398014
accept-in,-7508224642657411974,13479224982401487
accept-in,5069751475844427481,13479224988724364
accept-in,5069751475844427481,13479224988727864
accept-in,4887223251871771569,13479224989834285
accept-in,4887223251871771569,13479224989837430
accept-in,3915605257178298730,13479225001365851
accept-in,3915605257178298730,13479225001369947
accept-in,-1066400902756401091,13479225002695369
accept-in,-1066400902756401091,13479225002698885
accept-in,4734370332059161974,13479225007445993
accept-in,4734370332059161974,13479225007449692
accept-in,-6954925383730136760,13479225018312439
accept-in,-6954925383730136760,13479225018316063
accept-in,6347821612383993402,13479225025813106
accept-in,6347821612383993402,13479225025817142
accept-in,8919347389038116593,13479225058187861
accept-in,8919347389038116593,13479225058194611
accept-in,-8662202051416015018,13479225061964201
accept-in,-8662202051416015018,13479225061969008
accept-in,-7294330205190185799,13479225064315410
accept-in,-7294330205190185799,13479225064319560
accept-in,-6422858134916000917,13479225070680163
accept-in,-6422858134916000917,13479225070684533
accept-in,-2027315737956829907,13479225073671043
accept-in,-2027315737956829907,13479225073674745
accept-in,6166090250312486561,13479225081097426
accept-in,6166090250312486561,13479225081101973
accept-in,-3628913384915022423,13479225083102775
accept-in,-3628913384915022423,13479225083106616
accept-in,7931331741199949746,13479225085563055
accept-in,7931331741199949746,13479225085566524
accept-in,-6227187003216424978,13479225094023178
accept-in,-6227187003216424978,13479225094026634
accept-in,1364295776763601333,13479225105706495
accept-in,1364295776763601333,13479225105711175
accept-in,5244461035023068765,13479225112730677
accept-in,5244461035023068765,13479225112734779
accept-in,-8244933763572666521,13479225142344144
accept-in,-8244933763572666521,13479225142348817
accept-in,4050470191879400802,13479225148808173
accept-in,4050470191879400802,13479225148812707
accept-in,6417318685074345004,13479225157972228
accept-in,6417318685074345004,13479225157975972
accept-in,-5074064860473805813,13479225160979001
accept-in,-5074064860473805813,13479225160982593
accept-in,-5828419526931367019,13479225163020156
accept-in,-5828419526931367019,13479225163023488
accept-in,-8999021530675421528,13479225178093683
accept-in,-8999021530675421528,13479225178097356
accept-in,-1432413259556889080,13479225189223606
accept-in,-1432413259556889080,13479225189227523
accept-in,-7394965137864193222,13479225191663981
accept-in,-7394965137864193222,13479225191667495
accept-in,7638338157051945515,13479225203268451
accept-in,7638338157051945515,13479225203272237
accept-in,-7776148820161753537,13479225214802373
accept-in,-7776148820161753537,13479225214806666
accept-in,-7446555789396725982,13479225221704608
accept-in,-7446555789396725982,13479225221708198
accept-in,-2598136646475520677,13479225228207443
accept-in,-2598136646475520677,13479225228210766
accept-in,4543201673003539089,13479225237971437
accept-in,4543201673003539089,13479225237975406
accept-in,-8339669511826412400,13479225259760554
accept-in,-8339669511826412400,13479225259764288
accept-in,8604378421452886273,13479225264609934
accept-in,8604378421452886273,13479225264613430
accept-in,741659055363225488,13479225265949110
accept-in,741659055363225488,13479225265952756
accept-in,3727648367494195662,13479225268202389
accept-in,3727648367494195662,13479225268205513
accept-in,8454947993406268780,13479225274448350
accept-in,8454947993406268780,13479225274451919
accept-in,-5709186149028551093,13479225276470227
accept-in,-5709186149028551093,13479225276473430
accept-in,1449952645953132339,13479225276560574
accept-in,1449952645953132339,13479225276562534
accept-in,7147171702547333636,13479225280069569
accept-in,7147171702547333636,13479225280073080
accept-in,-8109464213109855310,13479225281028361
accept-in,-8109464213109855310,13479225281040353
accept-in,-7303582034615785035,13479225292608658
accept-in,-7303582034615785035,13479225292612093
accept-in,-8329588357958851304,13479225308974399
accept-in,-8329588357958851304,13479225308979044
accept-in,-1728895283209358680,13479225312707073
accept-in,-1728895283209358680,13479225312710301
accept-in,4948630861439874878,13479225313013206
accept-in,4948630861439874878,13479225313016200
accept-in,-2040825691952079466,13479225323267710
accept-in,-2040825691952079466,13479225323270876
accept-in,8108644201079721800,13479225332863549
accept-in,8108644201079721800,13479225332866999
accept-in,6487181769532751822,13479225349551291
accept-in,6487181769532751822,13479225349555741
