accept-in,-404969380217009384,13686385890679021
accept-in,-404969380217009384,13686385890683993
accept-in,-4398829158445657136,13686385906036816
accept-in,-4398829158445657136,13686385906040951
accept-in,9208195009479157608,13686385915255190
accept-in,9208195009479157608,13686385915259891
accept-in,-6488455998374014042,13686385917183109
accept-in,-6488455998374014042,13686385917186768
accept-in,-9053742124951139555,13686385918848911
accept-in,-9053742124951139555,13686385918852601
accept-in,-5780227790369650371,13686385919533833
accept-in,-5780227790369650371,13686385919538181
accept-in,2335599111947616249,13686385928205533
accept-in,2335599111947616249,13686385928210120
accept-in,6519368183487825093,13686385929324839
accept-in,6519368183487825093,13686385929329435
accept-in,2440398802352840324,13686385929647745
accept-in,2440398802352840324,13686385929652003
accept-in,7330305189284453266,13686385929653605
accept-in,7330305189284453266,13686385929654936
accept-in,903681604726087097,13686385931313280
accept-in,903681604726087097,13686385931318272
accept-in,2645854180698825063,13686385931823918
accept-in,2645854180698825063,13686385931828680
accept-in,-2164430738079132695,13686385932296914
accept-in,-2164430738079132695,13686385932301954
accept-in,8199480718581189725,13686385936929263
accept-in,8199480718581189725,13686385936939047
accept-in,1803605933474620659,13686385938088394
accept-in,1803605933474620659,13686385938093456
accept-in,3900051293044211734,13686385938763623
accept-in,3900051293044211734,13686385938768632
accept-in,7101795335443635061,13686385947889003
accept-in,7101795335443635061,13686385947894073
accept-in,-5935498890659892407,13686385950539746
accept-in,-5935498890659892407,13686385950544773
accept-in,-8091978050467412988,13686385960132318
accept-in,-8091978050467412988,13686385960162453
accept-in,7375712437120523195,13686385960304707
accept-in,7375712437120523195,13686385960308547
accept-in,-7931298905569732417,13686385963783371
accept-in,-7931298905569732417,13686385963788108
accept-in,4033955087627915245,13686385964488940
accept-in,4033955087627915245,13686385964493571
accept-in,-4425448775969091268,13686385965639116
accept-in,-4425448775969091268,13686385965643873
accept-in,-6094611323836370683,13686385975319962
accept-in,-6094611323836370683,13686385975324766
accept-in,3968620853701547013,13686385975781392
accept-in,3968620853701547013,13686385975785903
accept-in,-6206801917778830660,13686385976443289
accept-in,-6206801917778830660,13686385976447963
accept-in,5870975666530170822,13686385978953832
accept-in,5870975666530170822,13686385978958559
accept-in,4238004600668537110,13686385979126130
accept-in,4238004600668537110,13686385979130508
accept-in,-8860076298762245567,13686385981924143
accept-in,-8860076298762245567,13686385981928692
accept-in,-4433249752869833862,13686385986126425
accept-in,-4433249752869833862,13686385986131227
accept-in,7358974568670194756,13686385986630047
accept-in,7358974568670194756,13686385986634773
accept-in,1650563215065343960,13686385990135091
accept-in,1650563215065343960,13686385990139910
accept-in,-3144065733495330273,13686385995250074
accept-in,-3144065733495330273,13686385995254756
accept-in,3142861838473240421,13686385997402476
accept-in,3142861838473240421,13686385997407521
accept-in,1536496929390393630,13686386004105645
accept-in,1536496929390393630,13686386004110568
accept-in,-908560523002636002,13686386007993331
accept-in,-908560523002636002,13686386008027686
accept-in,2667642925490296842,13686386010888158
accept-in,2667642925490296842,13686386010893093
accept-in,2448667493826342578,13686386022471755
accept-in,2448667493826342578,13686386022476737
accept-in,7389893283629833011,13686386026171215
accept-in,7389893283629833011,13686386026176203
accept-in,-5393794487439915148,13686386030085685
accept-in,-5393794487439915148,13686386030090725
accept-in,5439814958984785251,13686386031605599
accept-in,5439814958984785251,13686386031610639
accept-in,556758591164659614,13686386037392438
accept-in,556758591164659614,13686386037397280
accept-in,7101908264028006570,13686386042080274
accept-in,7101908264028006570,13686386042085111
accept-in,5741892293240289983,13686386045683757
accept-in,5741892293240289983,13686386045689777
accept-in,-3447646762825542641,13686386046107070
accept-in,-3447646762825542641,13686386046111774
accept-in,-926144455936837975,13686386048342229
accept-in,-926144455936837975,13686386048346860
accept-in,-1060167507849347238,13686386051911048
accept-in,-1060167507849347238,13686386051915848
accept-in,684940527008850662,13686386052778139
accept-in,684940527008850662,13686386052783174
accept-in,-7286956446649487281,13686386056147906
accept-in,-7286956446649487281,13686386056152063
accept-in,-5583118618061091056,13686386059031044
accept-in,-5583118618061091056,13686386059034603
accept-in,6046376057027306274,13686386060111615
accept-in,6046376057027306274,13686386060115153
accept-in,-729355301106789878,13686386061671110
accept-in,-729355301106789878,13686386061675191
accept-in,4487501351484753771,13686386065248533
accept-in,4487501351484753771,13686386065252732
accept-in,5186012274030092493,13686386068867107
accept-in,5186012274030092493,13686386068869933
accept-in,-8417336388594061464,13686386070514746
accept-in,-8417336388594061464,13686386070519275
accept-in,4184564156581402178,13686386079583725
accept-in,4184564156581402178,13686386079588472
accept-in,-2492262851528237245,13686386080032237
accept-in,-2492262851528237245,13686386080037315
accept-in,-1159487874398680231,13686386081455602
accept-in,-1159487874398680231,13686386081460637
accept-in,-6946143959261322961,13686386082363078
accept-in,-6946143959261322961,13686386082368171
accept-in,524662256421506064,13686386086296352
accept-in,524662256421506064,13686386086301643
accept-in,7339478540953646045,13686386092116701
accept-in,7339478540953646045,13686386092122172
accept-in,-8511553528562882748,13686386098307149
accept-in,-8511553528562882748,13686386098321742
accept-in,6871034971041751990,13686386113808669
accept-in,6871034971041751990,13686386113813834
accept-in,-6428221438692984721,13686386121253275
accept-in,-6428221438692984721,13686386121258381
accept-in,-2986996588949496044,13686386121967796
accept-in,-2986996588949496044,13686386121972049
accept-in,1724656805805742874,13686386125126147
accept-in,1724656805805742874,13686386125131694
accept-in,-7129549494434561445,13686386126730608
accept-in,-7129549494434561445,13686386126735648
accept-in,2878170868190097659,13686386128432129
accept-in,2878170868190097659,13686386128437390
accept-in,-4225754383922454907,13686386133581585
accept-in,-4225754383922454907,13686386133586901
accept-in,-4010005456423332058,13686386137035826
accept-in,-4010005456423332058,13686386137040776
accept-in,-2602968692658724913,13686386139689095
accept-in,-2602968692658724913,13686386139693677
accept-in,1517625783734302896,13686386142118116
accept-in,1517625783734302896,13686386142122906
accept-in,7703248181632704030,13686386144888730
accept-in,7703248181632704030,13686386144893359
accept-in,1875521531227694019,13686386158224278
accept-in,1875521531227694019,13686386158229591
accept-in,5571139943779563567,13686386160262432
accept-in,5571139943779563567,13686386160266776
accept-in,-6219234758658707432,13686386162091529
accept-in,-6219234758658707432,13686386162096000
accept-in,7694796939279648682,13686386162132793
accept-in,7694796939279648682,13686386162136204
accept-in,578785555892064966,13686386173925310
accept-in,578785555892064966,13686386173930332
accept-in,1985783036780381674,13686386174472630
accept-in,1985783036780381674,13686386174478238
accept-in,6963183503988587515,13686386176141114
accept-in,6963183503988587515,13686386176145597
accept-in,2925600430057213682,13686386180658443
accept-in,2925600430057213682,13686386180663461
accept-in,-4508925326228347705,13686386186068770
accept-in,-4508925326228347705,13686386186074126
accept-in,8224183367055227623,13686386187031214
accept-in,8224183367055227623,13686386187037109
accept-in,-2349747631138622535,13686386188253242
accept-in,-2349747631138622535,13686386188258411
accept-in,-2989720221242989119,13686386190866782
accept-in,-2989720221242989119,13686386190871928
accept-in,1627094993024943057,13686386193563201
accept-in,1627094993024943057,13686386193567855
accept-in,-5459686017740518380,13686386194821545
accept-in,-5459686017740518380,13686386194826396
accept-in,-2173163398534849875,13686386197032514
accept-in,-2173163398534849875,13686386197037200
accept-in,89192992648659299,13686386197579756
accept-in,89192992648659299,13686386197584333
accept-in,-4353676150788497027,13686386200499140
accept-in,-4353676150788497027,13686386200503200
accept-in,8136878285720788863,13686386202988361
accept-in,8136878285720788863,13686386202992449
accept-in,-3884801244577437017,13686386207152886
accept-in,-3884801244577437017,13686386207156842
accept-in,-901287458126322600,13686386207202050
accept-in,-901287458126322600,13686386207205382
accept-in,-6052196018244423053,13686386209087491
accept-in,-6052196018244423053,13686386209091376
accept-in,-7216831838442863594,13686386209722286
accept-in,-7216831838442863594,13686386209726433
accept-in,-1008966019788490118,13686386219634814
accept-in,-1008966019788490118,13686386219642687
accept-in,2421542716504724745,13686386221180083
accept-in,2421542716504724745,13686386221184247
accept-in,977492814150233226,13686386227921551
accept-in,977492814150233226,13686386227926503
accept-in,-4159371537481612039,13686386229854092
accept-in,-4159371537481612039,13686386229858196
accept-in,8304008621904401305,13686386237272136
accept-in,8304008621904401305,13686386237275978
accept-in,-4834745043373034994,13686386246623284
accept-in,-4834745043373034994,13686386246627056
accept-in,-4885787183674055462,13686386247573499
accept-in,-4885787183674055462,13686386247577205
accept-in,4658834081470612438,13686386266798539
accept-in,4658834081470612438,13686386266803532
accept-in,-5769512496651685448,13686386268201665
accept-in,-5769512496651685448,13686386268205017
accept-in,-1908231968264065560,13686386277030362
accept-in,-1908231968264065560,13686386277034682
accept-in,-5825401164692756786,13686386280402216
accept-in,-5825401164692756786,13686386280405908
accept-in,-2714263166193439429,13686386282557757
accept-in,-2714263166193439429,13686386282561420
accept-in,1267071440934335114,13686386287471714
accept-in,1267071440934335114,13686386287475469
accept-in,8715500506564655033,13686386289460020
accept-in,8715500506564655033,13686386289463500
accept-in,-326357930471165035,13686386292662396
accept-in,-326357930471165035,13686386292666125
accept-in,4761601748490943596,13686386299341538
accept-in,4761601748490943596,13686386299346261
accept-in,-4749636980740676699,13686386307346701
accept-in,-4749636980740676699,13686386307350439
accept-in,7038746282883938290,13686386307950712
accept-in,7038746282883938290,13686386307954381
accept-in,6625355592047310626,13686386312501218
accept-in,6625355592047310626,13686386312505351
accept-in,7034128986015059431,13686386312684019
accept-in,7034128986015059431,13686386312687359
accept-in,-2827395945491970220,13686386319445700
accept-in,-2827395945491970220,13686386319448958
accept-in,-3514995685444180525,13686386320736257
accept-in,-3514995685444180525,13686386320739955
accept-in,2644782028189914311,13686386321346698
accept-in,2644782028189914311,13686386321350315
accept-in,-6575928276504410565,13686386322364212
accept-in,-6575928276504410565,13686386322367618
accept-in,3456511318756197910,13686386330928234
accept-in,3456511318756197910,13686386330933094
accept-in,-759145346585321389,13686386334198885
accept-in,-759145346585321389,13686386334202300
accept-in,4265647095311192964,13686386335859130
accept-in,4265647095311192964,13686386335862495
accept-in,123823991639673103,13686386341656692
accept-in,123823991639673103,13686386341661263
accept-in,6634929691373402061,13686386343216339
accept-in,6634929691373402061,13686386343220955
accept-in,5149439112799751796,13686386345325073
accept-in,5149439112799751796,13686386345329647
accept-in,-9077152048579423531,13686386357492146
accept-in,-9077152048579423531,13686386357497259
accept-in,5086482496531866901,13686386359882738
accept-in,5086482496531866901,13686386359887382
accept-in,1148919682172505964,13686386361513100
accept-in,1148919682172505964,13686386361517636
accept-in,8728591178731330613,13686386362835450
accept-in,8728591178731330613,13686386362840234
accept-in,-6957320530950284351,13686386371500514
accept-in,-6957320530950284351,13686386371505203
accept-in,6146650722942333382,13686386371974920
accept-in,6146650722942333382,13686386371979647
accept-in,5197392198430107401,13686386375768566
accept-in,5197392198430107401,13686386375773609
accept-in,-259486717470073448,13686386377674150
accept-in,-259486717470073448,13686386377678801
accept-in,-8451718299095925928,13686386384492140
accept-in,-8451718299095925928,13686386384497245
accept-in,6647141670729862192,13686386387062103
accept-in,6647141670729862192,13686386387066577
accept-in,2267187223483552006,13686386394400577
accept-in,2267187223483552006,13686386394405504
accept-in,6857254123708872238,13686386400828817
accept-in,6857254123708872238,13686386400833845
accept-in,-8841493264630285915,13686386404745806
accept-in,-8841493264630285915,13686386404750505
accept-in,6373035089875947344,13686386406216208
accept-in,6373035089875947344,13686386406220373
accept-in,2050927855936458771,13686386411649409
accept-in,2050927855936458771,13686386411654742
accept-in,703504500322234394,13686386413115567
accept-in,703504500322234394,13686386413120226
accept-in,-3324249345843889930,13686386413698369
accept-in,-3324249345843889930,13686386413703054
accept-in,6446440855184038120,13686386421340913
accept-in,6446440855184038120,13686386421345537
accept-in,6517474171090903416,13686386421571007
accept-in,6517474171090903416,13686386421575609
accept-in,880869492427207024,13686386422838026
accept-in,880869492427207024,13686386422842078
accept-in,-1255227008884355508,13686386424614377
accept-in,-1255227008884355508,13686386424619447
accept-in,6514616848970221978,13686386426316246
accept-in,6514616848970221978,13686386426321319
accept-in,-7214009742511913376,13686386426371520
accept-in,-7214009742511913376,13686386426375222
accept-in,3769697569785890588,13686386431032069
accept-in,3769697569785890588,13686386431037102
accept-in,4169049528049795759,13686386441770600
accept-in,4169049528049795759,13686386441775925
accept-in,-8260156320550362738,13686386452097160
accept-in,-8260156320550362738,13686386452102698
accept-in,9033577170752764972,13686386454706391
accept-in,9033577170752764972,13686386454711102
accept-in,-1154290271041630888,13686386456733435
accept-in,-1154290271041630888,13686386456737124
accept-in,-1184649418250001511,13686386456965862
accept-in,-1184649418250001511,13686386456975358
accept-in,9214958447852739148,13686386461577207
accept-in,9214958447852739148,13686386461583958
accept-in,6912045839068065556,13686386466184425
accept-in,6912045839068065556,13686386466188103
accept-in,5370739948647487074,13686386471496507
accept-in,5370739948647487074,13686386471500621
accept-in,-2847115606583915876,13686386472219709
accept-in,-2847115606583915876,13686386472223842
accept-in,-8464738207749161418,13686386474496179
accept-in,-8464738207749161418,13686386474499965
accept-in,5246017214079004812,13686386479428096
accept-in,5246017214079004812,13686386479432374
accept-in,-5099054559088842088,13686386481307375
accept-in,-5099054559088842088,13686386481311402
accept-in,-8706783312985459101,13686386481804249
accept-in,-8706783312985459101,13686386481808660
accept-in,-1088307769602590562,13686386486652304
accept-in,-1088307769602590562,13686386486656042
accept-in,-8990811202461703067,13686386490211667
accept-in,-8990811202461703067,13686386490219039
accept-in,9124398736755944701,13686386490300044
accept-in,9124398736755944701,13686386490303381
accept-in,8720910190068261308,13686386495306255
accept-in,8720910190068261308,13686386495309863
accept-in,5562252721423326674,13686386511611694
accept-in,5562252721423326674,13686386511615607
accept-in,8829517697933125948,13686386513787569
accept-in,8829517697933125948,13686386513791141
accept-in,-4449191028129383651,13686386517932626
accept-in,-4449191028129383651,13686386517936286
accept-in,-1026390474326837721,13686386524535786
accept-in,-1026390474326837721,13686386524539327
accept-in,4334569141377256565,13686386530712838
accept-in,4334569141377256565,13686386530716383
accept-in,847040820590390567,13686386532599564
accept-in,847040820590390567,13686386532603074
accept-in,1848965587509113252,13686386537228481
accept-in,1848965587509113252,13686386537232283
accept-in,-7880488898569567185,13686386544218782
accept-in,-7880488898569567185,13686386544222772
accept-in,2121243007632716102,13686386546057888
accept-in,2121243007632716102,13686386546061511
accept-in,2550582010602349419,13686386546312125
accept-in,2550582010602349419,13686386546315328
accept-in,2276410147833901632,13686386548184690
accept-in,2276410147833901632,13686386548188209
accept-in,-2092591484905899169,13686386549094374
accept-in,-2092591484905899169,13686386549097565
accept-in,8896742284288004125,13686386552512433
accept-in,8896742284288004125,13686386552516144
accept-in,2858652597949362281,13686386555736959
accept-in,2858652597949362281,13686386555745193
accept-in,-4863534356418542222,13686386560149597
accept-in,-4863534356418542222,13686386560153354
accept-in,-8480428277523986115,13686386560450972
accept-in,-8480428277523986115,13686386560454591
accept-in,1108378000041822805,13686386561910366
accept-in,1108378000041822805,13686386561913866
accept-in,-8513673136736255989,13686386564261707
accept-in,-8513673136736255989,13686386564265155
accept-in,-3291925010045847626,13686386565335100
accept-in,-3291925010045847626,13686386565338642
accept-in,8240518644169719555,13686386567389347
accept-in,8240518644169719555,13686386567392731
accept-in,7316272144989992022,13686386569856754
accept-in,7316272144989992022,13686386569860060
accept-in,6305784154595658600,13686386573708162
accept-in,6305784154595658600,13686386573715307
accept-in,-1683600725429843495,13686386574805312
accept-in,-1683600725429843495,13686386574808717
accept-in,-1951638153829077998,13686386582259544
accept-in,-1951638153829077998,13686386582267253
accept-in,789457268888081341,13686386587652430
accept-in,789457268888081341,13686386587656001
accept-in,1702291114764130359,13686386592241202
accept-in,1702291114764130359,13686386592244740
accept-in,-1493754219630069768,13686386593484056
accept-in,-1493754219630069768,13686386593487493
accept-in,-6418926716573527051,13686386599583740
accept-in,-6418926716573527051,13686386599587262
accept-in,-7497707838667784089,13686386600180949
accept-in,-7497707838667784089,13686386600184521
accept-in,-4704889393752593494,13686386607543689
accept-in,-4704889393752593494,13686386607547258
accept-in,4706352324275950873,13686386610086682
accept-in,4706352324275950873,13686386610090979
accept-in,-246501682643474990,13686386610350942
accept-in,-246501682643474990,13686386610354066
accept-in,6171276131184404185,13686386614513444
accept-in,6171276131184404185,13686386614516389
accept-in,4075034762608207561,13686386616315190
accept-in,4075034762608207561,13686386616318502
accept-in,8470257369388020449,13686386623939877
accept-in,8470257369388020449,13686386623943528
accept-in,-8893603246775980722,13686386624194929
accept-in,-8893603246775980722,13686386624205019
accept-in,-5526151733812740841,13686386624688425
accept-in,-5526151733812740841,13686386624691704
accept-in,8771998128265320417,13686386629582465
accept-in,8771998128265320417,13686386629586155
accept-in,-4523855938808701309,13686386630950868
accept-in,-4523855938808701309,13686386630954665
accept-in,-3311333237822297497,13686386638931370
accept-in,-3311333237822297497,13686386638936496
accept-in,-8953071103093058918,13686386641248307
accept-in,-8953071103093058918,13686386641253327
accept-in,-8518724248170013404,13686386644608606
accept-in,-8518724248170013404,13686386644612340
accept-in,6281928480172970142,13686386651150252
accept-in,6281928480172970142,13686386651155252
accept-in,4203155757207354392,13686386653053465
accept-in,4203155757207354392,13686386653057708
accept-in,-8758028876428351776,13686386653989050
accept-in,-8758028876428351776,13686386653994180
accept-in,1935491925256286715,13686386657159870
accept-in,1935491925256286715,13686386657164940
accept-in,-8551310716760981513,13686386661476640
accept-in,-8551310716760981513,13686386661481249
accept-in,-4535832233336728328,13686386664581156
accept-in,-4535832233336728328,13686386664586118
accept-in,-7859507921948270023,13686386668205240
accept-in,-7859507921948270023,13686386668209979
accept-in,-2273638549532423461,13686386668320052
accept-in,-2273638549532423461,13686386668329284
accept-in,-907142424830762649,13686386669382531
accept-in,-907142424830762649,13686386669387586
accept-in,-7584515353154264597,13686386670193320
accept-in,-7584515353154264597,13686386670198548
accept-in,635620661318932328,13686386674000031
accept-in,635620661318932328,13686386674005116
accept-in,-5382410171056951561,13686386677699621
accept-in,-5382410171056951561,13686386677704446
accept-in,-8757743471503273768,13686386681380087
accept-in,-8757743471503273768,13686386681385197
accept-in,-1676606635985802578,13686386686336055
accept-in,-1676606635985802578,13686386686342531
accept-in,-2304643887387477473,13686386693230893
accept-in,-2304643887387477473,13686386693235374
accept-in,4485190427399106871,13686386696785778
accept-in,4485190427399106871,13686386696790658
accept-in,-3604434914760587537,13686386704604347
accept-in,-3604434914760587537,13686386704609360
accept-in,-2643783798390982363,13686386708053686
accept-in,-2643783798390982363,13686386708058446
accept-in,3629696591472375126,13686386718699048
accept-in,3629696591472375126,13686386718703953
accept-in,-6615901152895873411,13686386720842445
accept-in,-6615901152895873411,13686386720847498
accept-in,6659256303147797346,13686386721774066
accept-in,6659256303147797346,13686386721778996
accept-in,-889739437593267695,13686386730691901
accept-in,-889739437593267695,13686386730697224
accept-in,487210605661003878,13686386732351024
accept-in,487210605661003878,13686386732356174
accept-in,6990673522949503188,13686386740766909
accept-in,6990673522949503188,13686386740771875
accept-in,-8884037292928392953,13686386741507215
accept-in,-8884037292928392953,13686386741511052
accept-in,4007699441903008808,13686386749659899
accept-in,4007699441903008808,13686386749665124
accept-in,-3847030388311464299,13686386754591066
accept-in,-3847030388311464299,13686386754594760
accept-in,8150661165638897421,13686386755097779
accept-in,8150661165638897421,13686386755101515
accept-in,2675792672139706777,13686386757864730
accept-in,2675792672139706777,13686386757868623
accept-in,2896958692790032709,13686386763497974
accept-in,2896958692790032709,13686386763501828
accept-in,3453824361115084158,13686386763908381
accept-in,3453824361115084158,13686386763911818
accept-in,4943066185014563499,13686386768485658
accept-in,4943066185014563499,13686386768489570
accept-in,4640681542916882849,13686386773178100
accept-in,4640681542916882849,13686386773181848
accept-in,1583557308272463217,13686386774369441
accept-in,1583557308272463217,13686386774372930
accept-in,-5631046688149801230,13686386774927159
accept-in,-5631046688149801230,13686386774930541
accept-in,-7342899244456106769,13686386779335545
accept-in,-7342899244456106769,13686386779339186
accept-in,-1165069146280417232,13686386782135678
accept-in,-1165069146280417232,13686386782138429
accept-in,-4640987268232982269,13686386789613740
accept-in,-4640987268232982269,13686386789617269
accept-in,-4942309186518679437,13686386793131458
accept-in,-4942309186518679437,13686386793134493
accept-in,7959291680619213720,13686386798168450
accept-in,7959291680619213720,13686386798172120
accept-in,-7650122462244761328,13686386798642991
accept-in,-7650122462244761328,13686386798646395
accept-in,-220054069050459750,13686386802130308
accept-in,-220054069050459750,13686386802133931
accept-in,-1261063496697323988,13686386811832559
accept-in,-1261063496697323988,13686386811836757
accept-in,1016206367507729272,13686386813483519
accept-in,1016206367507729272,13686386813486975
accept-in,8000881672694963867,13686386815745321
accept-in,8000881672694963867,13686386815749603
accept-in,-1485765543237952211,13686386820828623
accept-in,-1485765543237952211,13686386820832329
accept-in,-4445980911618495655,13686386822595874
accept-in,-4445980911618495655,13686386822600197
accept-in,3725949529539904107,13686386822969652
accept-in,3725949529539904107,13686386822973192
accept-in,2697603589309604141,13686386827440100
accept-in,2697603589309604141,13686386827443729
accept-in,-5888248450031136339,13686386827858479
accept-in,-5888248450031136339,13686386827861870
accept-in,-3486953005290771556,13686386829573398
accept-in,-3486953005290771556,13686386829576846
accept-in,-4737494529610768132,13686386833073729
accept-in,-4737494529610768132,13686386833077357
accept-in,500677448027745734,13686386833583477
accept-in,500677448027745734,13686386833586434
accept-in,-8281740502181130163,13686386835428195
accept-in,-8281740502181130163,13686386835431564
accept-in,-6651024962238612701,13686386838984582
accept-in,-6651024962238612701,13686386838988041
accept-in,-492140254850035819,13686386839750675
accept-in,-492140254850035819,13686386839754212
accept-in,2702177088201253941,13686386840720539
accept-in,2702177088201253941,13686386840724823
accept-in,1159640040857213092,13686386840909524
accept-in,1159640040857213092,13686386840912928
accept-in,-6958072025411287387,13686386844751225
accept-in,-6958072025411287387,13686386844754386
accept-in,3693290461128489392,13686386848086994
accept-in,3693290461128489392,13686386848089723
accept-in,-3666914634629269452,13686386852648213
accept-in,-3666914634629269452,13686386852652149
accept-in,-6734302033957092424,13686386853416027
accept-in,-6734302033957092424,13686386853423444
accept-in,7048765262608129707,13686386853757349
accept-in,7048765262608129707,13686386853760414
accept-in,3951565024563891402,13686386854507301
accept-in,3951565024563891402,13686386854510734
accept-in,-6454502079470974803,13686386861244041
accept-in,-6454502079470974803,13686386861247652
accept-in,2008464620903377977,13686386870345967
accept-in,2008464620903377977,13686386870350321
accept-in,-7660017116640726485,13686386875033472
accept-in,-7660017116640726485,13686386875037138
accept-in,3900574784252673250,13686386875943265
accept-in,3900574784252673250,13686386875946847
accept-in,-8612326880276100575,13686386879025179
accept-in,-8612326880276100575,13686386879028637
accept-in,-1299520650521538577,13686386880160722
accept-in,-1299520650521538577,13686386880164431
accept-in,-6714592694350358955,13686386880425155
accept-in,-6714592694350358955,13686386880428839
accept-in,-1164883760645945868,13686386885733344
accept-in,-1164883760645945868,13686386885751368
accept-in,-5933955335111757452,13686386886484224
accept-in,-5933955335111757452,13686386886487742
accept-in,-6815649069270936166,13686386889927244
accept-in,-6815649069270936166,13686386889931106
accept-in,-6025678645756414866,13686386891565162
accept-in,-6025678645756414866,13686386891568532
accept-in,-2627823774984426765,13686386892141071
accept-in,-2627823774984426765,13686386892144396
accept-in,5506594782856944824,13686386893185446
accept-in,5506594782856944824,13686386893188772
accept-in,2435710917472729035,13686386893965538
accept-in,2435710917472729035,13686386893968776
accept-in,-2742640670523879744,13686386894748436
accept-in,-2742640670523879744,13686386894752116
accept-in,-6386811249018789104,13686386895085802
accept-in,-6386811249018789104,13686386895089490
accept-in,351794826219232554,13686386896827652
accept-in,351794826219232554,13686386896831396
accept-in,-2210420031045574138,13686386897319296
accept-in,-2210420031045574138,13686386897322942
accept-in,-8395919779898128926,13686386899082776
accept-in,-8395919779898128926,13686386899086744
accept-in,-6527635581090152876,13686386900739306
accept-in,-6527635581090152876,13686386900743163
accept-in,1279998005268136220,13686386904175418
accept-in,1279998005268136220,13686386904179179
accept-in,2312427162283981564,13686386910368838
accept-in,2312427162283981564,13686386910372474
accept-in,-4986711265952600038,13686386912856385
accept-in,-4986711265952600038,13686386912859835
accept-in,1750303603383614368,13686386915769585
accept-in,1750303603383614368,13686386915773268
accept-in,-6743280284110222966,13686386918291848
accept-in,-6743280284110222966,13686386918295456
accept-in,7175043608862187815,13686386921911085
accept-in,7175043608862187815,13686386921914720
accept-in,7276512116331319168,13686386924130688
accept-in,7276512116331319168,13686386924134332
accept-in,-2964546586989400441,13686386929032232
accept-in,-2964546586989400441,13686386929035799
accept-in,2789980970717129612,13686386934717865
accept-in,2789980970717129612,13686386934721603
accept-in,-5761046791823370500,13686386951684599
accept-in,-5761046791823370500,13686386951689529
accept-in,2687849020884271634,13686386958180166
accept-in,2687849020884271634,13686386958183950
accept-in,1753499051857226875,13686386963834299
accept-in,1753499051857226875,13686386963838008
accept-in,8018185331328827720,13686386968138095
accept-in,8018185331328827720,13686386968142993
accept-in,4259352693494622854,13686386969755294
accept-in,4259352693494622854,13686386969760913
accept-in,5869546688399275158,13686386970166124
accept-in,5869546688399275158,13686386970169543
accept-in,4994309552106668009,13686386975222775
accept-in,4994309552106668009,13686386975226709
accept-in,8326892047693551021,13686386981909630
accept-in,8326892047693551021,13686386981913298
accept-in,5268051310632330253,13686386984656037
accept-in,5268051310632330253,13686386984659752
accept-in,-4867038521022923039,13686386985758138
accept-in,-4867038521022923039,13686386985761875
accept-in,1180638737145977232,13686386986267692
accept-in,1180638737145977232,13686386986271351
accept-in,7318767422131821881,13686386987384400
accept-in,7318767422131821881,13686386987388138
accept-in,4340304374799895996,13686386988331419
accept-in,4340304374799895996,13686386988338429
accept-in,-1732279143689943429,13686386993226904
accept-in,-1732279143689943429,13686386993230561
accept-in,1977512755590216369,13686386998605350
accept-in,1977512755590216369,13686386998609080
accept-in,-8275777582775026070,13686386999037281
accept-in,-8275777582775026070,13686386999041019
accept-in,-7336599880328026420,13686387002848821
accept-in,-7336599880328026420,13686387002852489
accept-in,-6825173576426333402,13686387003246428
accept-in,-6825173576426333402,13686387003249584
accept-in,-7658628007621427149,13686387004239089
accept-in,-7658628007621427149,13686387004242484
accept-in,4620775258333087459,13686387005221581
accept-in,4620775258333087459,13686387005225145
accept-in,-1590383907842348668,13686387009418437
accept-in,-1590383907842348668,13686387009426833
accept-in,2037672709701025943,13686387011730729
accept-in,2037672709701025943,13686387011734604
accept-in,3738336696821792039,13686387017074215
accept-in,3738336696821792039,13686387017077912
accept-in,-7737629109754569014,13686387020278549
accept-in,-7737629109754569014,13686387020282095
accept-in,1819507282481540795,13686387020438478
accept-in,1819507282481540795,13686387020441810
accept-in,7464571906244626812,13686387022915110
accept-in,7464571906244626812,13686387022918553
accept-in,-7245112895266045805,13686387025004246
accept-in,-7245112895266045805,13686387025007041
accept-in,-5373911491556055908,13686387026732824
accept-in,-5373911491556055908,13686387026736392
accept-in,-6726400486757849387,13686387029462684
accept-in,-6726400486757849387,13686387029466419
accept-in,-7401733091936675209,13686387034576680
accept-in,-7401733091936675209,13686387034580270
accept-in,609046290535152195,13686387038328858
accept-in,609046290535152195,13686387038332514
accept-in,-1123879857407036880,13686387041357115
accept-in,-1123879857407036880,13686387041360788
accept-in,8746196458105352316,13686387043986048
accept-in,8746196458105352316,13686387043989714
accept-in,-5135321372417555281,13686387044102102
accept-in,-5135321372417555281,13686387044104753
accept-in,9165499246936547759,13686387044776537
accept-in,9165499246936547759,13686387044780298
accept-in,6175133225891838299,13686387045316823
accept-in,6175133225891838299,13686387045320419
accept-in,-3433722851406289956,13686387048095395
accept-in,-3433722851406289956,13686387048099985
accept-in,5283308847976678561,13686387055217118
accept-in,5283308847976678561,13686387055221758
accept-in,-1505233360813622757,13686387055588863
accept-in,-1505233360813622757,13686387055593407
accept-in,7128562910045159616,13686387059291811
accept-in,7128562910045159616,13686387059295634
accept-in,-2630378744694207068,13686387064313707
accept-in,-2630378744694207068,13686387064317048
accept-in,5323762932043488429,13686387068189596
accept-in,5323762932043488429,13686387068192989
accept-in,-2901821649495975922,13686387068558885
accept-in,-2901821649495975922,13686387068562186
accept-in,-7906565156690067953,13686387071057299
accept-in,-7906565156690067953,13686387071060909
accept-in,-2115108538042927095,13686387073593636
accept-in,-2115108538042927095,13686387073597268
accept-in,-3797511950268468996,13686387075116047
accept-in,-3797511950268468996,13686387075119689
accept-in,-9206585695055805904,13686387075265245
accept-in,-9206585695055805904,13686387075268294
accept-in,-2230345334055508997,13686387078484113
accept-in,-2230345334055508997,13686387078488114
accept-in,-1857155565228074659,13686387088892067
accept-in,-1857155565228074659,13686387088899266
accept-in,-9170680312491013711,13686387091048965
accept-in,-9170680312491013711,13686387091053052
accept-in,5156098537465633848,13686387093543954
accept-in,5156098537465633848,13686387093548349
accept-in,5268962019210185031,13686387095847187
accept-in,5268962019210185031,13686387095851717
accept-in,-8781842974290126426,13686387100370083
accept-in,-8781842974290126426,13686387100376000
accept-in,-4559845541570218490,13686387105529401
accept-in,-4559845541570218490,13686387105533706
accept-in,-7961558754919833249,13686387106741714
accept-in,-7961558754919833249,13686387106746602
accept-in,-3728838222590188565,13686387108171328
accept-in,-3728838222590188565,13686387108175218
accept-in,-1027678408293330242,13686387109413442
accept-in,-1027678408293330242,13686387109417792
accept-in,-3365274567101435158,13686387111089290
accept-in,-3365274567101435158,13686387111092997
accept-in,-2982420589199026013,13686387114885486
accept-in,-2982420589199026013,13686387114889998
accept-in,-1772355299861641298,13686387116134133
accept-in,-1772355299861641298,13686387116137683
accept-in,-8244031498136340834,13686387117220347
accept-in,-8244031498136340834,13686387117224126
accept-in,-2277814487012347397,13686387119041559
accept-in,-2277814487012347397,13686387119045252
accept-in,6919284984214414947,13686387126780164
accept-in,6919284984214414947,13686387126785880
accept-in,6226101829206802120,13686387127999128
accept-in,6226101829206802120,13686387128060674
accept-in,4308822970953474400,13686387130584945
accept-in,4308822970953474400,13686387130589011
accept-in,1298796254358204691,13686387130946811
accept-in,1298796254358204691,13686387130950338
accept-in,-2218654964203442522,13686387134199736
accept-in,-2218654964203442522,13686387134204268
accept-in,-4207271756730915145,13686387136703685
accept-in,-4207271756730915145,13686387136707940
accept-in,4172124080230652641,13686387149415991
accept-in,4172124080230652641,13686387149422303
accept-in,-4090815047820242753,13686387151647884
accept-in,-4090815047820242753,13686387151651890
accept-in,5989543246944692563,13686387159909307
accept-in,5989543246944692563,13686387159915225
accept-in,3911327116690811409,13686387161943601
accept-in,3911327116690811409,13686387161947577
accept-in,6895481792736796867,13686387168782962
accept-in,6895481792736796867,13686387168786845
accept-in,-380571593894532638,13686387170806803
accept-in,-380571593894532638,13686387170810585
accept-in,-5060827237807531350,13686387182967132
accept-in,-5060827237807531350,13686387182971399
accept-in,3003763522542686384,13686387183710983
accept-in,3003763522542686384,13686387183714439
accept-in,-1451822215155867878,13686387184960914
accept-in,-1451822215155867878,13686387184965906
accept-in,6114899328242593592,13686387188307971
accept-in,6114899328242593592,13686387188316602
accept-in,1867282169241390635,13686387189364741
accept-in,1867282169241390635,13686387189369944
accept-in,-8598971706434783109,13686387189906570
accept-in,-8598971706434783109,13686387189911745
accept-in,-3156635108791954858,13686387190731366
accept-in,-3156635108791954858,13686387190736579
accept-in,5018573443384351505,13686387195284682
accept-in,5018573443384351505,13686387195289298
accept-in,-3605164237111939256,13686387197848456
accept-in,-3605164237111939256,13686387197853637
accept-in,3095245270593072369,13686387200349035
accept-in,3095245270593072369,13686387200353940
accept-in,4217718587973298869,13686387209844266
accept-in,4217718587973298869,13686387209849439
accept-in,549048663335629533,13686387218294188
accept-in,549048663335629533,13686387218299421
accept-in,5774798917654775909,13686387220919234
accept-in,5774798917654775909,13686387220923658
accept-in,-5030611032507334850,13686387221375223
accept-in,-5030611032507334850,13686387221380506
accept-in,97616614020807450,13686387222256988
accept-in,97616614020807450,13686387222262145
accept-in,-5046004685279638225,13686387233469594
accept-in,-5046004685279638225,13686387233474794
accept-in,3104949008922043624,13686387241229891
accept-in,3104949008922043624,13686387241234987
accept-in,-3065276848714965940,13686387243116257
accept-in,-3065276848714965940,13686387243121428
accept-in,-1024271216611995223,13686387243744359
accept-in,-1024271216611995223,13686387243748567
accept-in,2753338434715544049,13686387248966916
accept-in,2753338434715544049,13686387248972114
accept-in,-4425555646483800229,13686387250587144
accept-in,-4425555646483800229,13686387250592321
accept-in,8871639539217046658,13686387251542924
accept-in,8871639539217046658,13686387251548044
accept-in,-6758005336393306793,13686387252278043
accept-in,-6758005336393306793,13686387252282502
accept-in,2294998233447498889,13686387258600234
accept-in,2294998233447498889,13686387258605477
accept-in,-3960462065877147739,13686387264338703
accept-in,-3960462065877147739,13686387264343753
accept-in,-5474664760594986504,13686387265471214
accept-in,-5474664760594986504,13686387265476441
accept-in,3882042357445543710,13686387266230733
accept-in,3882042357445543710,13686387266235838
accept-in,-8819944249094557357,13686387268344710
accept-in,-8819944249094557357,13686387268349324
accept-in,1175617596598940250,13686387270486899
accept-in,1175617596598940250,13686387270491671
accept-in,-8117029880180573185,13686387274873582
accept-in,-8117029880180573185,13686387274879670
accept-in,5982426648217179856,13686387281738970
accept-in,5982426648217179856,13686387281744183
accept-in,3126407766600355810,13686387283088590
accept-in,3126407766600355810,13686387283093803
accept-in,8811563279115484849,13686387284916206
accept-in,8811563279115484849,13686387284921404
accept-in,-6671457001053978065,13686387286973121
accept-in,-6671457001053978065,13686387286977883
accept-in,-4366930392984855169,13686387287472928
accept-in,-4366930392984855169,13686387287478216
accept-in,71070373221059403,13686387290228608
accept-in,71070373221059403,13686387290232984
accept-in,-8198398649842940607,13686387294343742
accept-in,-8198398649842940607,13686387294348947
accept-in,-1821566488960125064,13686387298660668
accept-in,-1821566488960125064,13686387298665891
accept-in,9020338401376693695,13686387299212704
accept-in,9020338401376693695,13686387299217962
accept-in,-6112967683841544297,13686387299588023
accept-in,-6112967683841544297,13686387299592246
accept-in,8961572000344567231,13686387310955342
accept-in,8961572000344567231,13686387310960567
accept-in,-327590803823274943,13686387312081572
accept-in,-327590803823274943,13686387312086797
accept-in,3901308598349955855,13686387313294426
accept-in,3901308598349955855,13686387313299691
accept-in,-5045916233255270711,13686387319825083
accept-in,-5045916233255270711,13686387319830296
accept-in,7332354373764969668,13686387320175638
accept-in,7332354373764969668,13686387320179878
accept-in,479985879595459503,13686387323806421
accept-in,479985879595459503,13686387323811541
accept-in,947497483545247066,13686387324545332
accept-in,947497483545247066,13686387324549775
accept-in,-1328387682018002714,13686387325937387
accept-in,-1328387682018002714,13686387325941342
accept-in,-1540097648458263201,13686387331228985
accept-in,-1540097648458263201,13686387331233591
accept-in,-7164443959603369337,13686387333865244
accept-in,-7164443959603369337,13686387333869808
accept-in,2616883835751737507,13686387336840803
accept-in,2616883835751737507,13686387336845552
accept-in,-8204054872483640832,13686387337123169
accept-in,-8204054872483640832,13686387337127460
accept-in,-8796050255136609274,13686387341141587
accept-in,-8796050255136609274,13686387341146591
accept-in,-6551950728815315862,13686387347616099
accept-in,-6551950728815315862,13686387347621352
accept-in,-209486021412647647,13686387358217679
accept-in,-209486021412647647,13686387358222894
accept-in,-1101951605452960643,13686387367063986
accept-in,-1101951605452960643,13686387367069199
accept-in,5617295544188473932,13686387368690339
accept-in,5617295544188473932,13686387368695514
accept-in,7024782752333961830,13686387370357116
accept-in,7024782752333961830,13686387370362427
accept-in,-8302519846665233035,13686387370398393
accept-in,-8302519846665233035,13686387370401614
accept-in,5591001132532469423,13686387375409715
accept-in,5591001132532469423,13686387375414961
accept-in,9000643121449032896,13686387375473074
accept-in,9000643121449032896,13686387375476866
accept-in,-2573305728919224320,13686387377560909
accept-in,-2573305728919224320,13686387377566012
accept-in,-6544520946435285325,13686387378898053
accept-in,-6544520946435285325,13686387378902660
accept-in,-2382058301380927661,13686387379941658
accept-in,-2382058301380927661,13686387379946538
accept-in,551263951011432485,13686387382318884
accept-in,551263951011432485,13686387382322897
accept-in,3978358219527007418,13686387392526654
accept-in,3978358219527007418,13686387392532438
accept-in,3763735024126282993,13686387394715443
accept-in,3763735024126282993,13686387394720598
accept-in,9162597139364856989,13686387394722445
accept-in,9162597139364856989,13686387394724092
accept-in,5591942962935293636,13686387406006814
accept-in,5591942962935293636,13686387406011771
accept-in,-5724054256137723384,13686387406985393
accept-in,-5724054256137723384,13686387406989962
accept-in,6072946392094372440,13686387407402468
accept-in,6072946392094372440,13686387407406854
accept-in,-4769617991634461598,13686387409530830
accept-in,-4769617991634461598,13686387409535747
accept-in,-2382958492650681177,13686387411814179
accept-in,-2382958492650681177,13686387411818600
accept-in,58959044156282249,13686387412238692
accept-in,58959044156282249,13686387412243749
accept-in,-2869056835083335284,13686387415503759
accept-in,-2869056835083335284,13686387415508561
accept-in,-5996656837695943315,13686387417685063
accept-in,-5996656837695943315,13686387417689594
accept-in,8898985352511594081,13686387421315720
accept-in,8898985352511594081,13686387421320372
accept-in,-2632160662712106078,13686387424168826
accept-in,-2632160662712106078,13686387424172591
accept-in,5159690153658326459,13686387426064628
accept-in,5159690153658326459,13686387426069440
accept-in,7593625260658892398,13686387426740653
accept-in,7593625260658892398,13686387426745252
accept-in,-1090738342734912762,13686387430105576
accept-in,-1090738342734912762,13686387430110155
accept-in,8172292021721255542,13686387430641001
accept-in,8172292021721255542,13686387430645402
accept-in,347611461127011923,13686387432170208
accept-in,347611461127011923,13686387432174644
accept-in,-7610808047662877599,13686387435544409
accept-in,-7610808047662877599,13686387435548985
accept-in,-7645319255025785855,13686387437897732
accept-in,-7645319255025785855,13686387437902301
accept-in,6970905612610059471,13686387447742917
accept-in,6970905612610059471,13686387447747776
accept-in,-4051385636081283618,13686387448956260
accept-in,-4051385636081283618,13686387448960874
accept-in,8203641277770962124,13686387449712988
accept-in,8203641277770962124,13686387449717361
accept-in,5753510502987142884,13686387451775078
accept-in,5753510502987142884,13686387451779585
accept-in,8997250274854647270,13686387452742026
accept-in,8997250274854647270,13686387452747041
accept-in,6527575674269666895,13686387455033162
accept-in,6527575674269666895,13686387455039199
accept-in,-3192574682131219875,13686387455684895
accept-in,-3192574682131219875,13686387455689466
accept-in,3883415983571927560,13686387456489594
accept-in,3883415983571927560,13686387456494591
accept-in,-1973712731602912001,13686387459162806
accept-in,-1973712731602912001,13686387459167383
accept-in,7322362537762850078,13686387462738821
accept-in,7322362537762850078,13686387462743480
accept-in,-5758759223015364622,13686387465019588
accept-in,-5758759223015364622,13686387465024616
accept-in,-5621356423662341644,13686387473965871
accept-in,-5621356423662341644,13686387473969713
accept-in,-4556063150836640141,13686387476101444
accept-in,-4556063150836640141,13686387476106426
accept-in,9105132813610295763,13686387478934713
accept-in,9105132813610295763,13686387478954218
accept-in,-7622614965035248305,13686387479905548
accept-in,-7622614965035248305,13686387479910548
accept-in,8328655392726189544,13686387480627181
accept-in,8328655392726189544,13686387480631484
accept-in,-1197079112063387643,13686387485101326
accept-in,-1197079112063387643,13686387485106334
accept-in,-6030840316981871775,13686387488627009
accept-in,-6030840316981871775,13686387488632061
accept-in,-8104430732600468796,13686387489455765
accept-in,-8104430732600468796,13686387489460830
accept-in,5237550577611040827,13686387492985375
accept-in,5237550577611040827,13686387492990292
accept-in,3641251671381252553,13686387496528509
accept-in,3641251671381252553,13686387496533995
accept-in,6579986533044861855,13686387498896664
accept-in,6579986533044861855,13686387498901476
accept-in,5041560317015995840,13686387500788699
accept-in,5041560317015995840,13686387500793047
accept-in,4163815404905899125,13686387503778762
accept-in,4163815404905899125,13686387503782962
accept-in,-5885447275845764402,13686387510523027
accept-in,-5885447275845764402,13686387510528027
accept-in,-5284196158926711464,13686387512123824
accept-in,-5284196158926711464,13686387512128846
accept-in,-4266728154518648017,13686387512517673
accept-in,-4266728154518648017,13686387512522668
accept-in,-40455937846758867,13686387513263990
accept-in,-40455937846758867,13686387513268898
accept-in,-3517552243614387940,13686387515254592
accept-in,-3517552243614387940,13686387515258486
accept-in,3502468889858293635,13686387515927061
accept-in,3502468889858293635,13686387515932241
accept-in,-3168744885232527384,13686387515934099
accept-in,-3168744885232527384,13686387515935535
accept-in,-7619727437080457335,13686387517115928
accept-in,-7619727437080457335,13686387517120444
accept-in,1370566876473675211,13686387517482167
accept-in,1370566876473675211,13686387517486350
accept-in,-3706661715796141855,13686387521183154
accept-in,-3706661715796141855,13686387521187855
accept-in,1382258201088113589,13686387526139422
accept-in,1382258201088113589,13686387526144414
accept-in,-2934624707681899866,13686387527410512
accept-in,-2934624707681899866,13686387527415653
accept-in,-3604934056936247027,13686387527417565
accept-in,-3604934056936247027,13686387527419036
accept-in,4880772527518397669,13686387530612985
accept-in,4880772527518397669,13686387530618028
accept-in,-6222389203322997742,13686387533670041
accept-in,-6222389203322997742,13686387533675061
accept-in,1983783737224907037,13686387538819685
accept-in,1983783737224907037,13686387538824728
