accept-in,-3423160963597489573,25596632828141
accept-in,-3423160963597489573,25596632834867
accept-in,7679836668924023333,25596636437913
accept-in,7679836668924023333,25596636444066
accept-in,6375216104459755127,25596640080578
accept-in,6375216104459755127,25596640087097
accept-in,5524109934389801242,25596643690712
accept-in,5524109934389801242,25596643698084
accept-in,-6157629412137955314,25596647266047
accept-in,-6157629412137955314,25596647272901
accept-in,-7413264263446344802,25596650909328
accept-in,-7413264263446344802,25596650922915
accept-in,5171848344859082838,25596654551743
accept-in,5171848344859082838,25596654558558
accept-in,-5608140278507763045,25596658095390
accept-in,-5608140278507763045,25596658101344
accept-in,4687376547979651599,25596661706826
accept-in,4687376547979651599,25596661712705
accept-in,-6545186875350778008,25596665295088
accept-in,-6545186875350778008,25596665300555
accept-in,5998888635076475766,25596668936381
accept-in,5998888635076475766,25596668944443
accept-in,-9019688989125205918,25596672551350
accept-in,-9019688989125205918,25596672566113
accept-in,-5236945720815508150,25596676160369
accept-in,-5236945720815508150,25596676168510
accept-in,108727006807104376,25596679763879
accept-in,108727006807104376,25596679769327
accept-in,4319201503787264491,25596683383146
accept-in,4319201503787264491,25596683390637
accept-in,-7384480540940715139,25596686996665
accept-in,-7384480540940715139,25596687005697
accept-in,4772542248004116050,25596690623246
accept-in,4772542248004116050,25596690631962
accept-in,6386251538933202384,25596694249158
accept-in,6386251538933202384,25596694256988
accept-in,1176452040271388395,25596697804513
accept-in,1176452040271388395,25596697817912
accept-in,-8434302786768128292,25596701498568
accept-in,-8434302786768128292,25596701505601
accept-in,-5119819441590776143,25596705041694
accept-in,-5119819441590776143,25596705048295
accept-in,1756966611527495695,25596708652025
accept-in,1756966611527495695,25596708658773
accept-in,7768795079546778763,25596712233281
accept-in,7768795079546778763,25596712249027
accept-in,-14796705316572431,25596715826325
accept-in,-14796705316572431,25596715832650
accept-in,-9124201982676416569,25596719511452
accept-in,-9124201982676416569,25596719519780
accept-in,7079468971343493606,25596723102040
accept-in,7079468971343493606,25596723107743
accept-in,3394492895519957727,25596726705965
accept-in,3394492895519957727,25596726714658
accept-in,-4668620185746509707,25596730284530
accept-in,-4668620185746509707,25596730290998
accept-in,6970928712847274845,25596733917779
accept-in,6970928712847274845,25596733923744
accept-in,-3521797258962220279,25596737546266
accept-in,-3521797258962220279,25596737553802
accept-in,8279176914082361800,25596741122498
accept-in,8279176914082361800,25596741129172
accept-in,-5005123408127670297,25596744758716
accept-in,-5005123408127670297,25596744765535
accept-in,740706104105620164,25596748336810
accept-in,740706104105620164,25596748342505
accept-in,-226175949065108986,25596751959536
accept-in,-226175949065108986,25596751965146
accept-in,5609008903606736821,25596755609917
accept-in,5609008903606736821,25596755616184
accept-in,8598568822869507644,25596759229320
accept-in,8598568822869507644,25596759235107
accept-in,-3647622403419977639,25596762814249
accept-in,-3647622403419977639,25596762820497
accept-in,-7773115750982325759,25596766408604
accept-in,-7773115750982325759,25596766421275
accept-in,-970572246457949678,25596770012773
accept-in,-970572246457949678,25596770018741
accept-in,6659813421245780864,25596773603318
accept-in,6659813421245780864,25596773610730
accept-in,5536286443742700476,25596777211961
accept-in,5536286443742700476,25596777227564
accept-in,9087292341627015056,25596780824581
accept-in,9087292341627015056,25596780846250
accept-in,-6958417400574113861,25596784501193
accept-in,-6958417400574113861,25596784507795
accept-in,-7563886188714937780,25596788108717
accept-in,-7563886188714937780,25596788116240
accept-in,-575669500245914441,25596791695644
accept-in,-575669500245914441,25596791702767
accept-in,-3536236542026432205,25596795295252
accept-in,-3536236542026432205,25596795304023
accept-in,8475063532451934975,25596798891337
accept-in,8475063532451934975,25596798899697
accept-in,-3811153683259310523,25596802506040
accept-in,-3811153683259310523,25596802512680
accept-in,1835298042220776786,25596806111581
accept-in,1835298042220776786,25596806118634
accept-in,-571515720317122450,25596809749227
accept-in,-571515720317122450,25596809761469
accept-in,52945745819315722,25596813325067
accept-in,52945745819315722,25596813330836
accept-in,-3524069319662236223,25596817023329
accept-in,-3524069319662236223,25596817028761
accept-in,-3120825906328674364,25596820652724
accept-in,-3120825906328674364,25596820658089
accept-in,-437884569857366006,25596824154956
accept-in,-437884569857366006,25596824161448
accept-in,-3736938401921402675,25596827761803
accept-in,-3736938401921402675,25596827767676
accept-in,-1185660248028579087,25596831377320
accept-in,-1185660248028579087,25596831382314
accept-in,-1714555894084456782,25596835039155
accept-in,-1714555894084456782,25596835044496
accept-in,-8076004536095372369,25596838652590
accept-in,-8076004536095372369,25596838659236
accept-in,-8642579332691743122,25596842195920
accept-in,-8642579332691743122,25596842201663
accept-in,4363174176880450804,25596845839211
accept-in,4363174176880450804,25596845845360
accept-in,2695353364591369006,25596849417331
accept-in,2695353364591369006,25596849424016
accept-in,4308889090036568685,25596853046193
accept-in,4308889090036568685,25596853052189
accept-in,-3145420359601402668,25596856650129
accept-in,-3145420359601402668,25596856655769
accept-in,3268762742185711718,25596860266969
accept-in,3268762742185711718,25596860273337
accept-in,3155701216956117329,25596863900825
accept-in,3155701216956117329,25596863906470
accept-in,2306273235787835100,25596867500709
accept-in,2306273235787835100,25596867506354
accept-in,1732596391849073494,25596871091007
accept-in,1732596391849073494,25596871097888
accept-in,5316334982489959392,25596874708178
accept-in,5316334982489959392,25596874714790
accept-in,-244347045437315341,25596878301944
accept-in,-244347045437315341,25596878308055
accept-in,-7605211681285702382,25596881908845
accept-in,-7605211681285702382,25596881914038
accept-in,7779601082213591069,25596885854350
accept-in,7779601082213591069,25596885859490
accept-in,-1913267674485089747,25596889202375
accept-in,-1913267674485089747,25596889208432
accept-in,1289193198779409603,25596892768605
accept-in,1289193198779409603,25596892775825
accept-in,-4485717721397256575,25596896375066
accept-in,-4485717721397256575,25596896382395
accept-in,6636590323875669974,25596899976410
accept-in,6636590323875669974,25596899983584
accept-in,-3951644417416701993,25596903586542
accept-in,-3951644417416701993,25596903593953
accept-in,-3321253615478751182,25596907210265
accept-in,-3321253615478751182,25596907218310
accept-in,-1479276406419749418,25596910934034
accept-in,-1479276406419749418,25596910941060
accept-in,-576354961733892166,25596914439959
accept-in,-576354961733892166,25596914445944
accept-in,-7764916070221312752,25596918058683
accept-in,-7764916070221312752,25596918066792
accept-in,-2919077051734560837,25596921658534
accept-in,-2919077051734560837,25596921687114
accept-in,-6361203093669493240,25596925327309
accept-in,-6361203093669493240,25596925334950
accept-in,2999510189833479094,25596928856909
accept-in,2999510189833479094,25596928864409
accept-in,9052038734348149211,25596932480721
accept-in,9052038734348149211,25596932486686
accept-in,5637664607370033273,25596936174097
accept-in,5637664607370033273,25596936181392
accept-in,9124477584163338766,25596939740861
accept-in,9124477584163338766,25596939749242
accept-in,-3408913611904647297,25596943353947
accept-in,-3408913611904647297,25596943362358
accept-in,3030317905106623611,25596946974013
accept-in,3030317905106623611,25596946980147
accept-in,-8993655690614017402,25596950534033
accept-in,-8993655690614017402,25596950542577
accept-in,-661090463539694580,25596954121893
accept-in,-661090463539694580,25596954128331
accept-in,7885214077547692810,25596957819778
accept-in,7885214077547692810,25596957827617
accept-in,5058685971234011069,25596961338391
accept-in,5058685971234011069,25596961345260
accept-in,1893241010184808559,25596964966921
accept-in,1893241010184808559,25596964973719
accept-in,-3452190404222333260,25596968577427
accept-in,-3452190404222333260,25596968583717
accept-in,7909824883934494556,25596972212851
accept-in,7909824883934494556,25596972219237
accept-in,-6615458921346947144,25596975800473
accept-in,-6615458921346947144,25596975812666
accept-in,1718341328063185699,25596979380780
accept-in,1718341328063185699,25596979386447
accept-in,-7719140659813007386,25596982995645
accept-in,-7719140659813007386,25596983002317
accept-in,6787227470797965351,25596986670920
accept-in,6787227470797965351,25596986677916
accept-in,4422493928160193043,25596990179307
accept-in,4422493928160193043,25596990186395
accept-in,-1621218597187726093,25596993824370
accept-in,-1621218597187726093,25596993830330
accept-in,7270878317857866930,25596997442266
accept-in,7270878317857866930,25596997448945
accept-in,-3880885659325511549,25597000974584
accept-in,-3880885659325511549,25597000980606
accept-in,4357122197525492627,25597004675306
accept-in,4357122197525492627,25597004682018
accept-in,8046616680223592354,25597008267172
accept-in,8046616680223592354,25597008274099
accept-in,-850535948015678127,25597011884328
accept-in,-850535948015678127,25597011890936
accept-in,-6464320292590366059,25597015466471
accept-in,-6464320292590366059,25597015473351
accept-in,6052735323863685445,25597019252862
accept-in,6052735323863685445,25597019260316
accept-in,-2683592715828339421,25597022730047
accept-in,-2683592715828339421,25597022738149
accept-in,-4231073503766366612,25597026327338
accept-in,-4231073503766366612,25597026333898
accept-in,-5994005221028458493,25597029923431
accept-in,-5994005221028458493,25597029930656
accept-in,-1175486595163117066,25597033565224
accept-in,-1175486595163117066,25597033571745
accept-in,-7314801754529231985,25597037164106
accept-in,-7314801754529231985,25597037169759
accept-in,-9017391115453709730,25597040764230
accept-in,-9017391115453709730,25597040769576
accept-in,7832102709441233103,25597044373925
accept-in,7832102709441233103,25597044379586
accept-in,5660017739039178034,25597047975924
accept-in,5660017739039178034,25597047981706
accept-in,-5555182389793846783,25597051614640
accept-in,-5555182389793846783,25597051620222
accept-in,9007585019419606253,25597055202332
accept-in,9007585019419606253,25597055208277
accept-in,-6863584070742322494,25597058798203
accept-in,-6863584070742322494,25597058804303
accept-in,-7584973361289808934,25597062409531
accept-in,-7584973361289808934,25597062417498
accept-in,-5192327073478008379,25597066036819
accept-in,-5192327073478008379,25597066046507
accept-in,-8503455276521765692,25597069656398
accept-in,-8503455276521765692,25597069670412
accept-in,-2056104970774732208,25597073276244
accept-in,-2056104970774732208,25597073291780
accept-in,7305808403657614209,25597076861314
accept-in,7305808403657614209,25597076868565
accept-in,-1973431193274747925,25597080467145
accept-in,-1973431193274747925,25597080474705
accept-in,-4873061397165044182,25597084148787
accept-in,-4873061397165044182,25597084156386
accept-in,-5108720478705653650,25597087695329
accept-in,-5108720478705653650,25597087703331
accept-in,8517961790371037068,25597091298856
accept-in,8517961790371037068,25597091306354
accept-in,-8322730581443972013,25597094938495
accept-in,-8322730581443972013,25597094945408
accept-in,1353395476714476494,25597098602702
accept-in,1353395476714476494,25597098615974
accept-in,-9120833041198247700,25597102149568
accept-in,-9120833041198247700,25597102157187
accept-in,-2844174068792641731,25597105836997
accept-in,-2844174068792641731,25597105845483
accept-in,797380023627174337,25597109366987
accept-in,797380023627174337,25597109375512
accept-in,5245303240872070615,25597113029210
accept-in,5245303240872070615,25597113041015
accept-in,-3580700477339151287,25597116578185
accept-in,-3580700477339151287,25597116586753
accept-in,4460226825164481263,25597120202615
accept-in,4460226825164481263,25597120209820
accept-in,-3237366349661272384,25597123881818
accept-in,-3237366349661272384,25597123887961
accept-in,4824045870263009006,25597127429638
accept-in,4824045870263009006,25597127437518
accept-in,-6675946782953093087,25597131004636
accept-in,-6675946782953093087,25597131012179
accept-in,-5039120568992095547,25597134644418
accept-in,-5039120568992095547,25597134650899
accept-in,174076566195427860,25597138234734
accept-in,174076566195427860,25597138242727
accept-in,6930638503429826941,25597141891334
accept-in,6930638503429826941,25597141900668
accept-in,7330922726895886248,25597145444534
accept-in,7330922726895886248,25597145451019
accept-in,-8007614128183019716,25597149126710
accept-in,-8007614128183019716,25597149132204
accept-in,7240410353878901635,25597152665178
accept-in,7240410353878901635,25597152670732
accept-in,-9157983534182886279,25597156281600
accept-in,-9157983534182886279,25597156287399
accept-in,-4074712114968642179,25597159921026
accept-in,-4074712114968642179,25597159926514
accept-in,-3988459424018679986,25597163491694
accept-in,-3988459424018679986,25597163497134
accept-in,4406587678747994328,25597167102822
accept-in,4406587678747994328,25597167109194
accept-in,1647344784475350939,25597170798397
accept-in,1647344784475350939,25597170806398
accept-in,-3129013367800166488,25597174274660
accept-in,-3129013367800166488,25597174282450
accept-in,2474427852749339368,25597177929591
accept-in,2474427852749339368,25597177936632
accept-in,5583979433976822827,25597181579867
accept-in,5583979433976822827,25597181586269
accept-in,-4320730218742996730,25597185196900
accept-in,-4320730218742996730,25597185207997
accept-in,-6435038913770387460,25597188780929
accept-in,-6435038913770387460,25597188790695
accept-in,1898847905254080093,25597192384091
accept-in,1898847905254080093,25597192390544
accept-in,4430806307079361073,25597196108401
accept-in,4430806307079361073,25597196167810
accept-in,858027787179728213,25597199664380
accept-in,858027787179728213,25597199671935
accept-in,-814578750472615933,25597203275045
accept-in,-814578750472615933,25597203283595
accept-in,32051480115518739,25597206889978
accept-in,32051480115518739,25597206902441
accept-in,-5503665404888013291,25597210429879
accept-in,-5503665404888013291,25597210439709
accept-in,3455358661226815813,25597214024307
accept-in,3455358661226815813,25597214038433
accept-in,-7067234872175404436,25597217647255
accept-in,-7067234872175404436,25597217654406
accept-in,-3926410979361375739,25597221277223
accept-in,-3926410979361375739,25597221291408
accept-in,3349823044266022513,25597224959943
accept-in,3349823044266022513,25597225021602
accept-in,-3999677661941528435,25597228508923
accept-in,-3999677661941528435,25597228543037
accept-in,6500440969027138145,25597232073137
accept-in,6500440969027138145,25597232079095
accept-in,7874631285266924257,25597235713634
accept-in,7874631285266924257,25597235720147
accept-in,-2164862116444326155,25597239399160
accept-in,-2164862116444326155,25597239405519
accept-in,-6285606246170240401,25597242929898
accept-in,-6285606246170240401,25597242936034
accept-in,-451211214642414189,25597246512241
accept-in,-451211214642414189,25597246523640
accept-in,-4625590957387480533,25597250135862
accept-in,-4625590957387480533,25597250141689
accept-in,8228408465513956235,25597253752392
accept-in,8228408465513956235,25597253758182
accept-in,7602039949250962687,25597257392364
accept-in,7602039949250962687,25597257400339
accept-in,6304073095295628072,25597260988777
accept-in,6304073095295628072,25597260998314
accept-in,3394904065630684016,25597264597089
accept-in,3394904065630684016,25597264607445
accept-in,-6366282913429063159,25597268220278
accept-in,-6366282913429063159,25597268227551
accept-in,-2335841986216632216,25597271842578
accept-in,-2335841986216632216,25597271852486
accept-in,2514902326319327511,25597275452374
accept-in,2514902326319327511,25597275459585
accept-in,335323137925158138,25597279064192
accept-in,335323137925158138,25597279069834
accept-in,5240030603539237890,25597282660108
accept-in,5240030603539237890,25597282666386
accept-in,-8852648228845391959,25597286235772
accept-in,-8852648228845391959,25597286242278
accept-in,-1771766411590185824,25597289911166
accept-in,-1771766411590185824,25597289917688
accept-in,-7487623711417271714,25597293503058
accept-in,-7487623711417271714,25597293510084
accept-in,5522979430074078381,25597297057155
accept-in,5522979430074078381,25597297064104
accept-in,8415049958893221808,25597300677326
accept-in,8415049958893221808,25597300683136
accept-in,-4242898274195208352,25597304343563
accept-in,-4242898274195208352,25597304350111
accept-in,6905575228618569511,25597307946713
accept-in,6905575228618569511,25597307952410
accept-in,5094119570577862414,25597311502350
accept-in,5094119570577862414,25597311508412
accept-in,8440181549485147479,25597315103081
accept-in,8440181549485147479,25597315108465
accept-in,4537478367979903772,25597318819379
accept-in,4537478367979903772,25597318825321
accept-in,-5689902824947029525,25597322388284
accept-in,-5689902824947029525,25597322398744
accept-in,-7724266293756530523,25597325945619
accept-in,-7724266293756530523,25597325951750
accept-in,3896205923243791253,25597329599126
accept-in,3896205923243791253,25597329605468
accept-in,520747746827597612,25597333178189
accept-in,520747746827597612,25597333186840
accept-in,-4180677346037739896,25597336791165
accept-in,-4180677346037739896,25597336796660
accept-in,-7864575246397282818,25597340379414
accept-in,-7864575246397282818,25597340386088
accept-in,-2819675720919006781,25597344049758
accept-in,-2819675720919006781,25597344055703
accept-in,3009102523443134964,25597347602629
accept-in,3009102523443134964,25597347608900
accept-in,-6024774873390680207,25597351240391
accept-in,-6024774873390680207,25597351246324
accept-in,3809033727172490756,25597354828291
accept-in,3809033727172490756,25597354839883
accept-in,-2005830176623578553,25597358426378
accept-in,-2005830176623578553,25597358434789
accept-in,-1006906147984202950,25597362045835
accept-in,-1006906147984202950,25597362054071
accept-in,7870992906167579645,25597365670036
accept-in,7870992906167579645,25597365675447
accept-in,-6295258262841396678,25597369267351
accept-in,-6295258262841396678,25597369272917
accept-in,-7305110828420295925,25597372892240
accept-in,-7305110828420295925,25597372898106
accept-in,5859727915838753886,25597376503298
accept-in,5859727915838753886,25597376515304
accept-in,-2437873422173572779,25597380123930
accept-in,-2437873422173572779,25597380129215
accept-in,-7949939924516728017,25597383765012
accept-in,-7949939924516728017,25597383770282
accept-in,-7250085420533704630,25597387319959
accept-in,-7250085420533704630,25597387327171
accept-in,-2407120030283860796,25597390930468
accept-in,-2407120030283860796,25597390936008
accept-in,6288172153532748007,25597394536761
accept-in,6288172153532748007,25597394546888
accept-in,-2764349860581463609,25597398150960
accept-in,-2764349860581463609,25597398159855
accept-in,-4252315789107389698,25597401766532
accept-in,-4252315789107389698,25597401772356
accept-in,-8213557445243737314,25597405354128
accept-in,-8213557445243737314,25597405359909
accept-in,-3265901436088630848,25597408979600
accept-in,-3265901436088630848,25597408985313
accept-in,-7329449489117726142,25597412579226
accept-in,-7329449489117726142,25597412588269
accept-in,2841423388837691038,25597416218281
accept-in,2841423388837691038,25597416226926
accept-in,-1387121068479293147,25597419847436
accept-in,-1387121068479293147,25597419853136
accept-in,-7686855370730356535,25597423747495
accept-in,-7686855370730356535,25597423753533
accept-in,-1156253043834760296,25597427028128
accept-in,-1156253043834760296,25597427040836
accept-in,1604599562726935644,25597430684276
accept-in,1604599562726935644,25597430694259
accept-in,5562968094740769479,25597434229410
accept-in,5562968094740769479,25597434234630
accept-in,-597456583399957118,25597437867072
accept-in,-597456583399957118,25597437873298
accept-in,-2097451201987788592,25597441480677
accept-in,-2097451201987788592,25597441486629
accept-in,-2083083028704284496,25597445076593
accept-in,-2083083028704284496,25597445081638
accept-in,-1422795768548813359,25597448690730
accept-in,-1422795768548813359,25597448696024
accept-in,1107068496224353085,25597452355846
accept-in,1107068496224353085,25597452362350
accept-in,3218564969278465719,25597455902227
accept-in,3218564969278465719,25597455908531
accept-in,3551844071341038305,25597459532986
accept-in,3551844071341038305,25597459538662
accept-in,7174450519285574462,25597463196245
accept-in,7174450519285574462,25597463202643
accept-in,3891986086635626620,25597466760058
accept-in,3891986086635626620,25597466766319
accept-in,458532732335016374,25597470384624
accept-in,458532732335016374,25597470390910
accept-in,1487139431876648041,25597473998193
accept-in,1487139431876648041,25597474007503
accept-in,5237734260181953323,25597477558826
accept-in,5237734260181953323,25597477564695
accept-in,-347964599250217026,25597481207859
accept-in,-347964599250217026,25597481213729
accept-in,-6391479917653025105,25597484799641
accept-in,-6391479917653025105,25597484805228
accept-in,8416367967681111216,25597488432006
accept-in,8416367967681111216,25597488438283
accept-in,3918787025265993529,25597492091082
accept-in,3918787025265993529,25597492098886
accept-in,4066443120807601300,25597495675255
accept-in,4066443120807601300,25597495680334
accept-in,4847715858678675028,25597499536663
accept-in,4847715858678675028,25597499542079
accept-in,-2704748763029650197,25597502850181
accept-in,-2704748763029650197,25597502855934
accept-in,-178511510391190149,25597506406556
accept-in,-178511510391190149,25597506422303
accept-in,-8798441418323828929,25597510086515
accept-in,-8798441418323828929,25597510092171
accept-in,-186963903726989222,25597513771999
accept-in,-186963903726989222,25597513778617
accept-in,-755969061992255836,25597517362303
accept-in,-755969061992255836,25597517369330
accept-in,-6735098338167082363,25597520927703
accept-in,-6735098338167082363,25597520936638
accept-in,-5353866690644501688,25597524540625
accept-in,-5353866690644501688,25597524546680
accept-in,4297702857771166543,25597528124042
accept-in,4297702857771166543,25597528130495
accept-in,-1512177469600408357,25597531717813
accept-in,-1512177469600408357,25597531723121
accept-in,4009889357070918243,25597535327349
accept-in,4009889357070918243,25597535333764
accept-in,5561621970350155735,25597538967081
accept-in,5561621970350155735,25597538973296
accept-in,129881146042973441,25597542573432
accept-in,129881146042973441,25597542579764
accept-in,7994998870326390159,25597546182989
accept-in,7994998870326390159,25597546188225
accept-in,-6705544310803704782,25597549761292
accept-in,-6705544310803704782,25597549766115
accept-in,-549137097572433621,25597553457580
accept-in,-549137097572433621,25597553463006
accept-in,-2753382622361893279,25597556996434
accept-in,-2753382622361893279,25597557002542
accept-in,-8737943345446165458,25597560600473
accept-in,-8737943345446165458,25597560607070
accept-in,-7392307608866570937,25597564242470
accept-in,-7392307608866570937,25597564248661
accept-in,7937324993808146615,25597567817434
accept-in,7937324993808146615,25597567834614
accept-in,-1410984990283495978,25597571421788
accept-in,-1410984990283495978,25597571427560
accept-in,-1649135987404878961,25597575060676
accept-in,-1649135987404878961,25597575066474
accept-in,2519894307005437497,25597578661682
accept-in,2519894307005437497,25597578667511
accept-in,-1937878590773224286,25597582740163
accept-in,-1937878590773224286,25597582747340
accept-in,-3946904688547557014,25597585884751
accept-in,-3946904688547557014,25597585890589
accept-in,4252582280722393369,25597589482963
accept-in,4252582280722393369,25597589488486
accept-in,4035226279887312018,25597593082634
accept-in,4035226279887312018,25597593087790
accept-in,4556613788947915600,25597596752932
accept-in,4556613788947915600,25597596761157
accept-in,-8341876408802576823,25597600313604
accept-in,-8341876408802576823,25597600318444
accept-in,-1224306619912578490,25597603970648
accept-in,-1224306619912578490,25597603975694
accept-in,3390695080521044186,25597607555350
accept-in,3390695080521044186,25597607560222
accept-in,-4606015936690058525,25597611155000
accept-in,-4606015936690058525,25597611161592
accept-in,3085395839201071361,25597614756304
accept-in,3085395839201071361,25597614763573
accept-in,1036685831066769182,25597618488507
accept-in,1036685831066769182,25597618495838
accept-in,-6715615714336518708,25597621984200
accept-in,-6715615714336518708,25597621989599
accept-in,-2066896747603173551,25597626370363
accept-in,-2066896747603173551,25597626377731
accept-in,994699801557783692,25597629808814
accept-in,994699801557783692,25597629815590
accept-in,805348244874526389,25597632806223
accept-in,805348244874526389,25597632815175
accept-in,-932456768648210698,25597636393158
accept-in,-932456768648210698,25597636403973
accept-in,-5582638262571292286,25597640076673
accept-in,-5582638262571292286,25597640083116
accept-in,-8855353425458790199,25595838632586
accept-in,-8855353425458790199,25595838640187
accept-in,8760616756886728372,25595842233773
accept-in,8760616756886728372,25595842240420
accept-in,1940166475816548308,25595845845289
accept-in,1940166475816548308,25595845852336
accept-in,-444628005628002664,25595849483765
accept-in,-444628005628002664,25595849490865
accept-in,-7893167468336949585,25595853088588
accept-in,-7893167468336949585,25595853096146
accept-in,-4367188712504587108,25595856700373
accept-in,-4367188712504587108,25595856712536
accept-in,-9015437482202737784,25595860283748
accept-in,-9015437482202737784,25595860291133
accept-in,-5253746856208181235,25595863911241
accept-in,-5253746856208181235,25595863918248
accept-in,-1808044439594287232,25595867648680
accept-in,-1808044439594287232,25595867656392
accept-in,-5262261459617093836,25595871172267
accept-in,-5262261459617093836,25595871179556
accept-in,2406646401758155633,25595874779367
accept-in,2406646401758155633,25595874789527
accept-in,4269881404410193538,25595878453466
accept-in,4269881404410193538,25595878462602
accept-in,5703211022124880980,25595882044365
accept-in,5703211022124880980,25595882052786
accept-in,6658204468888678286,25595885601387
accept-in,6658204468888678286,25595885609161
accept-in,-4411953281713574590,25595889257220
accept-in,-4411953281713574590,25595889264280
accept-in,-3433234808744844766,25595892888892
accept-in,-3433234808744844766,25595892896868
accept-in,3742409024235471759,25595896396526
accept-in,3742409024235471759,25595896404548
accept-in,8963306132537998154,25595900026978
accept-in,8963306132537998154,25595900033907
accept-in,7813531639089245659,25595903643329
accept-in,7813531639089245659,25595903650436
accept-in,-1219304063738096734,25595907232230
accept-in,-1219304063738096734,25595907239611
accept-in,-6773033266463942996,25595910871619
accept-in,-6773033266463942996,25595910878273
accept-in,7758380294582227715,25595914530605
accept-in,7758380294582227715,25595914537361
accept-in,9158156381709746283,25595918052517
accept-in,9158156381709746283,25595918059092
accept-in,-1727381633309525356,25595921737104
accept-in,-1727381633309525356,25595921743540
accept-in,-8556268556505111390,25595925346082
accept-in,-8556268556505111390,25595925352962
accept-in,-7417562362614635431,25595928913683
accept-in,-7417562362614635431,25595928919678
accept-in,-814221984864094424,25595932500573
accept-in,-814221984864094424,25595932506785
accept-in,8425545101510099878,25595936113122
accept-in,8425545101510099878,25595936120179
accept-in,781411237341729953,25595939722259
accept-in,781411237341729953,25595939728843
accept-in,-7053273420093881039,25595943371013
accept-in,-7053273420093881039,25595943377031
accept-in,-7989126604054671598,25595947103912
accept-in,-7989126604054671598,25595947109781
accept-in,-4529627386574376909,25595950560302
accept-in,-4529627386574376909,25595950567900
accept-in,4857242479454649340,25595954154757
accept-in,4857242479454649340,25595954162031
accept-in,2156902961735831798,25595957899958
accept-in,2156902961735831798,25595957906420
accept-in,-7465477175528351950,25595961377838
accept-in,-7465477175528351950,25595961385149
accept-in,-5320679731941543329,25595964964295
accept-in,-5320679731941543329,25595964970574
accept-in,2793214995463495922,25595968610669
accept-in,2793214995463495922,25595968617348
accept-in,-789217648661468047,25595972194479
accept-in,-789217648661468047,25595972201218
accept-in,7066698525271520628,25595975826718
accept-in,7066698525271520628,25595975834367
accept-in,-6491949238374371473,25595979450095
accept-in,-6491949238374371473,25595979457387
accept-in,293742726660465016,25595983063224
accept-in,293742726660465016,25595983070560
accept-in,-5893527531474335389,25595986639586
accept-in,-5893527531474335389,25595986646632
accept-in,5122441409696121714,25595990244028
accept-in,5122441409696121714,25595990250730
accept-in,8537922364584623580,25595993895917
accept-in,8537922364584623580,25595993903211
accept-in,6583911849838807307,25595997476872
accept-in,6583911849838807307,25595997484682
accept-in,-6757374513409719697,25596001180518
accept-in,-6757374513409719697,25596001186852
accept-in,1287577768642668697,25596004703352
accept-in,1287577768642668697,25596004710450
accept-in,281034700429839524,25596008333531
accept-in,281034700429839524,25596008341440
accept-in,8309138717856953755,25596011909137
accept-in,8309138717856953755,25596011917107
accept-in,3903406968343879871,25596015478655
accept-in,3903406968343879871,25596015486185
accept-in,-3540482835647573252,25596019180695
accept-in,-3540482835647573252,25596019186752
accept-in,-5709480749450289480,25596022739408
accept-in,-5709480749450289480,25596022746915
accept-in,1959905056009574653,25596026362449
accept-in,1959905056009574653,25596026369330
accept-in,-8131990404567090606,25596029974884
accept-in,-8131990404567090606,25596029983978
accept-in,-4234802108790084394,25596033682822
accept-in,-4234802108790084394,25596033692501
accept-in,5509459991146659914,25596037210907
accept-in,5509459991146659914,25596037220637
accept-in,-4867875827531859720,25596040805270
accept-in,-4867875827531859720,25596040822087
accept-in,6851766816119896019,25596044616788
accept-in,6851766816119896019,25596044626888
accept-in,-5325592977883305687,25596048116019
accept-in,-5325592977883305687,25596048123512
accept-in,4149994692047776074,25596051721118
accept-in,4149994692047776074,25596051730403
accept-in,-7527086832548946950,25596055329111
accept-in,-7527086832548946950,25596055337587
accept-in,-3043593350269576585,25596058927682
accept-in,-3043593350269576585,25596058939785
accept-in,4034153177254048717,25596062953263
accept-in,4034153177254048717,25596062963058
accept-in,4755761623170199531,25596066143021
accept-in,4755761623170199531,25596066152133
accept-in,-3324883007832801016,25596069793811
accept-in,-3324883007832801016,25596069801321
accept-in,2116781517337870748,25596073311140
accept-in,2116781517337870748,25596073320434
accept-in,8580618445909857865,25596076893947
accept-in,8580618445909857865,25596076900710
accept-in,-8386446702794882504,25596080535452
accept-in,-8386446702794882504,25596080544141
accept-in,-7665920961983314938,25596084107394
accept-in,-7665920961983314938,25596084114498
accept-in,5526061563390453009,25596087744431
accept-in,5526061563390453009,25596087754751
accept-in,-4902395043790381204,25596091334818
accept-in,-4902395043790381204,25596091344114
accept-in,-949633346329478358,25596094968250
accept-in,-949633346329478358,25596094978091
accept-in,7025876473905980004,25596098563819
accept-in,7025876473905980004,25596098574509
accept-in,780465531192110583,25596102171461
accept-in,780465531192110583,25596102182840
accept-in,1617527540072451174,25596105768015
accept-in,1617527540072451174,25596105778970
accept-in,1553387561613517861,25596109397222
accept-in,1553387561613517861,25596109405939
accept-in,6443468717429463242,25596112994794
accept-in,6443468717429463242,25596113003777
accept-in,-3544629785502319280,25596116603142
accept-in,-3544629785502319280,25596116614416
accept-in,-1008360756000133052,25596120283867
accept-in,-1008360756000133052,25596120292517
accept-in,-6016281456422319755,25596123919177
accept-in,-6016281456422319755,25596123935868
accept-in,6852785802467672056,25596127474443
accept-in,6852785802467672056,25596127483077
accept-in,3627197008943917372,25596131028473
accept-in,3627197008943917372,25596131034786
accept-in,-6750145843737385646,25596134732993
accept-in,-6750145843737385646,25596134745905
accept-in,-2019804133580787138,25596138262103
accept-in,-2019804133580787138,25596138269227
accept-in,-3928102745859216186,25596141883506
accept-in,-3928102745859216186,25596141889651
accept-in,7671466061629904242,25596145457287
accept-in,7671466061629904242,25596145463723
accept-in,-2951983940216598209,25596149085900
accept-in,-2951983940216598209,25596149093307
accept-in,3912344382365239825,25596152717840
accept-in,3912344382365239825,25596152725279
accept-in,2532756032888790558,25596156359541
accept-in,2532756032888790558,25596156367039
accept-in,5523339135317173459,25596159917376
accept-in,5523339135317173459,25596159923597
accept-in,4758630111494602549,25596163525525
accept-in,4758630111494602549,25596163532439
accept-in,-2233646416385031071,25596167136073
accept-in,-2233646416385031071,25596167143301
accept-in,2839989077443338973,25596170779604
accept-in,2839989077443338973,25596170786549
accept-in,-3472976933214141650,25596174398648
accept-in,-3472976933214141650,25596174406746
accept-in,-315784488571174283,25596178023270
accept-in,-315784488571174283,25596178035353
accept-in,2690191036283000934,25596181685346
accept-in,2690191036283000934,25596181691927
accept-in,7978366512331316883,25596185210156
accept-in,7978366512331316883,25596185217129
accept-in,-31836978692856277,25596188816812
accept-in,-31836978692856277,25596188824213
accept-in,187566075670976280,25596192450570
accept-in,187566075670976280,25596192457075
accept-in,8836402597031190791,25596196059887
accept-in,8836402597031190791,25596196065797
accept-in,4939864192745705272,25596199700355
accept-in,4939864192745705272,25596199707062
accept-in,-1930263485291859579,25596203230844
accept-in,-1930263485291859579,25596203238012
accept-in,-270010161939321309,25596206956633
accept-in,-270010161939321309,25596206964229
accept-in,925095372483625591,25596210470525
accept-in,925095372483625591,25596210478378
accept-in,161402874276245634,25596214081946
accept-in,161402874276245634,25596214090210
accept-in,-7814593827252997487,25596217733945
accept-in,-7814593827252997487,25596217742371
accept-in,500699015814876139,25596221307830
accept-in,500699015814876139,25596221316202
accept-in,-5054125792282395550,25596224930756
accept-in,-5054125792282395550,25596224944418
accept-in,4850324373230070792,25596228695687
accept-in,4850324373230070792,25596228702094
accept-in,6595109335900860038,25596232146617
accept-in,6595109335900860038,25596232154652
accept-in,7481924307066356989,25596235765836
accept-in,7481924307066356989,25596235772695
accept-in,8005234537297827678,25596239351837
accept-in,8005234537297827678,25596239358330
accept-in,-7327627298490772629,25596242998836
accept-in,-7327627298490772629,25596243007538
accept-in,-2650396623703660465,25596246560497
accept-in,-2650396623703660465,25596246569217
accept-in,-712086102761592594,25596250155338
accept-in,-712086102761592594,25596250164890
accept-in,4911582119635823692,25596253853310
accept-in,4911582119635823692,25596253861875
accept-in,-3641202950110587308,25596257436634
accept-in,-3641202950110587308,25596257444066
accept-in,-8885873202556978983,25596261182182
accept-in,-8885873202556978983,25596261188913
accept-in,-1278453542149457509,25596264589256
accept-in,-1278453542149457509,25596264595535
accept-in,8294726097156942949,25596268311362
accept-in,8294726097156942949,25596268320258
accept-in,5012264958401220232,25596271836855
accept-in,5012264958401220232,25596271845220
accept-in,-3559730473673769425,25596275496337
accept-in,-3559730473673769425,25596275505012
accept-in,1938260360427093180,25596279113529
accept-in,1938260360427093180,25596279120594
accept-in,-5767507721503607142,25596282676388
accept-in,-5767507721503607142,25596282684036
accept-in,-1689792344909863967,25596286263172
accept-in,-1689792344909863967,25596286269796
accept-in,1213601453739331747,25596289924361
accept-in,1213601453739331747,25596289932817
accept-in,-917454286126689704,25596293493684
accept-in,-917454286126689704,25596293502687
accept-in,-3132419676524676795,25596297146646
accept-in,-3132419676524676795,25596297154614
accept-in,-7772506967964543984,25596300713052
accept-in,-7772506967964543984,25596300719678
accept-in,5826790545035956748,25596304344244
accept-in,5826790545035956748,25596304350981
accept-in,-7963335866220052497,25596307954098
accept-in,-7963335866220052497,25596307960896
accept-in,-539482506185724813,25596311560195
accept-in,-539482506185724813,25596311567033
accept-in,4236331325685091137,25596315157990
accept-in,4236331325685091137,25596315165118
accept-in,8452186916670535239,25596318747716
accept-in,8452186916670535239,25596318755296
accept-in,-5993034900142143783,25596322369271
accept-in,-5993034900142143783,25596322376972
accept-in,6190929014465792015,25596326001426
accept-in,6190929014465792015,25596326009188
accept-in,-7263115777678566432,25596329575905
accept-in,-7263115777678566432,25596329583253
accept-in,-1780173039864468118,25596333200681
accept-in,-1780173039864468118,25596333206757
accept-in,3945131816314126598,25596336803905
accept-in,3945131816314126598,25596336814266
accept-in,-1842994528942187022,25596340459845
accept-in,-1842994528942187022,25596340465935
accept-in,-3890886510190490907,25596344128991
accept-in,-3890886510190490907,25596344135271
accept-in,8414772474305574269,25596347637196
accept-in,8414772474305574269,25596347643502
accept-in,375517827742486992,25596351241340
accept-in,375517827742486992,25596351247373
accept-in,-5515517424791133750,25596354949260
accept-in,-5515517424791133750,25596354956718
accept-in,-1180240505380408229,25596358585908
accept-in,-1180240505380408229,25596358592468
accept-in,6282216057545837434,25596362084593
accept-in,6282216057545837434,25596362090225
accept-in,2341325698808852072,25596365683840
accept-in,2341325698808852072,25596365689346
accept-in,-7667810513652905097,25596369314732
accept-in,-7667810513652905097,25596369321396
accept-in,3593729740877800532,25596372921430
accept-in,3593729740877800532,25596372934793
accept-in,4156440024340236371,25596376508465
accept-in,4156440024340236371,25596376514432
accept-in,-59844719980089249,25596380126969
accept-in,-59844719980089249,25596380133019
accept-in,5902675873857946881,25596383735664
accept-in,5902675873857946881,25596383741870
accept-in,4921842981113473036,25596387424418
accept-in,4921842981113473036,25596387433211
accept-in,951779645897873805,25596391151395
accept-in,951779645897873805,25596391159047
accept-in,7717345905050449234,25596394645369
accept-in,7717345905050449234,25596394652848
accept-in,-1092086601123891070,25596398171283
accept-in,-1092086601123891070,25596398177584
accept-in,-6363440667511080757,25596401807025
accept-in,-6363440667511080757,25596401812939
accept-in,-3698982433818492988,25596405372972
accept-in,-3698982433818492988,25596405380009
accept-in,-3651010491177584943,25596409024438
accept-in,-3651010491177584943,25596409031656
accept-in,-2734444900592006680,25596412617315
accept-in,-2734444900592006680,25596412624131
accept-in,-705738009655426518,25596416223654
accept-in,-705738009655426518,25596416230220
accept-in,-2795285116215269133,25596419919209
accept-in,-2795285116215269133,25596419925510
accept-in,-6390315322973486009,25596423466682
accept-in,-6390315322973486009,25596423472671
accept-in,-8867035835798959844,25596427059316
accept-in,-8867035835798959844,25596427065893
accept-in,-9147454800747036736,25596430671000
accept-in,-9147454800747036736,25596430678036
accept-in,3906764147398033398,25596434299149
accept-in,3906764147398033398,25596434307137
accept-in,5706197218091276454,25596437886611
accept-in,5706197218091276454,25596437893113
accept-in,-8585387645808277418,25596441480716
accept-in,-8585387645808277418,25596441487235
accept-in,7643165282045546127,25596445148537
accept-in,7643165282045546127,25596445155764
accept-in,-3261138667109649245,25596452092548
accept-in,-3261138667109649245,25596452104075
accept-in,7481818290064463833,25596452296824
accept-in,7481818290064463833,25596452300337
accept-in,-310075423764966509,25596455917127
accept-in,-310075423764966509,25596455923751
accept-in,-4306782745801991821,25596459552201
accept-in,-4306782745801991821,25596459566617
accept-in,6584300386635269782,25596463275638
accept-in,6584300386635269782,25596463286284
accept-in,-2820693678725159993,25596466767708
accept-in,-2820693678725159993,25596466775971
accept-in,6798951550499843949,25596470406919
accept-in,6798951550499843949,25596470415609
accept-in,-8749485314819026882,25596474005697
accept-in,-8749485314819026882,25596474011658
accept-in,-2715246828595675653,25596477592708
accept-in,-2715246828595675653,25596477600152
accept-in,-2711445680593385476,25596481225380
accept-in,-2711445680593385476,25596481232165
accept-in,-3149131615991565023,25596484856951
accept-in,-3149131615991565023,25596484864606
accept-in,3470093950532814476,25596488490687
accept-in,3470093950532814476,25596488497396
accept-in,8163341792494854636,25596492078616
accept-in,8163341792494854636,25596492086094
accept-in,7060379108197203769,25596495637744
accept-in,7060379108197203769,25596495645354
accept-in,-7767053052429074353,25596499291261
accept-in,-7767053052429074353,25596499297288
accept-in,6598144502559820211,25596502860524
accept-in,6598144502559820211,25596502866209
accept-in,1183941543685207825,25596506479740
accept-in,1183941543685207825,25596506485314
accept-in,6193059362361036206,25596510247069
accept-in,6193059362361036206,25596510253729
accept-in,4750738995789078402,25596513718970
accept-in,4750738995789078402,25596513726281
accept-in,5461049766304701117,25596517361348
accept-in,5461049766304701117,25596517368013
accept-in,5201598162610550224,25596520956700
accept-in,5201598162610550224,25596520963064
accept-in,3236700766430414450,25596524536338
accept-in,3236700766430414450,25596524543623
accept-in,6017928149993522827,25596528136476
accept-in,6017928149993522827,25596528143149
accept-in,5327726180163099885,25596531778363
accept-in,5327726180163099885,25596531784279
accept-in,-2276913453369624340,25596535397124
accept-in,-2276913453369624340,25596535403262
accept-in,-3596841240506765062,25596538953165
accept-in,-3596841240506765062,25596538960122
accept-in,2385706309482666831,25596542609664
accept-in,2385706309482666831,25596542615845
accept-in,-3008462071678652336,25596546242218
accept-in,-3008462071678652336,25596546249084
accept-in,-4652014505502888861,25596549848483
accept-in,-4652014505502888861,25596549854599
accept-in,4494955536194773083,25596553409547
accept-in,4494955536194773083,25596553423484
accept-in,-2843087581684883594,25596557023098
accept-in,-2843087581684883594,25596557029530
accept-in,5772249940879764677,25596560633308
accept-in,5772249940879764677,25596560639047
accept-in,-6406732863860368423,25596564296448
accept-in,-6406732863860368423,25596564308409
accept-in,-8333979089908077059,25596567825047
accept-in,-8333979089908077059,25596567838490
accept-in,3178704540656540890,25596571450831
accept-in,3178704540656540890,25596571457202
accept-in,-3244409528667067753,25596575065936
accept-in,-3244409528667067753,25596575070780
accept-in,5144117036947522792,25596578693002
accept-in,5144117036947522792,25596578698770
accept-in,4598502609860677221,25596582284741
accept-in,4598502609860677221,25596582291578
accept-in,7957821050060928164,25596585935277
accept-in,7957821050060928164,25596585940812
accept-in,1795829924346076718,25596589541947
accept-in,1795829924346076718,25596589548077
accept-in,2341208533141981256,25596593114036
accept-in,2341208533141981256,25596593120015
accept-in,-6841192253754634182,25596596718852
accept-in,-6841192253754634182,25596596724493
accept-in,-9117453782743558876,25596600365325
accept-in,-9117453782743558876,25596600371744
accept-in,-5125212502742612777,25596603940788
accept-in,-5125212502742612777,25596603954018
accept-in,7350904777580308224,25596607559935
accept-in,7350904777580308224,25596607566978
accept-in,-1069755300635908143,25596611156669
accept-in,-1069755300635908143,25596611169750
accept-in,-5340264625830267851,25596614782031
accept-in,-5340264625830267851,25596614788802
accept-in,-8478139764578163617,25596618384716
accept-in,-8478139764578163617,25596618390364
accept-in,8244358603786958875,25596622000008
accept-in,8244358603786958875,25596622005329
accept-in,-8556767220601298133,25596625606162
accept-in,-8556767220601298133,25596625613702
accept-in,-7280972230866886257,25596629258288
accept-in,-7280972230866886257,25596629264562
