accept-in,5935231669478960297,14372593565082780
accept-in,5935231669478960297,14372593565093684
accept-in,8899440317334564887,14372593600682507
accept-in,8899440317334564887,14372593600700117
accept-in,821296082616841462,14372593621932755
accept-in,821296082616841462,14372593621943850
accept-in,2722316460747511437,14372593626415819
accept-in,2722316460747511437,14372593626431706
accept-in,1516895918593677375,14372593630146810
accept-in,1516895918593677375,14372593630157350
accept-in,-5217845473992359236,14372593631598418
accept-in,-5217845473992359236,14372593631608338
accept-in,-7254060711653229004,14372593651630875
accept-in,-7254060711653229004,14372593651646344
accept-in,-8164702888844383846,14372593653925748
accept-in,-8164702888844383846,14372593653935911
accept-in,4056756156617892069,14372593654710132
accept-in,4056756156617892069,14372593654723129
accept-in,4775802408704112828,14372593654774732
accept-in,4775802408704112828,14372593654782784
accept-in,-7667908721913409443,14372593658285274
accept-in,-7667908721913409443,14372593658300055
accept-in,-5570163694143342870,14372593659097591
accept-in,-5570163694143342870,14372593659108955
accept-in,-3397010166086440939,14372593660229591
accept-in,-3397010166086440939,14372593660239996
accept-in,4549568406166507305,14372593670705473
accept-in,4549568406166507305,14372593670720334
accept-in,-3805735714040129016,14372593673303605
accept-in,-3805735714040129016,14372593673316702
accept-in,913609530156832563,14372593674717875
accept-in,913609530156832563,14372593674727746
accept-in,-4569000308282898171,14372593696064156
accept-in,-4569000308282898171,14372593696077435
accept-in,120000578741323664,14372593702127632
accept-in,120000578741323664,14372593702139984
accept-in,5871883250920416400,14372593724200370
accept-in,5871883250920416400,14372593724215536
accept-in,1829528967920947104,14372593724452325
accept-in,1829528967920947104,14372593724467242
accept-in,-9100816439647198085,14372593732310901
accept-in,-9100816439647198085,14372593732324874
accept-in,7480746646726879476,14372593733741849
accept-in,7480746646726879476,14372593733753526
accept-in,6112283565819061750,14372593736295387
accept-in,6112283565819061750,14372593736307293
accept-in,-4153456208274093241,14372593758870047
accept-in,-4153456208274093241,14372593758889613
accept-in,-1378230362939582542,14372593759668887
accept-in,-1378230362939582542,14372593759679653
accept-in,5117896420654908633,14372593761211123
accept-in,5117896420654908633,14372593761230544
accept-in,-8845225053622203894,14372593766957192
accept-in,-8845225053622203894,14372593766969034
accept-in,2953713102421148899,14372593767283035
accept-in,2953713102421148899,14372593767295590
accept-in,6265839237714686517,14372593773434572
accept-in,6265839237714686517,14372593773445327
accept-in,-3067645390618503393,14372593783157597
accept-in,-3067645390618503393,14372593783169073
accept-in,-2434839804433576022,14372593784158517
accept-in,-2434839804433576022,14372593784170595
accept-in,7902245522802705048,14372593792328821
accept-in,7902245522802705048,14372593792340067
accept-in,-6491244799851656831,14372593804110867
accept-in,-6491244799851656831,14372593804122096
accept-in,1999074412038793033,14372593808987493
accept-in,1999074412038793033,14372593808998581
accept-in,-5124110549556645949,14372593824356986
accept-in,-5124110549556645949,14372593824368161
accept-in,1613020536598801229,14372593833187188
accept-in,1613020536598801229,14372593833202093
accept-in,6713647726002826369,14372593839583465
accept-in,6713647726002826369,14372593839598296
accept-in,545353342687880373,14372593866394336
accept-in,545353342687880373,14372593866408060
accept-in,8921148355382345948,14372593874779520
accept-in,8921148355382345948,14372593874796023
accept-in,44836504670648452,14372593883733263
accept-in,44836504670648452,14372593883747283
accept-in,8424840302472254091,14372593887188490
accept-in,8424840302472254091,14372593887204194
accept-in,7269459716509162797,14372593900663127
accept-in,7269459716509162797,14372593900676605
accept-in,-2350487301493971763,14372593911318530
accept-in,-2350487301493971763,14372593911332219
accept-in,-5282980274042832042,14372593919498144
accept-in,-5282980274042832042,14372593919513024
accept-in,-8163011764060517271,14372593920284083
accept-in,-8163011764060517271,14372593920298250
accept-in,5229872803649296382,14372593925355298
accept-in,5229872803649296382,14372593925373206
accept-in,-176628892468199981,14372593933425789
accept-in,-176628892468199981,14372593933436296
accept-in,1038312667948911180,14372593935315203
accept-in,1038312667948911180,14372593935326018
accept-in,4830854676563549703,14372593942957258
accept-in,4830854676563549703,14372593942974902
accept-in,-7634190994101600069,14372593949550702
accept-in,-7634190994101600069,14372593949561878
accept-in,-1972546025416030140,14372593951846086
accept-in,-1972546025416030140,14372593951857000
accept-in,7711510015242307932,14372593955371667
accept-in,7711510015242307932,14372593955383807
accept-in,1093965903224563738,14372593963428668
accept-in,1093965903224563738,14372593963440843
accept-in,6450970009765809864,14372593971660693
accept-in,6450970009765809864,14372593971671176
accept-in,6462613151973680415,14372593975062855
accept-in,6462613151973680415,14372593975071808
accept-in,1656370679023964004,14372593996078261
accept-in,1656370679023964004,14372593996090830
accept-in,-442586337009919625,14372593996881618
accept-in,-442586337009919625,14372593996891124
accept-in,4723399836797792609,14372594000111922
accept-in,4723399836797792609,14372594000119667
accept-in,6596469872251419129,14372594002127041
accept-in,6596469872251419129,14372594002138358
accept-in,6583113127420201719,14372594011276788
accept-in,6583113127420201719,14372594011286412
accept-in,-2894236738663239599,14372594024723807
accept-in,-2894236738663239599,14372594024737093
accept-in,-4886570615238213800,14372594038932520
accept-in,-4886570615238213800,14372594038943599
accept-in,-779752647954900241,14372594075086785
accept-in,-779752647954900241,14372594075104992
accept-in,2411354785242863205,14372594092283947
accept-in,2411354785242863205,14372594092298934
accept-in,5189587854344441971,14372594093530204
accept-in,5189587854344441971,14372594093546775
accept-in,-8519852891615345373,14372594100780642
accept-in,-8519852891615345373,14372594100790126
accept-in,7934095024083611221,14372594104399505
accept-in,7934095024083611221,14372594104409912
accept-in,4858447519247000534,14372594108124509
accept-in,4858447519247000534,14372594108134328
accept-in,-2571291740177737767,14372594120100208
accept-in,-2571291740177737767,14372594120115995
accept-in,3051979605601809496,14372594127975065
accept-in,3051979605601809496,14372594127986832
accept-in,-3854032278958899314,14372594133958946
accept-in,-3854032278958899314,14372594133980620
accept-in,8225979359180238842,14372594139554057
accept-in,8225979359180238842,14372594139566131
accept-in,-6114537883150010391,14372594145716710
accept-in,-6114537883150010391,14372594145729200
accept-in,-2531087538049728818,14372594176392649
accept-in,-2531087538049728818,14372594176408420
accept-in,5770720788790418448,14372594180975640
accept-in,5770720788790418448,14372594180985359
accept-in,-8796097930040700213,14372594185057902
accept-in,-8796097930040700213,14372594185067903
accept-in,-630335903003287795,14372594185220159
accept-in,-630335903003287795,14372594185238218
accept-in,-920430058194789322,14372594212274134
accept-in,-920430058194789322,14372594212285908
accept-in,7854296675234623121,14372594213444286
accept-in,7854296675234623121,14372594213454817
accept-in,-7548682580724612542,14372594217011049
accept-in,-7548682580724612542,14372594217021465
accept-in,3555130927857056180,14372594227298388
accept-in,3555130927857056180,14372594227309361
accept-in,-6092797069726260542,14372594239973255
accept-in,-6092797069726260542,14372594239985350
accept-in,7617013622708504612,14372594242023297
accept-in,7617013622708504612,14372594242033442
accept-in,8836612164910316474,14372594244778052
accept-in,8836612164910316474,14372594244788273
accept-in,-6782992148740562175,14372594250575531
accept-in,-6782992148740562175,14372594250589937
accept-in,1870813929806187777,14372594256657060
accept-in,1870813929806187777,14372594256667769
accept-in,-728255596878442134,14372594259326203
accept-in,-728255596878442134,14372594259337009
accept-in,860682289009566124,14372594264296198
accept-in,860682289009566124,14372594264310285
accept-in,1006066909704436574,14372594265271534
accept-in,1006066909704436574,14372594265281613
accept-in,-900366983913535431,14372594271932631
accept-in,-900366983913535431,14372594271946813
accept-in,-2618539720056482766,14372594277491427
accept-in,-2618539720056482766,14372594277501537
accept-in,8660741615732853623,14372594286994427
accept-in,8660741615732853623,14372594287005280
accept-in,8519770098878601128,14372594287007696
accept-in,8519770098878601128,14372594287009919
accept-in,3814435712253268651,14372594291168367
accept-in,3814435712253268651,14372594291179151
accept-in,-59582566364053652,14372594292289544
accept-in,-59582566364053652,14372594292299830
accept-in,-505051594919611047,14372594315170313
accept-in,-505051594919611047,14372594315180915
accept-in,7284213921521180697,14372594318555557
accept-in,7284213921521180697,14372594318566482
accept-in,-3880112546726605505,14372594333734718
accept-in,-3880112546726605505,14372594333750042
accept-in,4112127389766050072,14372594338218770
accept-in,4112127389766050072,14372594338229452
accept-in,-1249875288083855872,14372594355182500
accept-in,-1249875288083855872,14372594355193848
accept-in,8044639685126023703,14372594376857347
accept-in,8044639685126023703,14372594376872501
accept-in,-2796134573927520732,14372594378857013
accept-in,-2796134573927520732,14372594378866989
accept-in,-8507496260587293184,14372594423523156
accept-in,-8507496260587293184,14372594423536397
accept-in,9112795992800517251,14372594426645259
accept-in,9112795992800517251,14372594426654790
accept-in,-161439454209469857,14372594446965047
accept-in,-161439454209469857,14372594446975135
accept-in,6055052296373041290,14372594454397618
accept-in,6055052296373041290,14372594454407974
accept-in,3520513811083885990,14372594459348778
accept-in,3520513811083885990,14372594459358494
accept-in,5932714253147291757,14372594470497017
accept-in,5932714253147291757,14372594470509302
accept-in,9074316681114539966,14372594475119957
accept-in,9074316681114539966,14372594475130264
accept-in,-9181776839271950124,14372594482383775
accept-in,-9181776839271950124,14372594482395030
accept-in,1559875230285733543,14372594497805131
accept-in,1559875230285733543,14372594497815718
accept-in,5276277540784667946,14372594516269516
accept-in,5276277540784667946,14372594516279700
accept-in,1677477396958262057,14372594517556240
accept-in,1677477396958262057,14372594517565438
accept-in,-7259129502869369550,14372594527856491
accept-in,-7259129502869369550,14372594527866825
accept-in,-1402036626837829592,14372594528292441
accept-in,-1402036626837829592,14372594528302283
accept-in,2925180675399397359,14372594543829733
accept-in,2925180675399397359,14372594543839422
accept-in,6860762832712353069,14372594546731392
accept-in,6860762832712353069,14372594546743393
accept-in,2203175955342146276,14372594548120809
accept-in,2203175955342146276,14372594548134448
accept-in,-8871736428012269408,14372594550471678
accept-in,-8871736428012269408,14372594550490640
accept-in,-7273407181202079763,14372594570208630
accept-in,-7273407181202079763,14372594570225693
accept-in,3183803399089670882,14372594577587570
accept-in,3183803399089670882,14372594577598481
accept-in,-1534950462112241338,14372594581222063
accept-in,-1534950462112241338,14372594581231881
accept-in,-1214726652297532243,14372594594581184
accept-in,-1214726652297532243,14372594594591290
accept-in,-7265915227695071962,14372594598092663
accept-in,-7265915227695071962,14372594598102644
accept-in,-4356380795005895679,14372594602787132
accept-in,-4356380795005895679,14372594602797784
accept-in,-5742370637394881118,14372594630851334
accept-in,-5742370637394881118,14372594630866697
accept-in,-1148611986911180840,14372594636327369
accept-in,-1148611986911180840,14372594636337681
accept-in,4011775700552172183,14372594639725025
accept-in,4011775700552172183,14372594639734584
accept-in,-7238890895701051936,14372594642774594
accept-in,-7238890895701051936,14372594642784389
accept-in,-289111597243942803,14372594662824452
accept-in,-289111597243942803,14372594662840389
accept-in,8390060668697312576,14372594663709290
accept-in,8390060668697312576,14372594663722724
accept-in,6670852785962971287,14372594672236515
accept-in,6670852785962971287,14372594672250086
accept-in,255501025745694390,14372594676564827
accept-in,255501025745694390,14372594676577551
accept-in,6769678553371272311,14372594692496423
accept-in,6769678553371272311,14372594692509521
accept-in,4803022269547006558,14372594698182043
accept-in,4803022269547006558,14372594698194937
accept-in,-4480100209785799404,14372594715098069
accept-in,-4480100209785799404,14372594715111041
accept-in,-5979926535651149772,14372594729936993
accept-in,-5979926535651149772,14372594729949813
accept-in,-3992131944426805568,14372594738890777
accept-in,-3992131944426805568,14372594738903664
accept-in,3193664849033431210,14372594742189562
accept-in,3193664849033431210,14372594742202471
accept-in,-7973128420624500763,14372594754782252
accept-in,-7973128420624500763,14372594754795143
accept-in,7267399311132258401,14372594757976403
accept-in,7267399311132258401,14372594757988289
accept-in,7890282667151531038,14372594759168499
accept-in,7890282667151531038,14372594759182333
accept-in,-563710552302427187,14372594776856973
accept-in,-563710552302427187,14372594776870479
accept-in,3806693190283963802,14372594777421969
accept-in,3806693190283963802,14372594777434638
accept-in,-2031411528673494951,14372594779974121
accept-in,-2031411528673494951,14372594779985353
accept-in,4379079337167969539,14372594783754866
accept-in,4379079337167969539,14372594783767525
accept-in,-6650836428970434330,14372594787371270
accept-in,-6650836428970434330,14372594787383891
accept-in,3912224381945509211,14372594787946592
accept-in,3912224381945509211,14372594787957679
accept-in,3622091900151007028,14372594798492851
accept-in,3622091900151007028,14372594798505545
accept-in,-7963657896685153577,14372594823349809
accept-in,-7963657896685153577,14372594823363710
accept-in,1968510647340683467,14372594847146331
accept-in,1968510647340683467,14372594847156621
accept-in,252515761474070573,14372594853078325
accept-in,252515761474070573,14372594853088541
accept-in,2950810682573050659,14372594857743885
accept-in,2950810682573050659,14372594857753489
accept-in,7360177211471805553,14372594858152181
accept-in,7360177211471805553,14372594858162236
accept-in,-6626794491953534445,14372594868481292
accept-in,-6626794491953534445,14372594868491401
accept-in,-8413140510506279657,14372594879260465
accept-in,-8413140510506279657,14372594879270321
accept-in,8447050577762181689,14372594891571456
accept-in,8447050577762181689,14372594891588093
accept-in,5891946657579758508,14372594893002088
accept-in,5891946657579758508,14372594893011920
accept-in,-8492077907101167433,14372594898334820
accept-in,-8492077907101167433,14372594898344564
accept-in,839807666419433005,14372594909703613
accept-in,839807666419433005,14372594909713753
accept-in,-6446032929585566539,14372594913865580
accept-in,-6446032929585566539,14372594913875395
accept-in,5985122149775545284,14372594914809310
accept-in,5985122149775545284,14372594914818251
accept-in,3162862489331316249,14372594925938102
accept-in,3162862489331316249,14372594925947776
accept-in,-8281579624147562477,14372594934087925
accept-in,-8281579624147562477,14372594934097564
accept-in,3363755696458936435,14372594934303718
accept-in,3363755696458936435,14372594934316024
accept-in,-2364277552277860291,14372594945728124
accept-in,-2364277552277860291,14372594945737976
accept-in,6710028191247967977,14372594983616385
accept-in,6710028191247967977,14372594983634538
accept-in,-3243057254128890664,14372594988429594
accept-in,-3243057254128890664,14372594988442649
accept-in,7237933410624881524,14372594997894556
accept-in,7237933410624881524,14372594997905771
accept-in,1670917838097027246,14372595013050806
accept-in,1670917838097027246,14372595013060791
accept-in,1026977568179408134,14372595027304355
accept-in,1026977568179408134,14372595027314247
accept-in,-3504145714596546090,14372595031480983
accept-in,-3504145714596546090,14372595031490818
accept-in,1885066768960552941,14372595042078042
accept-in,1885066768960552941,14372595042087792
accept-in,5197331215566592507,14372595058314814
accept-in,5197331215566592507,14372595058328825
accept-in,1499752308426823961,14372595062317565
accept-in,1499752308426823961,14372595062327469
accept-in,-6786508785888028380,14372595062698990
accept-in,-6786508785888028380,14372595062708255
accept-in,7829931012405840772,14372595066714295
accept-in,7829931012405840772,14372595066723695
accept-in,-6211870676820381993,14372595068855864
accept-in,-6211870676820381993,14372595068900251
accept-in,-5214349832362315879,14372595076542902
accept-in,-5214349832362315879,14372595076552424
accept-in,-2285185889240610688,14372595083780378
accept-in,-2285185889240610688,14372595083789253
accept-in,-5690021889873683937,14372595093984489
accept-in,-5690021889873683937,14372595093994104
accept-in,5754286857667856499,14372595094501123
accept-in,5754286857667856499,14372595094510491
accept-in,-5856001076845757252,14372595097845294
accept-in,-5856001076845757252,14372595097854911
accept-in,-4324222900129338568,14372595103062995
accept-in,-4324222900129338568,14372595103072009
accept-in,-1341585972975393376,14372595105457117
accept-in,-1341585972975393376,14372595105466897
accept-in,-2548643794039326367,14372595110100399
accept-in,-2548643794039326367,14372595110109915
accept-in,2100849340452432611,14372595115684148
accept-in,2100849340452432611,14372595115693670
accept-in,-7691159468350031300,14372595124425564
accept-in,-7691159468350031300,14372595124434921
accept-in,-8706164405536676916,14372595126967709
accept-in,-8706164405536676916,14372595126976829
accept-in,6563780195698956130,14372595144179803
accept-in,6563780195698956130,14372595144189978
accept-in,7791965861023514539,14372595156557711
accept-in,7791965861023514539,14372595156567394
accept-in,3644309997873224196,14372595167000526
accept-in,3644309997873224196,14372595167011380
accept-in,-6108388750229624940,14372595169789235
accept-in,-6108388750229624940,14372595169798599
accept-in,4090769756003228647,14372595183723738
accept-in,4090769756003228647,14372595183733748
accept-in,3824491133455348161,14372595185008410
accept-in,3824491133455348161,14372595185017846
accept-in,-6224164319017006977,14372595202082974
accept-in,-6224164319017006977,14372595202092496
accept-in,-2160731759895041472,14372595207483812
accept-in,-2160731759895041472,14372595207493489
accept-in,-1798922116162426912,14372595208038946
accept-in,-1798922116162426912,14372595208047244
accept-in,-434453077357109072,14372595217520284
accept-in,-434453077357109072,14372595217532179
accept-in,1814995255811454602,14372595221590667
accept-in,1814995255811454602,14372595221599711
accept-in,-3749418547332838489,14372595239200398
accept-in,-3749418547332838489,14372595239210017
accept-in,-771210829598493473,14372595239630789
accept-in,-771210829598493473,14372595239638907
accept-in,-1787321725962035281,14372595240688754
accept-in,-1787321725962035281,14372595240698269
accept-in,-4128596072384578711,14372595251931255
accept-in,-4128596072384578711,14372595251940633
accept-in,-6306037817381378340,14372595254925641
accept-in,-6306037817381378340,14372595254935463
accept-in,-4597099911645682430,14372595273290994
accept-in,-4597099911645682430,14372595273302102
accept-in,5169600490506436670,14372595278328937
accept-in,5169600490506436670,14372595278338279
accept-in,7469543627326279455,14372595286127064
accept-in,7469543627326279455,14372595286138017
accept-in,1852383925437013369,14372595301188864
accept-in,1852383925437013369,14372595301198613
accept-in,-1638171390298275278,14372595305272433
accept-in,-1638171390298275278,14372595305282042
accept-in,-7010079474537825943,14372595307428616
accept-in,-7010079474537825943,14372595307437540
accept-in,-8785405070352399020,14372595314597756
accept-in,-8785405070352399020,14372595314606900
accept-in,8299586218936421218,14372595324450494
accept-in,8299586218936421218,14372595324459967
accept-in,-8326792366012720717,14372595331479934
accept-in,-8326792366012720717,14372595331489075
accept-in,-5206588745647424915,14372595339720344
accept-in,-5206588745647424915,14372595339729637
accept-in,6009474536418994733,14372595339945090
accept-in,6009474536418994733,14372595339952381
accept-in,6074537241193539875,14372595342206305
accept-in,6074537241193539875,14372595342216660
accept-in,-1149396935881633386,14372595343951265
accept-in,-1149396935881633386,14372595343959311
accept-in,-19988652817658646,14372595352499563
accept-in,-19988652817658646,14372595352509095
accept-in,-4163779821722092184,14372595361001172
accept-in,-4163779821722092184,14372595361010390
accept-in,-5575175516322574298,14372595369335033
accept-in,-5575175516322574298,14372595369347338
accept-in,-879979983011061543,14372595380803269
accept-in,-879979983011061543,14372595380815810
accept-in,6009864221591368192,14372595396321350
accept-in,6009864221591368192,14372595396333964
accept-in,-8374898531236284790,14372595404501505
accept-in,-8374898531236284790,14372595404514234
accept-in,-4654499735318495021,14372595422470657
accept-in,-4654499735318495021,14372595422483168
accept-in,2701738538198852612,14372595430269536
accept-in,2701738538198852612,14372595430281733
accept-in,1343467759574647046,14372595455080314
accept-in,1343467759574647046,14372595455092790
accept-in,4940129884355966826,14372595459792601
accept-in,4940129884355966826,14372595459814926
accept-in,1670150151946985275,14372595461801860
accept-in,1670150151946985275,14372595461814301
accept-in,253929213466551746,14372595482705620
accept-in,253929213466551746,14372595482718129
accept-in,-4060465525293890598,14372595486351527
accept-in,-4060465525293890598,14372595486364326
accept-in,-3960795229332163456,14372595505807504
accept-in,-3960795229332163456,14372595505820306
accept-in,8364307100958976913,14372595507379216
accept-in,8364307100958976913,14372595507390030
accept-in,-4248728560617154929,14372595526184408
accept-in,-4248728560617154929,14372595526194851
accept-in,-6447267371343544416,14372595537550430
accept-in,-6447267371343544416,14372595537560354
accept-in,-1686643425767174743,14372595538613635
accept-in,-1686643425767174743,14372595538622277
accept-in,-4999227689712009718,14372595544929070
accept-in,-4999227689712009718,14372595544939160
accept-in,-4624314085802301776,14372595557865028
accept-in,-4624314085802301776,14372595557874442
accept-in,1881027884750879618,14372595558486798
accept-in,1881027884750879618,14372595558495381
accept-in,-1518134932172371711,14372595568962045
accept-in,-1518134932172371711,14372595568972076
accept-in,-5994588167554129019,14372595579622280
accept-in,-5994588167554129019,14372595579631682
accept-in,-3080563050916007804,14372595582160985
accept-in,-3080563050916007804,14372595582171168
accept-in,2831716324567012019,14372595583413720
accept-in,2831716324567012019,14372595583422586
accept-in,-7881834083272443289,14372595593577817
accept-in,-7881834083272443289,14372595593587826
accept-in,5365128986479915376,14372595600178555
accept-in,5365128986479915376,14372595600188406
accept-in,-810454892206927580,14372595617243579
accept-in,-810454892206927580,14372595617257218
accept-in,-8176445196425599397,14372595624904329
accept-in,-8176445196425599397,14372595624913380
accept-in,6282010215215321832,14372595636613563
accept-in,6282010215215321832,14372595636623048
accept-in,5547422502550621350,14372595637721109
accept-in,5547422502550621350,14372595637730675
accept-in,-8462249065192571992,14372595645435606
accept-in,-8462249065192571992,14372595645445255
accept-in,-2292796090104848466,14372595667966762
accept-in,-2292796090104848466,14372595667976665
accept-in,2368852521462681173,14372595671567236
accept-in,2368852521462681173,14372595671576157
accept-in,5465370655015479001,14372595676719121
accept-in,5465370655015479001,14372595676728547
accept-in,-2468872304564995251,14372595688347762
accept-in,-2468872304564995251,14372595688357280
accept-in,-2431099383508420994,14372595692211729
accept-in,-2431099383508420994,14372595692228581
accept-in,7570726276648088805,14372595692777416
accept-in,7570726276648088805,14372595692789887
accept-in,-4002549155233795637,14372595703131982
accept-in,-4002549155233795637,14372595703142580
accept-in,5485556902246260708,14372595703895615
accept-in,5485556902246260708,14372595703906912
accept-in,7654085626204763893,14372595707701822
accept-in,7654085626204763893,14372595707711888
accept-in,-2412872299337548823,14372595715635437
accept-in,-2412872299337548823,14372595715645560
accept-in,-604594496650324986,14372595716798716
accept-in,-604594496650324986,14372595716810194
accept-in,-303872688854659549,14372595720905632
accept-in,-303872688854659549,14372595720917503
accept-in,4854373706490925394,14372595729064700
accept-in,4854373706490925394,14372595729075938
accept-in,-3725462084230371854,14372595730655286
accept-in,-3725462084230371854,14372595730665289
accept-in,-314776708396637133,14372595732740366
accept-in,-314776708396637133,14372595732749780
accept-in,-6334414616549747266,14372595733048218
accept-in,-6334414616549747266,14372595733057229
accept-in,3072354775440891197,14372595741613993
accept-in,3072354775440891197,14372595741626541
accept-in,-8086939313442948529,14372595749061183
accept-in,-8086939313442948529,14372595749072560
accept-in,5222323532511044684,14372595759832649
accept-in,5222323532511044684,14372595759844291
accept-in,2444711776573362209,14372595761355977
accept-in,2444711776573362209,14372595761366367
accept-in,7870404155795608570,14372595762007960
accept-in,7870404155795608570,14372595762019042
accept-in,2595146291430355215,14372595763585254
accept-in,2595146291430355215,14372595763594710
accept-in,3409804507266394183,14372595778966346
accept-in,3409804507266394183,14372595778981926
accept-in,-5249416750875113397,14372595800243050
accept-in,-5249416750875113397,14372595800256245
accept-in,4536845685067169859,14372595810814534
accept-in,4536845685067169859,14372595810828311
accept-in,3108298072839037223,14372595812766958
accept-in,3108298072839037223,14372595812776983
accept-in,1339830843415417168,14372595819873626
accept-in,1339830843415417168,14372595819888280
accept-in,1131775070413718856,14372595822285728
accept-in,1131775070413718856,14372595822295683
accept-in,1508842595115999066,14372595822687357
accept-in,1508842595115999066,14372595822696267
accept-in,-2292821508756367580,14372595834465055
accept-in,-2292821508756367580,14372595834476812
accept-in,-3220545530914813528,14372595836938451
accept-in,-3220545530914813528,14372595836952360
accept-in,-4146543879645667128,14372595844833933
accept-in,-4146543879645667128,14372595844844291
accept-in,-780470834664124790,14372595848420796
accept-in,-780470834664124790,14372595848430744
accept-in,-2218301027502624561,14372595849575287
accept-in,-2218301027502624561,14372595849585075
accept-in,8754672658506661086,14372595851815631
accept-in,8754672658506661086,14372595851824379
accept-in,-677927174130352440,14372595853485492
accept-in,-677927174130352440,14372595853494325
accept-in,-6108939697294081034,14372595855024464
accept-in,-6108939697294081034,14372595855034541
accept-in,-4582006838194971323,14372595855635207
accept-in,-4582006838194971323,14372595855644166
accept-in,-3427946195682132945,14372595859493072
accept-in,-3427946195682132945,14372595859503048
accept-in,1436942054896254466,14372595860511218
accept-in,1436942054896254466,14372595860521252
accept-in,-3328003359338348004,14372595864548546
accept-in,-3328003359338348004,14372595864558875
accept-in,6250605382027663809,14372595868207719
accept-in,6250605382027663809,14372595868252545
accept-in,-3900910269394619293,14372595876211565
accept-in,-3900910269394619293,14372595876240688
accept-in,6388431985113570449,14372595890531877
accept-in,6388431985113570449,14372595890545423
accept-in,8738724615984065226,14372595896268804
accept-in,8738724615984065226,14372595896278384
accept-in,-192846419744809572,14372595902968394
accept-in,-192846419744809572,14372595902981978
accept-in,-9052521485454648674,14372595908694212
accept-in,-9052521485454648674,14372595908703584
accept-in,-5298151031878148278,14372595917140158
accept-in,-5298151031878148278,14372595917149467
accept-in,5884262089660002537,14372595922181611
accept-in,5884262089660002537,14372595922191140
accept-in,-6912047296822875902,14372595933377625
accept-in,-6912047296822875902,14372595933390979
accept-in,-4531982786989958102,14372595946582724
accept-in,-4531982786989958102,14372595946593090
accept-in,2940761586160746630,14372595986095947
accept-in,2940761586160746630,14372595986115282
accept-in,8506660543430241623,14372596001100689
accept-in,8506660543430241623,14372596001116121
accept-in,-1377783582400128011,14372596014031477
accept-in,-1377783582400128011,14372596014041725
accept-in,-4878866666710224184,14372596024142159
accept-in,-4878866666710224184,14372596024152651
accept-in,1582104437473014920,14372596027776702
accept-in,1582104437473014920,14372596027787065
accept-in,46609792998513394,14372596028529423
accept-in,46609792998513394,14372596028542551
accept-in,1783293846681614201,14372596040281159
accept-in,1783293846681614201,14372596040291769
accept-in,2123909816385711770,14372596055575022
accept-in,2123909816385711770,14372596055585880
accept-in,-8750962621976081327,14372596061790927
accept-in,-8750962621976081327,14372596061800800
accept-in,-3252115995101485430,14372596064511131
accept-in,-3252115995101485430,14372596064521443
accept-in,6494352888960849366,14372596065342036
accept-in,6494352888960849366,14372596065351198
accept-in,7220361606673169611,14372596067999583
accept-in,7220361606673169611,14372596068063985
accept-in,-6101096797965276667,14372596069908990
accept-in,-6101096797965276667,14372596069920885
accept-in,807052050507216461,14372596081011582
accept-in,807052050507216461,14372596081022470
accept-in,-8599337098605735228,14372596093521188
accept-in,-8599337098605735228,14372596093533092
accept-in,819973210968341085,14372596094285887
accept-in,819973210968341085,14372596094294919
accept-in,4952455585532743233,14372596102989425
accept-in,4952455585532743233,14372596102999125
accept-in,1971309909601118804,14372596103631922
accept-in,1971309909601118804,14372596103642146
accept-in,825961660521948616,14372596105852219
accept-in,825961660521948616,14372596105861378
accept-in,3090173505911713156,14372596107918291
accept-in,3090173505911713156,14372596107926938
accept-in,-6172655847301129958,14372596117324654
accept-in,-6172655847301129958,14372596117333977
accept-in,-4950958715319609415,14372596123112578
accept-in,-4950958715319609415,14372596123125401
accept-in,-8321512550590578660,14372596135143579
accept-in,-8321512550590578660,14372596135153091
accept-in,-851500941413689840,14372596142452903
accept-in,-851500941413689840,14372596142463250
accept-in,1414464071302184606,14372596142743203
accept-in,1414464071302184606,14372596142752741
accept-in,-6458458681010704710,14372596148253342
accept-in,-6458458681010704710,14372596148265924
accept-in,3550583442776363326,14372596152905010
accept-in,3550583442776363326,14372596152919844
accept-in,-2325192446142994642,14372596156815768
accept-in,-2325192446142994642,14372596156825153
accept-in,-7473265269908244339,14372596163136937
accept-in,-7473265269908244339,14372596163147183
accept-in,6171189029307592412,14372596174753450
accept-in,6171189029307592412,14372596174764442
accept-in,2348479198328812896,14372596183331383
accept-in,2348479198328812896,14372596183340844
accept-in,719818911429294214,14372596190253680
accept-in,719818911429294214,14372596190264507
accept-in,-6479114956173408583,14372596196361346
accept-in,-6479114956173408583,14372596196375664
accept-in,8525812066470532716,14372596196520991
accept-in,8525812066470532716,14372596196537577
accept-in,7940269181416009285,14372596197855981
accept-in,7940269181416009285,14372596197867468
accept-in,5337342709402045551,14372596198999534
accept-in,5337342709402045551,14372596199009715
accept-in,-1124053571056872241,14372596205437678
accept-in,-1124053571056872241,14372596205447934
accept-in,-8381915196949523672,14372596222062162
accept-in,-8381915196949523672,14372596222083263
accept-in,-3538428248029154846,14372596222520681
accept-in,-3538428248029154846,14372596222535401
accept-in,-3739092895357382434,14372596230997557
accept-in,-3739092895357382434,14372596231012970
accept-in,-1848736504199581922,14372596242469364
accept-in,-1848736504199581922,14372596242479827
accept-in,-557713530081494447,14372596251175146
accept-in,-557713530081494447,14372596251186862
accept-in,5490396964336128637,14372596251972477
accept-in,5490396964336128637,14372596251983071
accept-in,-8785697062723895166,14372596257594681
accept-in,-8785697062723895166,14372596257604650
accept-in,5771662452603287229,14372596263298609
accept-in,5771662452603287229,14372596263309127
accept-in,8914317102474997028,14372596266730242
accept-in,8914317102474997028,14372596266740594
accept-in,-6015679298914417390,14372596267041098
accept-in,-6015679298914417390,14372596267058716
accept-in,220760773910824400,14372596274447430
accept-in,220760773910824400,14372596274461810
accept-in,485458254465734186,14372596298582592
accept-in,485458254465734186,14372596298597896
accept-in,-2779987630142158527,14372596303463111
accept-in,-2779987630142158527,14372596303473286
accept-in,1071475545423004312,14372596309151941
accept-in,1071475545423004312,14372596309166163
accept-in,8869101294229378256,14372596314282999
accept-in,8869101294229378256,14372596314293628
accept-in,7713500935043246618,14372596324499820
accept-in,7713500935043246618,14372596324510726
accept-in,-1047710560581274813,14372596336179312
accept-in,-1047710560581274813,14372596336189103
accept-in,6454470018133524212,14372596338888289
accept-in,6454470018133524212,14372596338896807
accept-in,9210658088271465395,14372596342171703
accept-in,9210658088271465395,14372596342185888
accept-in,2556959885366054655,14372596344796387
accept-in,2556959885366054655,14372596344810390
accept-in,4971941279218135224,14372596348508938
accept-in,4971941279218135224,14372596348519352
accept-in,2572669686121485244,14372596357000934
accept-in,2572669686121485244,14372596357011929
accept-in,2326286832502387573,14372596359706888
accept-in,2326286832502387573,14372596359716032
accept-in,-1803970832541361759,14372596362170664
accept-in,-1803970832541361759,14372596362181582
accept-in,-6368846129568045859,14372596365963554
accept-in,-6368846129568045859,14372596365974017
accept-in,-1407847651643730982,14372596383903610
accept-in,-1407847651643730982,14372596383913297
accept-in,-7629418303669948948,14372596386617448
accept-in,-7629418303669948948,14372596386630368
accept-in,7123065028287004468,14372596392355671
accept-in,7123065028287004468,14372596392368968
accept-in,-2148718254341411052,14372596392952111
accept-in,-2148718254341411052,14372596392965179
accept-in,-309151962153583756,14372596400424451
accept-in,-309151962153583756,14372596400438795
accept-in,644297659747104998,14372596406081544
accept-in,644297659747104998,14372596406092136
accept-in,-2930652269481995798,14372596435532115
accept-in,-2930652269481995798,14372596435541268
accept-in,-254240506438129797,14372596440774466
accept-in,-254240506438129797,14372596440789818
accept-in,420797043857778088,14372596459541906
accept-in,420797043857778088,14372596459551490
accept-in,2369141515697179558,14372596464268287
accept-in,2369141515697179558,14372596464276707
accept-in,334072105879249342,14372596479937463
accept-in,334072105879249342,14372596479947395
accept-in,-2326340848232391830,14372596484560368
accept-in,-2326340848232391830,14372596484569977
accept-in,659940004507358619,14372596512716561
accept-in,659940004507358619,14372596512727846
accept-in,-5923968798975246994,14372596514407134
accept-in,-5923968798975246994,14372596514416314
accept-in,-4759875712457143821,14372596517031590
accept-in,-4759875712457143821,14372596517039797
accept-in,604981172967798350,14372596524544559
accept-in,604981172967798350,14372596524553981
accept-in,1704922892626928694,14372596526930583
accept-in,1704922892626928694,14372596526939851
accept-in,6927223204923306299,14372596528068092
accept-in,6927223204923306299,14372596528076436
accept-in,8301438810644545617,14372596529815632
accept-in,8301438810644545617,14372596529824432
accept-in,5468153199084038732,14372596540420144
accept-in,5468153199084038732,14372596540430818
accept-in,-5446764108772200571,14372596545986723
accept-in,-5446764108772200571,14372596545996700
accept-in,-3269303795323310759,14372596551665058
accept-in,-3269303795323310759,14372596551680828
accept-in,-854727671665942128,14372596573568923
accept-in,-854727671665942128,14372596573580248
accept-in,3363101757800911148,14372596593210871
accept-in,3363101757800911148,14372596593231400
accept-in,23754890897093752,14372596599268717
accept-in,23754890897093752,14372596599282311
accept-in,3657668002207786517,14372596599859332
accept-in,3657668002207786517,14372596599872052
accept-in,-3327458241048401789,14372596601816743
accept-in,-3327458241048401789,14372596601829029
accept-in,1514450255083425740,14372596627905097
accept-in,1514450255083425740,14372596627916896
accept-in,-403237173841232720,14372596645987428
accept-in,-403237173841232720,14372596646004822
accept-in,-1755648270629619917,14372596650045091
accept-in,-1755648270629619917,14372596650056040
accept-in,-3803489631000076599,14372596651446225
accept-in,-3803489631000076599,14372596651457510
accept-in,-1351813748385848331,14372596663363553
accept-in,-1351813748385848331,14372596663377105
accept-in,-8212857979148750299,14372596667205744
accept-in,-8212857979148750299,14372596667220151
accept-in,6162835243441354008,14372596669366304
accept-in,6162835243441354008,14372596669377669
accept-in,-576553121472102649,14372596671044764
accept-in,-576553121472102649,14372596671060017
accept-in,8870674674707261080,14372596685465263
accept-in,8870674674707261080,14372596685478633
accept-in,2353682943591574870,14372596698757547
accept-in,2353682943591574870,14372596698769973
accept-in,-5413157590532507250,14372596701131234
accept-in,-5413157590532507250,14372596701143911
accept-in,3727632157551501329,14372596702897843
accept-in,3727632157551501329,14372596702913862
accept-in,1808920280894619092,14372596707614951
accept-in,1808920280894619092,14372596707625534
accept-in,88396556800129580,14372596712551932
accept-in,88396556800129580,14372596712562590
accept-in,2327623333572493096,14372596722697475
accept-in,2327623333572493096,14372596722707302
accept-in,-8102908071089561151,14372596738350938
accept-in,-8102908071089561151,14372596738363572
accept-in,-6384074981312405181,14372596741396984
accept-in,-6384074981312405181,14372596741409463
accept-in,2424497405683848315,14372596745568818
accept-in,2424497405683848315,14372596745581189
accept-in,8311653424431788377,14372596750091887
accept-in,8311653424431788377,14372596750104162
accept-in,3721158039749552886,14372596751291667
accept-in,3721158039749552886,14372596751302584
accept-in,-7350061988579956343,14372596757625664
accept-in,-7350061988579956343,14372596757638120
accept-in,4570061758656506312,14372596766740770
accept-in,4570061758656506312,14372596766753075
accept-in,130574943883984982,14372596776803639
accept-in,130574943883984982,14372596776824493
accept-in,2066579172500792672,14372596777827135
accept-in,2066579172500792672,14372596777839270
accept-in,2729397681337233466,14372596778604202
accept-in,2729397681337233466,14372596778615021
accept-in,3517463626538166812,14372596804787510
accept-in,3517463626538166812,14372596804800833
accept-in,4751698046619504054,14372596807349075
accept-in,4751698046619504054,14372596807361165
accept-in,6613476019512816267,14372596810081180
accept-in,6613476019512816267,14372596810093062
accept-in,1070471800207187451,14372596825325449
accept-in,1070471800207187451,14372596825337863
accept-in,-7486713780463592815,14372596825972506
accept-in,-7486713780463592815,14372596825984639
accept-in,5428807148479446265,14372596834254715
accept-in,5428807148479446265,14372596834267855
accept-in,8322515961644413666,14372596835881635
accept-in,8322515961644413666,14372596835892507
accept-in,1439921899723599215,14372596838857338
accept-in,1439921899723599215,14372596838875987
accept-in,8974394366722912432,14372596851089979
accept-in,8974394366722912432,14372596851099548
accept-in,1062499755249205860,14372596857032021
accept-in,1062499755249205860,14372596857041549
accept-in,-5335975473503767948,14372596863864541
accept-in,-5335975473503767948,14372596863874702
accept-in,-1803365638105195869,14372596864339766
accept-in,-1803365638105195869,14372596864348998
accept-in,-4725451227989702609,14372596873461167
accept-in,-4725451227989702609,14372596873471372
accept-in,4623590532578792378,14372596888287961
accept-in,4623590532578792378,14372596888298130
accept-in,-5942949391369692062,14372596912743595
accept-in,-5942949391369692062,14372596912754377
accept-in,1172346043402724365,14372596933254249
accept-in,1172346043402724365,14372596933268379
accept-in,-8420617535107190198,14372596936999116
accept-in,-8420617535107190198,14372596937013158
accept-in,-4246311150982894286,14372596940756328
accept-in,-4246311150982894286,14372596940772182
accept-in,5246059668846843023,14372596940796771
accept-in,5246059668846843023,14372596940800214
accept-in,8595137674591410182,14372596952316316
accept-in,8595137674591410182,14372596952329852
accept-in,3322512535115258159,14372596952332742
accept-in,3322512535115258159,14372596952334807
accept-in,-1849102692998384879,14372596957286018
accept-in,-1849102692998384879,14372596957300815
accept-in,4657001593792705562,14372596959874660
accept-in,4657001593792705562,14372596959888471
accept-in,-7016272868871313105,14372596962360715
accept-in,-7016272868871313105,14372596962377101
accept-in,-2669512133439102434,14372596967758976
accept-in,-2669512133439102434,14372596967773166
accept-in,-2715450325959556484,14372596991076808
accept-in,-2715450325959556484,14372596991091752
accept-in,-9052388781411208338,14372596996185132
accept-in,-9052388781411208338,14372596996195804
accept-in,-8370108586694515805,14372596996225429
accept-in,-8370108586694515805,14372596996232315
accept-in,-1562083839108723444,14372597022248693
accept-in,-1562083839108723444,14372597022260060
accept-in,1516292301087247596,14372597024418935
accept-in,1516292301087247596,14372597024428734
accept-in,-8363557675446503062,14372597025261375
accept-in,-8363557675446503062,14372597025269225
accept-in,-4759724395062310577,14372597030220607
accept-in,-4759724395062310577,14372597030229989
accept-in,-302066344902539447,14372597035294351
accept-in,-302066344902539447,14372597035304249
accept-in,6743673341355518862,14372597036162657
accept-in,6743673341355518862,14372597036172177
accept-in,-1033509924034791802,14372597043754913
accept-in,-1033509924034791802,14372597043769221
accept-in,-2428520348390812164,14372597048626673
accept-in,-2428520348390812164,14372597048640692
accept-in,-5035677164226500393,14372597056798317
accept-in,-5035677164226500393,14372597056812467
accept-in,-472759350537330631,14372597063198300
accept-in,-472759350537330631,14372597063211543
accept-in,-3366623625712899960,14372597067700702
accept-in,-3366623625712899960,14372597067714005
accept-in,-6647853394752016199,14372597068506899
accept-in,-6647853394752016199,14372597068520021
accept-in,-373814977135455967,14372597076641488
accept-in,-373814977135455967,14372597076655012
accept-in,-6914953327040306269,14372597077623793
accept-in,-6914953327040306269,14372597077637063
accept-in,2283725834607236573,14372597081023957
accept-in,2283725834607236573,14372597081035126
accept-in,6139783564166679729,14372597088728106
accept-in,6139783564166679729,14372597088740439
accept-in,-1440331186785506460,14372597094037111
accept-in,-1440331186785506460,14372597094048442
accept-in,-131432908503199670,14372597116737132
accept-in,-131432908503199670,14372597116747859
accept-in,-7457399844775016093,14372597119456530
accept-in,-7457399844775016093,14372597119467133
accept-in,385442848647910287,14372597121057453
accept-in,385442848647910287,14372597121071917
accept-in,-6083115267513223106,14372597125540081
accept-in,-6083115267513223106,14372597125553220
accept-in,-7927057021262342100,14372597127730363
accept-in,-7927057021262342100,14372597127739780
accept-in,-6185304473892629564,14372597132974784
accept-in,-6185304473892629564,14372597132987844
accept-in,-7320876012835581601,14372597134431428
accept-in,-7320876012835581601,14372597134443661
accept-in,3332731547170159045,14372597136111301
accept-in,3332731547170159045,14372597136121547
accept-in,-3611866173886228850,14372597142101607
accept-in,-3611866173886228850,14372597142112817
accept-in,7230407476968733513,14372597150246057
accept-in,7230407476968733513,14372597150258725
accept-in,-4187220042423118587,14372597155338435
accept-in,-4187220042423118587,14372597155352383
accept-in,8018259454628470350,14372597176129728
accept-in,8018259454628470350,14372597176140345
accept-in,-8063261179362212169,14372597180773732
accept-in,-8063261179362212169,14372597180784055
accept-in,-1068863420165089119,14372597187148897
accept-in,-1068863420165089119,14372597187161959
accept-in,-6122537200880201009,14372597189276023
accept-in,-6122537200880201009,14372597189286239
accept-in,3318040103403375237,14372597190786730
accept-in,3318040103403375237,14372597190796295
accept-in,-4364415728522055432,14372597201374487
accept-in,-4364415728522055432,14372597201387625
accept-in,9027450063574011103,14372597209226838
accept-in,9027450063574011103,14372597209237079
accept-in,5895768323068347090,14372597210990295
accept-in,5895768323068347090,14372597211005946
accept-in,6760130478547846082,14372597219158231
accept-in,6760130478547846082,14372597219168137
accept-in,6148421583330872359,14372597227356008
accept-in,6148421583330872359,14372597227369220
accept-in,-8075338899345936380,14372597232215297
accept-in,-8075338899345936380,14372597232226524
accept-in,-1721739331102676863,14372597236836860
accept-in,-1721739331102676863,14372597236849139
accept-in,-4523571190872730517,14372597243711140
accept-in,-4523571190872730517,14372597243721416
accept-in,9087946543236641735,14372597258954648
accept-in,9087946543236641735,14372597258968936
accept-in,3230426486655224870,14372597262351962
accept-in,3230426486655224870,14372597262362262
accept-in,-8665488209255728819,14372597263207303
accept-in,-8665488209255728819,14372597263217031
accept-in,-4463031647184168379,14372597264866529
accept-in,-4463031647184168379,14372597264870840
accept-in,-6548424375690199271,14372597269389517
accept-in,-6548424375690199271,14372597269399756
accept-in,7299064868753284948,14372597270804928
accept-in,7299064868753284948,14372597270815188
accept-in,-8925768532217092152,14372597270817286
accept-in,-8925768532217092152,14372597270819025
accept-in,-685332789572264169,14372597273336196
accept-in,-685332789572264169,14372597273345707
accept-in,349663442272706364,14372597273998391
accept-in,349663442272706364,14372597274007121
accept-in,3250156963218959181,14372597282237945
accept-in,3250156963218959181,14372597282249536
accept-in,-7664132753002411854,14372597293725952
accept-in,-7664132753002411854,14372597293740224
accept-in,-1997839929441388041,14372597296430838
accept-in,-1997839929441388041,14372597296444579
accept-in,-6847129164294690228,14372597296631664
accept-in,-6847129164294690228,14372597296639183
accept-in,-786790312068014828,14372597303895999
accept-in,-786790312068014828,14372597303910317
accept-in,-7105838932614193822,14372597310668076
accept-in,-7105838932614193822,14372597310681889
accept-in,4102788364837794014,14372597322408356
accept-in,4102788364837794014,14372597322431122
