accept-in,-1390383081029251552,1434925308661769
accept-in,-1390383081029251552,1434925308664720
accept-in,-2379388766730498391,1434925317515853
accept-in,-2379388766730498391,1434925317518908
accept-in,-9120475821227080977,1434925322553414
accept-in,-9120475821227080977,1434925322556218
accept-in,-7356722397984931180,1434925327699232
accept-in,-7356722397984931180,1434925327701972
accept-in,-7722910338542666220,1434925332877665
accept-in,-7722910338542666220,1434925332886176
accept-in,6103447600876370048,1434925337924804
accept-in,6103447600876370048,1434925337927649
accept-in,-6871403282132435579,1434925343084110
accept-in,-6871403282132435579,1434925343086842
accept-in,8407756483824121091,1434925348307669
accept-in,8407756483824121091,1434925348310229
accept-in,-2090772949464068084,1434925353442965
accept-in,-2090772949464068084,1434925353457051
accept-in,-855214420839768476,1434925358605384
accept-in,-855214420839768476,1434925358616445
accept-in,8595218164448506698,1434925363745535
accept-in,8595218164448506698,1434925363748509
accept-in,5130728839376399489,1434925369057976
accept-in,5130728839376399489,1434925369060726
accept-in,1894041746672828396,1434925374115186
accept-in,1894041746672828396,1434925374118000
accept-in,1269134832721654736,1434925379354929
accept-in,1269134832721654736,1434925379357913
accept-in,-8609356944450387898,1434925384470796
accept-in,-8609356944450387898,1434925384473928
accept-in,-233920335322990496,1434925389569230
accept-in,-233920335322990496,1434925389571975
accept-in,-4242861960843156416,1434925394728533
accept-in,-4242861960843156416,1434925394731235
accept-in,3843774966207199117,1434925400012320
accept-in,3843774966207199117,1434925400015211
accept-in,-1322514853649404733,1434925405032872
accept-in,-1322514853649404733,1434925405035785
accept-in,1891155270536232954,1434925410339563
accept-in,1891155270536232954,1434925410342128
accept-in,-7243186423178555835,1434925415450559
accept-in,-7243186423178555835,1434925415453101
accept-in,2104588490312078558,1434925420543421
accept-in,2104588490312078558,1434925420546353
accept-in,-6019618130050465108,1434925425765158
accept-in,-6019618130050465108,1434925425767643
accept-in,1536380270012293872,1434925430911402
accept-in,1536380270012293872,1434925430914152
accept-in,-1460526891129056495,1434925436133640
accept-in,-1460526891129056495,1434925436136930
accept-in,-6241870746658614688,1434925441325809
accept-in,-6241870746658614688,1434925441328507
accept-in,-7423667581777600047,1434925446505704
accept-in,-7423667581777600047,1434925446509038
accept-in,-521155542540458425,1434925451577532
accept-in,-521155542540458425,1434925451589177
accept-in,-7000526866814947659,1434925456772485
accept-in,-7000526866814947659,1434925456775177
accept-in,-8694785992363769279,1434925461937727
accept-in,-8694785992363769279,1434925461945759
accept-in,-6379026201456465337,1434925467075410
accept-in,-6379026201456465337,1434925467078228
accept-in,-9179445477768010273,1434925472248725
accept-in,-9179445477768010273,1434925472251452
accept-in,2475992471030820535,1434925477363431
accept-in,2475992471030820535,1434925477373829
accept-in,-4967302343610956732,1434925482511646
accept-in,-4967302343610956732,1434925482514303
accept-in,-1929350501859975146,1434925487721124
accept-in,-1929350501859975146,1434925487744452
accept-in,-2749715725818757321,1434925492884076
accept-in,-2749715725818757321,1434925492886836
accept-in,6060987257232374834,1434925498099575
accept-in,6060987257232374834,1434925498102329
accept-in,5427860760986538640,1434925503247185
accept-in,5427860760986538640,1434925503250357
accept-in,4172757112182561498,1434925508406656
accept-in,4172757112182561498,1434925508409648
accept-in,-2410167775292523088,1434925513593302
accept-in,-2410167775292523088,1434925513596122
accept-in,-2289526993146205938,1434925518800957
accept-in,-2289526993146205938,1434925518803783
accept-in,-5349876098532563461,1434925523970791
accept-in,-5349876098532563461,1434925523973407
accept-in,-4473305185058778561,1434925529160194
accept-in,-4473305185058778561,1434925529162671
accept-in,-3158438966299975499,1434925534373072
accept-in,-3158438966299975499,1434925534375688
accept-in,-7487067572271497548,1434925539506390
accept-in,-7487067572271497548,1434925539509400
accept-in,-4227629913612062066,1434925544712352
accept-in,-4227629913612062066,1434925544715042
accept-in,1898916810729057535,1434925549977428
accept-in,1898916810729057535,1434925549980398
accept-in,5033645361508891037,1434925555274578
accept-in,5033645361508891037,1434925555277377
accept-in,-2414746684135954084,1434925560461785
accept-in,-2414746684135954084,1434925560464270
accept-in,7148445696916978851,1434925565553413
accept-in,7148445696916978851,1434925565555957
accept-in,-6149553508210081511,1434925570794810
accept-in,-6149553508210081511,1434925570797670
accept-in,-5275316406223466291,1434925576200712
accept-in,-5275316406223466291,1434925576203518
accept-in,7542489349682504178,1434925581162748
accept-in,7542489349682504178,1434925581172688
accept-in,-2220404987606437521,1434925586377578
accept-in,-2220404987606437521,1434925586380344
accept-in,1099647874186405645,1434925591532663
accept-in,1099647874186405645,1434925591535898
accept-in,-953754069105939369,1434925596705206
accept-in,-953754069105939369,1434925596708330
accept-in,-5558571903007443526,1434925601885690
accept-in,-5558571903007443526,1434925601888494
accept-in,-2618448490625486019,1434925606984125
accept-in,-2618448490625486019,1434925606986761
accept-in,4407031001359984249,1434925612216183
accept-in,4407031001359984249,1434925612218685
accept-in,-7007783568978576896,1434925617412134
accept-in,-7007783568978576896,1434925617415022
accept-in,5950586697244921227,1434925622585040
accept-in,5950586697244921227,1434925622587609
accept-in,7596365259830586298,1434925627757414
accept-in,7596365259830586298,1434925627759752
accept-in,3143945692416206457,1434925632981659
accept-in,3143945692416206457,1434925632984638
accept-in,6998711331640420093,1434925638157771
accept-in,6998711331640420093,1434925638165095
accept-in,3160903575994183307,1434925643304034
accept-in,3160903575994183307,1434925643306686
accept-in,5803541351647925016,1434925648505627
accept-in,5803541351647925016,1434925648517869
accept-in,-2237932592240784030,1434925653672330
accept-in,-2237932592240784030,1434925653674968
accept-in,8865960460563478325,1434925658856379
accept-in,8865960460563478325,1434925658859009
accept-in,3731515426156860002,1434925664110339
accept-in,3731515426156860002,1434925664112924
accept-in,4139549425463330818,1434925669259605
accept-in,4139549425463330818,1434925669262325
accept-in,-1622312969845401393,1434925674465373
accept-in,-1622312969845401393,1434925674468620
accept-in,-4123563434379569523,1434925679665662
accept-in,-4123563434379569523,1434925679668351
accept-in,-462808908335925779,1434925684886689
accept-in,-462808908335925779,1434925684889528
accept-in,-8382680399047097121,1434925690064602
accept-in,-8382680399047097121,1434925690067870
accept-in,-3765439107955938133,1434925695220481
accept-in,-3765439107955938133,1434925695223446
accept-in,3164986127487941289,1434925700434749
accept-in,3164986127487941289,1434925700437819
accept-in,4903425914618344885,1434925705563711
accept-in,4903425914618344885,1434925705566441
accept-in,5314879850816424349,1434925710795246
accept-in,5314879850816424349,1434925710798167
accept-in,1459960186658585715,1434925716095384
accept-in,1459960186658585715,1434925716098285
accept-in,7331591319496711246,1434925721251938
accept-in,7331591319496711246,1434925721255263
accept-in,-3484732651917631116,1434925726478521
accept-in,-3484732651917631116,1434925726481100
accept-in,1848735803444098698,1434925731550368
accept-in,1848735803444098698,1434925731552803
accept-in,-5543062653497382812,1434925736708036
accept-in,-5543062653497382812,1434925736711295
accept-in,-1705413586843065753,1434925741877952
accept-in,-1705413586843065753,1434925741880737
accept-in,-68429352316385606,1434925747204767
accept-in,-68429352316385606,1434925747211120
accept-in,-8196180512546845157,1434925752271017
accept-in,-8196180512546845157,1434925752273785
accept-in,778994429222700565,1434925757391664
accept-in,778994429222700565,1434925757394567
accept-in,1999543376978785914,1434925762611667
accept-in,1999543376978785914,1434925762614744
accept-in,-3363754202696368442,1434925767818570
accept-in,-3363754202696368442,1434925767821660
accept-in,-2375161221023237315,1434925772969468
accept-in,-2375161221023237315,1434925772972328
accept-in,4096506174024932389,1434925778156925
accept-in,4096506174024932389,1434925778159746
accept-in,8553406967979096214,1434925783285139
accept-in,8553406967979096214,1434925783287847
accept-in,1597802278424277268,1434925788577879
accept-in,1597802278424277268,1434925788580624
accept-in,840264855907306332,1434925793770837
accept-in,840264855907306332,1434925793773452
accept-in,8042066363478615779,1434925798914901
accept-in,8042066363478615779,1434925798918083
accept-in,407854219750889615,1434925804124969
accept-in,407854219750889615,1434925804127931
accept-in,-8967982599396991623,1434925809286893
accept-in,-8967982599396991623,1434925809289885
accept-in,957916636556493758,1434925814491075
accept-in,957916636556493758,1434925814494005
accept-in,7481681700202022844,1434925819769764
accept-in,7481681700202022844,1434925819772566
accept-in,8362783858879791458,1434925825221144
accept-in,8362783858879791458,1434925825223656
accept-in,3133729702125708343,1434925830435434
accept-in,3133729702125708343,1434925830438562
accept-in,-537155508718920820,1434925835612346
accept-in,-537155508718920820,1434925835615150
accept-in,264462326475683696,1434925840764372
accept-in,264462326475683696,1434925840767417
accept-in,-7878113302457825622,1434925845930285
accept-in,-7878113302457825622,1434925845933106
accept-in,9146190389005302747,1434925851093968
accept-in,9146190389005302747,1434925851096900
accept-in,-8547034659399263204,1434925856310731
accept-in,-8547034659399263204,1434925856313645
accept-in,5150371630121638167,1434925861471023
accept-in,5150371630121638167,1434925861474179
accept-in,-2353216310854898769,1434925866586455
accept-in,-2353216310854898769,1434925866589228
accept-in,-6104733931569556454,1434925871786333
accept-in,-6104733931569556454,1434925871789183
accept-in,-1281237921659597536,1434925877012626
accept-in,-1281237921659597536,1434925877015364
accept-in,-1118476148761582592,1434925882172369
accept-in,-1118476148761582592,1434925882175284
accept-in,8113348675188386922,1434925887305103
accept-in,8113348675188386922,1434925887308236
accept-in,-5031509836080478894,1434925892449217
accept-in,-5031509836080478894,1434925892452006
accept-in,231338938843286024,1434925897727525
accept-in,231338938843286024,1434925897730400
accept-in,3224563564187448152,1434925903051068
accept-in,3224563564187448152,1434925903054231
accept-in,-3533082460322607591,1434925908178490
accept-in,-3533082460322607591,1434925908180972
accept-in,7201442537269723330,1434925913284199
accept-in,7201442537269723330,1434925913287153
accept-in,-4109532800713337513,1434925918426515
accept-in,-4109532800713337513,1434925918429396
accept-in,-466061704255627492,1434925923576155
accept-in,-466061704255627492,1434925923579467
accept-in,-4758564277700148483,1434925928747480
accept-in,-4758564277700148483,1434925928750512
accept-in,5421233547729259010,1434925933938808
accept-in,5421233547729259010,1434925933941595
accept-in,-7001660842489448693,1434925939056865
accept-in,-7001660842489448693,1434925939059663
accept-in,-2111993653673211130,1434925944313264
accept-in,-2111993653673211130,1434925944315806
accept-in,7021985235761532887,1434925949463945
accept-in,7021985235761532887,1434925949466497
accept-in,-5087228637440672962,1434925954667908
accept-in,-5087228637440672962,1434925954670555
accept-in,7078904502094862865,1434925959825358
accept-in,7078904502094862865,1434925959828278
accept-in,-3420680944356322818,1434925965016576
accept-in,-3420680944356322818,1434925965020020
accept-in,7403437901283759501,1434925970230111
accept-in,7403437901283759501,1434925970233021
accept-in,-1641422685563047794,1434925975398518
accept-in,-1641422685563047794,1434925975401306
accept-in,-3633360322263480565,1434925980631427
accept-in,-3633360322263480565,1434925980634460
accept-in,4547300088871950429,1434925985839994
accept-in,4547300088871950429,1434925985842860
accept-in,3226256925212695079,1434925990982944
accept-in,3226256925212695079,1434925990995384
accept-in,-1503324886897538401,1434925996143592
accept-in,-1503324886897538401,1434925996146445
accept-in,4917468301584963884,1434926001343004
accept-in,4917468301584963884,1434926001345868
accept-in,4107339700758536950,1434926006505853
accept-in,4107339700758536950,1434926006508503
accept-in,1660434738366024708,1434926011707283
accept-in,1660434738366024708,1434926011710174
accept-in,-8273047033745311291,1434926016922845
accept-in,-8273047033745311291,1434926016925878
accept-in,-3034220311755257591,1434926022093965
accept-in,-3034220311755257591,1434926022096995
accept-in,-6765400493927812077,1434926027336536
accept-in,-6765400493927812077,1434926027339547
accept-in,2637620792962685407,1434926032450705
accept-in,2637620792962685407,1434926032453569
accept-in,6037237551655448179,1434926037632398
accept-in,6037237551655448179,1434926037635298
accept-in,-8310256378644865444,1434926042808768
accept-in,-8310256378644865444,1434926042811441
accept-in,8237343369593085174,1434926047950686
accept-in,8237343369593085174,1434926047953440
accept-in,2660702197730181158,1434926053164663
accept-in,2660702197730181158,1434926053175946
accept-in,8636502062407027634,1434926058334251
accept-in,8636502062407027634,1434926058337189
accept-in,5208933225447175982,1434926063531728
accept-in,5208933225447175982,1434926063534496
accept-in,5389959440494753183,1434926068795324
accept-in,5389959440494753183,1434926068798376
accept-in,5259995945240315248,1434926073885815
accept-in,5259995945240315248,1434926073888322
accept-in,-4781434373392483975,1434926079150018
accept-in,-4781434373392483975,1434926079152753
accept-in,1550668581808303147,1434926084304351
accept-in,1550668581808303147,1434926084306996
accept-in,-4781322306017022700,1434926089552685
accept-in,-4781322306017022700,1434926089555616
accept-in,1716014362849417272,1434926094701181
accept-in,1716014362849417272,1434926094704072
accept-in,5114919312956991316,1434926099894725
accept-in,5114919312956991316,1434926099897922
accept-in,-4642235677895971161,1434926105019899
accept-in,-4642235677895971161,1434926105022699
accept-in,2250541093894323929,1434926110294492
accept-in,2250541093894323929,1434926110297471
accept-in,-99142623468692441,1434926115427440
accept-in,-99142623468692441,1434926115429979
accept-in,-891628670653135366,1434926120665033
accept-in,-891628670653135366,1434926120668155
accept-in,-8826376730174383678,1434926125865917
accept-in,-8826376730174383678,1434926125868738
accept-in,-7573639986707076177,1434926131030044
accept-in,-7573639986707076177,1434926131032854
accept-in,1902643768469984375,1434926136209919
accept-in,1902643768469984375,1434926136212472
accept-in,-2348211758920282795,1434926141429405
accept-in,-2348211758920282795,1434926141432280
accept-in,5022644106319792754,1434926146555141
accept-in,5022644106319792754,1434926146558089
accept-in,-540550241063948206,1434926151788165
accept-in,-540550241063948206,1434926151791200
accept-in,7797798847314739651,1434926157053709
accept-in,7797798847314739651,1434926157056594
accept-in,-1519634003783615323,1434926162173463
accept-in,-1519634003783615323,1434926162176048
accept-in,4997789906829480174,1434926167345440
accept-in,4997789906829480174,1434926167348183
accept-in,-3979669459212835217,1434926172582230
accept-in,-3979669459212835217,1434926172585211
accept-in,8047893667158756980,1434926177719760
accept-in,8047893667158756980,1434926177722251
accept-in,-5728906585843325203,1434926182892159
accept-in,-5728906585843325203,1434926182895153
accept-in,4578984984318836887,1434926188056874
accept-in,4578984984318836887,1434926188059766
accept-in,-7652212534605990292,1434926193242854
accept-in,-7652212534605990292,1434926193246014
accept-in,5664014089490701158,1434926198615486
accept-in,5664014089490701158,1434926198618657
accept-in,6639839722141923392,1434926204030111
accept-in,6639839722141923392,1434926204033479
accept-in,2216140478722342199,1434926209313814
accept-in,2216140478722342199,1434926209316489
accept-in,4822456689890419805,1434926214461399
accept-in,4822456689890419805,1434926214464712
accept-in,1571704600044887802,1434926219710596
accept-in,1571704600044887802,1434926219713811
accept-in,-2919555922800384778,1434926224919122
accept-in,-2919555922800384778,1434926224921618
accept-in,5889381926883870157,1434926230081781
accept-in,5889381926883870157,1434926230084655
accept-in,7660143678410943180,1434926235301418
accept-in,7660143678410943180,1434926235304603
accept-in,6008494688030020720,1434926240536287
accept-in,6008494688030020720,1434926240539549
accept-in,6656360289981063454,1434926245744568
accept-in,6656360289981063454,1434926245747576
accept-in,-2188603544399558365,1434926250935283
accept-in,-2188603544399558365,1434926250938242
accept-in,-3447884317885397169,1434926256087632
accept-in,-3447884317885397169,1434926256090439
accept-in,-4920485535159109765,1434926261309595
accept-in,-4920485535159109765,1434926261312565
accept-in,-8736195768948905190,1434926266419031
accept-in,-8736195768948905190,1434926266421862
accept-in,6180210001411231837,1434926271634510
accept-in,6180210001411231837,1434926271637213
accept-in,-7482648511942206094,1434926276813659
accept-in,-7482648511942206094,1434926276816157
accept-in,-6979395572463799788,1434926281949479
accept-in,-6979395572463799788,1434926281952224
accept-in,-2576552170349571524,1434926287191508
accept-in,-2576552170349571524,1434926287193961
accept-in,8921120256629339994,1434926292356451
accept-in,8921120256629339994,1434926292359325
accept-in,7580867025548559836,1434926297634012
accept-in,7580867025548559836,1434926297636614
accept-in,-1677849351305103784,1434926302720742
accept-in,-1677849351305103784,1434926302731881
accept-in,8494969659693979015,1434926308007938
accept-in,8494969659693979015,1434926308010402
accept-in,6148853359258946657,1434926313202835
accept-in,6148853359258946657,1434926313206125
accept-in,6572282202829108844,1434926318388062
accept-in,6572282202829108844,1434926318391212
accept-in,736254583069969469,1434926323576010
accept-in,736254583069969469,1434926323578876
accept-in,-7237366020731003646,1434926328772372
accept-in,-7237366020731003646,1434926328775443
accept-in,3851721775415488422,1434926333948307
accept-in,3851721775415488422,1434926333951238
accept-in,4420108493376854260,1434926339154691
accept-in,4420108493376854260,1434926339157131
accept-in,8832871387193845130,1434926344483654
accept-in,8832871387193845130,1434926344486040
accept-in,-8758575358358565703,1434926349788756
accept-in,-8758575358358565703,1434926349791845
accept-in,-1088113170202395681,1434926354918651
accept-in,-1088113170202395681,1434926354921216
accept-in,-3264136298433778963,1434926360074460
accept-in,-3264136298433778963,1434926360077362
accept-in,-1030658205204928154,1434926365273358
accept-in,-1030658205204928154,1434926365275966
accept-in,3962155402798903053,1434926370399927
accept-in,3962155402798903053,1434926370412104
accept-in,6522752514106364977,1434926375597614
accept-in,6522752514106364977,1434926375605947
accept-in,-310913493201524219,1434926380801880
accept-in,-310913493201524219,1434926380805427
accept-in,-4778025662809499643,1434926386104127
accept-in,-4778025662809499643,1434926386107319
accept-in,6260945048263455659,1434926391242568
accept-in,6260945048263455659,1434926391245733
accept-in,4037208504332202121,1434926396373794
accept-in,4037208504332202121,1434926396376625
accept-in,5221324477983401967,1434926401629387
accept-in,5221324477983401967,1434926401632365
accept-in,-3492773746761517052,1434926406907714
accept-in,-3492773746761517052,1434926406914206
accept-in,-4022756262420109409,1434926412071583
accept-in,-4022756262420109409,1434926412074398
accept-in,5505868722053308047,1434926418182238
accept-in,5505868722053308047,1434926418185003
accept-in,-984762923009634751,1434926422509043
accept-in,-984762923009634751,1434926422512268
accept-in,4975739314815111936,1434926427769123
accept-in,4975739314815111936,1434926427771832
accept-in,231276266356419689,1434926433151249
accept-in,231276266356419689,1434926433154135
accept-in,-3732068298726162964,1434926441563222
accept-in,-3732068298726162964,1434926441565950
accept-in,1310237450753283144,1434926443555209
accept-in,1310237450753283144,1434926443558048
accept-in,1529019467992445912,1434926448705196
accept-in,1529019467992445912,1434926448708238
accept-in,2534078872601177807,1434926453833473
accept-in,2534078872601177807,1434926453836413
accept-in,525100243578864352,1434926459067392
accept-in,525100243578864352,1434926459070140
accept-in,9068890028040504145,1434926464218261
accept-in,9068890028040504145,1434926464221188
accept-in,-3940287926698229383,1434926470314536
accept-in,-3940287926698229383,1434926470317265
accept-in,3224554498543201172,1434926474588526
accept-in,3224554498543201172,1434926474591936
accept-in,-1738535650356570379,1434926479808991
accept-in,-1738535650356570379,1434926479812196
accept-in,-7240706660006629594,1434926485010571
accept-in,-7240706660006629594,1434926485013333
accept-in,806722633783401866,1434926490131913
accept-in,806722633783401866,1434926490134748
accept-in,-8349573374555897715,1434926495367179
accept-in,-8349573374555897715,1434926495370743
accept-in,5077589431727831154,1434926500829782
accept-in,5077589431727831154,1434926500842718
accept-in,-8826434911978242899,1434926505675196
accept-in,-8826434911978242899,1434926505678283
accept-in,-3431626919909656137,1434926510831989
accept-in,-3431626919909656137,1434926510841941
accept-in,729704791392427862,1434926515987649
accept-in,729704791392427862,1434926515990709
accept-in,-1813391879098250093,1434926521197097
accept-in,-1813391879098250093,1434926521200200
accept-in,8107869483552781664,1434926526376212
accept-in,8107869483552781664,1434926526379109
accept-in,2459862606890442396,1434926531607402
accept-in,2459862606890442396,1434926531610025
accept-in,-4294280503156796211,1434926536713124
accept-in,-4294280503156796211,1434926536716179
accept-in,-3901883709490737438,1434926541867899
accept-in,-3901883709490737438,1434926541870560
accept-in,-9086108527140712708,1434926547073815
accept-in,-9086108527140712708,1434926547077035
accept-in,-1925870565312984759,1434926552254203
accept-in,-1925870565312984759,1434926552257050
accept-in,7053991468377913068,1434926557435680
accept-in,7053991468377913068,1434926557438521
accept-in,-6531712046331235950,1434926562598782
accept-in,-6531712046331235950,1434926562601740
accept-in,7970816203831693762,1434926567836784
accept-in,7970816203831693762,1434926567839659
accept-in,334624906654064229,1434926572959713
accept-in,334624906654064229,1434926572963073
accept-in,-416044027956450905,1434926578184921
accept-in,-416044027956450905,1434926578187872
accept-in,-6664187374139211468,1434926583307401
accept-in,-6664187374139211468,1434926583310462
accept-in,-8086747646553843212,1434926588535598
accept-in,-8086747646553843212,1434926588538535
accept-in,5640645382073527594,1434926593629491
accept-in,5640645382073527594,1434926593632372
accept-in,7556248065029105392,1434926598832158
accept-in,7556248065029105392,1434926598835180
accept-in,-6194364982638437395,1434926604029980
accept-in,-6194364982638437395,1434926604033010
accept-in,1676109579464893010,1434926609214495
accept-in,1676109579464893010,1434926609217639
accept-in,6952088598226885155,1434926614391469
accept-in,6952088598226885155,1434926614394374
accept-in,7496194085817790398,1434926619680805
accept-in,7496194085817790398,1434926619683911
accept-in,-1463752534210751791,1434926624822158
accept-in,-1463752534210751791,1434926624824936
accept-in,4719719685134022672,1434926630004635
accept-in,4719719685134022672,1434926630007450
accept-in,8862098010879349880,1434926635175240
accept-in,8862098010879349880,1434926635177954
accept-in,-7611863351531083632,1434926640444134
accept-in,-7611863351531083632,1434926640447118
accept-in,5694081399274744969,1434926645544504
accept-in,5694081399274744969,1434926645547391
accept-in,314760656729110677,1434926650874061
accept-in,314760656729110677,1434926650881646
accept-in,-7479767011284148838,1434926655993606
accept-in,-7479767011284148838,1434926655996426
accept-in,-5152853425714299337,1434926661222007
accept-in,-5152853425714299337,1434926661225464
accept-in,5380085428308288033,1434926666431538
accept-in,5380085428308288033,1434926666434360
accept-in,-120463822471178071,1434926671588624
accept-in,-120463822471178071,1434926671591221
accept-in,4548980057378072842,1434926676735860
accept-in,4548980057378072842,1434926676738765
accept-in,-1511623374022842649,1434926681919646
accept-in,-1511623374022842649,1434926681922487
accept-in,-5890675690003689497,1434926687081962
accept-in,-5890675690003689497,1434926687084731
accept-in,3734776791947064101,1434926692333718
accept-in,3734776791947064101,1434926692336860
accept-in,-842552177043830808,1434926697528662
accept-in,-842552177043830808,1434926697531649
accept-in,3028383526517570250,1434926702690700
accept-in,3028383526517570250,1434926702693792
accept-in,-2512367622297203824,1434926707911415
accept-in,-2512367622297203824,1434926707914065
accept-in,5843232390034544403,1434926713098102
accept-in,5843232390034544403,1434926713100712
accept-in,4511562855325416687,1434926718213509
accept-in,4511562855325416687,1434926718216249
accept-in,3074889266094443931,1434926723400267
accept-in,3074889266094443931,1434926723403392
accept-in,2914219346171954550,1434926728574938
accept-in,2914219346171954550,1434926728577615
accept-in,827783601523235909,1434926733809030
accept-in,827783601523235909,1434926733811738
accept-in,-1842324076451979888,1434926738960773
accept-in,-1842324076451979888,1434926738963770
accept-in,-2108999090105814729,1434926744195045
accept-in,-2108999090105814729,1434926744198249
accept-in,-5917735395579971611,1434926749357058
accept-in,-5917735395579971611,1434926749360498
accept-in,3964890936998448036,1434926754617034
accept-in,3964890936998448036,1434926754619814
accept-in,-8320438990347708515,1434926759890614
accept-in,-8320438990347708515,1434926759893691
accept-in,-3084911217497239387,1434926765033079
accept-in,-3084911217497239387,1434926765036241
accept-in,3047418867414806017,1434926770396875
accept-in,3047418867414806017,1434926770404607
accept-in,-6451829683271990703,1434926775540998
accept-in,-6451829683271990703,1434926775543896
accept-in,-2867163387771190322,1434926780567581
accept-in,-2867163387771190322,1434926780570434
accept-in,-5166609141527765929,1434926785763938
accept-in,-5166609141527765929,1434926785766915
accept-in,-6375105978920225258,1434926790864876
accept-in,-6375105978920225258,1434926790867596
accept-in,-6210307740990058701,1434926796034416
accept-in,-6210307740990058701,1434926796037799
accept-in,407027180400539909,1434926801232449
accept-in,407027180400539909,1434926801235224
accept-in,-6923113140753111361,1434926806374923
accept-in,-6923113140753111361,1434926806378170
accept-in,6935515448690301374,1434926811524357
accept-in,6935515448690301374,1434926811527211
accept-in,-3256376131576653071,1434926816765306
accept-in,-3256376131576653071,1434926816767988
accept-in,3051266811990185642,1434926821908969
accept-in,3051266811990185642,1434926821911731
accept-in,-869977533843829143,1434926827136695
accept-in,-869977533843829143,1434926827139616
accept-in,5025430843656847691,1434926832319219
accept-in,5025430843656847691,1434926832322490
accept-in,1233939362871499619,1434926837489587
accept-in,1233939362871499619,1434926837492564
accept-in,-541728339461717510,1434926842644821
accept-in,-541728339461717510,1434926842657973
accept-in,3928832591734548921,1434926847860624
accept-in,3928832591734548921,1434926847863504
accept-in,8064059367722503172,1434926853061077
accept-in,8064059367722503172,1434926853064110
accept-in,3172292006499439338,1434926858369882
accept-in,3172292006499439338,1434926858373086
accept-in,8720833257476243660,1434926863751907
accept-in,8720833257476243660,1434926863754840
accept-in,4332371355735457090,1434926869041992
accept-in,4332371355735457090,1434926869044966
accept-in,922082769725568223,1434926874144107
accept-in,922082769725568223,1434926874146782
accept-in,-947472910659716398,1434926879314901
accept-in,-947472910659716398,1434926879317891
accept-in,-7854222129894716148,1434926884475690
accept-in,-7854222129894716148,1434926884478734
accept-in,-306410456193629677,1434926889754920
accept-in,-306410456193629677,1434926889757597
accept-in,3463006851017422834,1434926894879175
accept-in,3463006851017422834,1434926894882090
accept-in,-6519306242543507396,1434926900152926
accept-in,-6519306242543507396,1434926900166808
accept-in,-8412689633874629438,1434926905287809
accept-in,-8412689633874629438,1434926905290525
accept-in,29402521995448076,1434926910490408
accept-in,29402521995448076,1434926910493351
accept-in,-7812455576927344417,1434926915738128
accept-in,-7812455576927344417,1434926915741175
accept-in,4076964863946462602,1434926920821891
accept-in,4076964863946462602,1434926920824761
accept-in,-148111592357711329,1434926926001916
accept-in,-148111592357711329,1434926926004803
accept-in,9185869465531060433,1434926931324856
accept-in,9185869465531060433,1434926931327801
accept-in,1096023137576599439,1434926936480637
accept-in,1096023137576599439,1434926936483833
accept-in,2921918896936325784,1434926941692610
accept-in,2921918896936325784,1434926941695454
accept-in,-1929608758868841093,1434926946838991
accept-in,-1929608758868841093,1434926946841816
accept-in,-8336313438958663994,1434926952019103
accept-in,-8336313438958663994,1434926952022097
accept-in,-7248935617070208771,1434926957170296
accept-in,-7248935617070208771,1434926957173086
accept-in,-3560440373284814967,1434926962383422
accept-in,-3560440373284814967,1434926962391066
accept-in,9033286358263826685,1434926967620304
accept-in,9033286358263826685,1434926967623597
accept-in,-1478038518684103975,1434926972757663
accept-in,-1478038518684103975,1434926972772222
accept-in,-4062060782046780370,1434926977992296
accept-in,-4062060782046780370,1434926977994911
accept-in,-5507457322308600727,1434926983207130
accept-in,-5507457322308600727,1434926983210084
accept-in,-6758628102394224804,1434926988360857
accept-in,-6758628102394224804,1434926988363874
accept-in,-2159983318655878822,1434926993484735
accept-in,-2159983318655878822,1434926993487612
accept-in,2301207357629459864,1434926998650441
accept-in,2301207357629459864,1434926998653510
accept-in,-2726351553341639507,1434927003830020
accept-in,-2726351553341639507,1434927003841565
accept-in,-7223848120051986837,1434927009067129
accept-in,-7223848120051986837,1434927009070743
accept-in,-1602063073848537570,1434927014397986
accept-in,-1602063073848537570,1434927014400952
accept-in,-5664237345034487675,1434927019540413
accept-in,-5664237345034487675,1434927019544105
accept-in,-2327632186462377402,1434927024802004
accept-in,-2327632186462377402,1434927024804925
accept-in,2035663263907965568,1434927030067323
accept-in,2035663263907965568,1434927030070283
accept-in,2663100799134533522,1434927035318794
accept-in,2663100799134533522,1434927035321601
accept-in,-847439796142604631,1434927040375771
accept-in,-847439796142604631,1434927040378882
accept-in,-7118646102241535489,1434927045562963
accept-in,-7118646102241535489,1434927045574635
accept-in,-3486443115170127363,1434927050755221
accept-in,-3486443115170127363,1434927050758099
accept-in,3112111205703623494,1434927055875496
accept-in,3112111205703623494,1434927055878498
accept-in,8637449947261403446,1434927061087146
accept-in,8637449947261403446,1434927061090078
accept-in,5994927840982541041,1434927066356290
accept-in,5994927840982541041,1434927066359092
accept-in,6154554736094178764,1434927071818478
accept-in,6154554736094178764,1434927071821069
accept-in,4950332259338806842,1434927076722826
accept-in,4950332259338806842,1434927076725788
accept-in,2611978181557524438,1434927081904167
accept-in,2611978181557524438,1434927081907740
accept-in,-9139148887600734809,1434927087088414
accept-in,-9139148887600734809,1434927087091132
accept-in,1463181786974224109,1434927092197922
accept-in,1463181786974224109,1434927092200901
accept-in,-6167976307693765983,1434927097426459
accept-in,-6167976307693765983,1434927097429934
accept-in,-3439275207659434744,1434927102565210
accept-in,-3439275207659434744,1434927102568313
accept-in,5587592961873461979,1434927107691862
accept-in,5587592961873461979,1434927107694875
accept-in,6404269379261105575,1434927112885293
accept-in,6404269379261105575,1434927112888022
accept-in,-2432372373890671446,1434927118203791
accept-in,-2432372373890671446,1434927118207006
accept-in,-2701341427777837920,1434927123272121
accept-in,-2701341427777837920,1434927123275418
accept-in,4173702917065675190,1434927128495762
accept-in,4173702917065675190,1434927128498881
accept-in,6111663438858865648,1434927133619975
accept-in,6111663438858865648,1434927133623112
accept-in,-869853550982791571,1434927138781118
accept-in,-869853550982791571,1434927138788858
accept-in,-136987560028550994,1434927143949403
accept-in,-136987560028550994,1434927143952304
accept-in,-281308224777643403,1434927149185665
accept-in,-281308224777643403,1434927149188825
accept-in,-5447965256212327175,1434927154331038
accept-in,-5447965256212327175,1434927154333871
accept-in,-5116930351494455500,1434927159532883
accept-in,-5116930351494455500,1434927159535560
accept-in,-1198460970771375678,1434927164674224
accept-in,-1198460970771375678,1434927164677144
accept-in,-218052724614386158,1434927169919347
accept-in,-218052724614386158,1434927169922444
accept-in,-3955691641349103229,1434927175081410
accept-in,-3955691641349103229,1434927175084402
accept-in,-6058468991068825391,1434927180378322
accept-in,-6058468991068825391,1434927180381189
accept-in,364349668796828309,1434927185520783
accept-in,364349668796828309,1434927185523440
accept-in,-6463977475210193575,1434927190770058
accept-in,-6463977475210193575,1434927190772697
accept-in,4043199023686692059,1434927195931718
accept-in,4043199023686692059,1434927195934479
accept-in,9159916960819582941,1434927201137427
accept-in,9159916960819582941,1434927201140321
accept-in,4651310190977207947,1434927206317638
accept-in,4651310190977207947,1434927206320355
accept-in,3110181856765310306,1434927211551938
accept-in,3110181856765310306,1434927211554602
accept-in,-8288998068552824432,1434927216789257
accept-in,-8288998068552824432,1434927216792128
accept-in,6941083798788820540,1434927221906081
accept-in,6941083798788820540,1434927221908945
accept-in,-1712104755886400933,1434927227116930
accept-in,-1712104755886400933,1434927227119835
accept-in,3534358116464230933,1434927232333782
accept-in,3534358116464230933,1434927232336807
accept-in,-9140492405312994880,1434927237521057
accept-in,-9140492405312994880,1434927237523952
accept-in,8041840269472387577,1434927242770820
accept-in,8041840269472387577,1434927242773660
accept-in,1662975782871013984,1434927247985743
accept-in,1662975782871013984,1434927247992257
accept-in,-2455765074126997302,1434927253173010
accept-in,-2455765074126997302,1434927253176225
accept-in,-5643139048190394637,1434927258298882
accept-in,-5643139048190394637,1434927258309328
accept-in,-6976213621340567168,1434927263469812
accept-in,-6976213621340567168,1434927263472856
accept-in,-3205886112617200724,1434927268649783
accept-in,-3205886112617200724,1434927268652643
accept-in,4442762301108600322,1434927273922320
accept-in,4442762301108600322,1434927273925300
accept-in,-7412566439853631955,1434927279178067
accept-in,-7412566439853631955,1434927279180786
accept-in,3716270426544814659,1434927284415500
accept-in,3716270426544814659,1434927284418392
accept-in,-996123946414248338,1434927289583445
accept-in,-996123946414248338,1434927289586178
accept-in,-1695486484133849166,1434927294766649
accept-in,-1695486484133849166,1434927294769692
accept-in,7547477234138060918,1434927299954369
accept-in,7547477234138060918,1434927299957012
accept-in,6303322881058555866,1434927305137343
accept-in,6303322881058555866,1434927305140465
accept-in,-4468392449927187946,1434927310347899
accept-in,-4468392449927187946,1434927310350534
accept-in,6056732527763136721,1434927315519531
accept-in,6056732527763136721,1434927315522676
accept-in,-2406346888457446231,1434927320656169
accept-in,-2406346888457446231,1434927320658714
accept-in,-4068022421409828674,1434927325787397
accept-in,-4068022421409828674,1434927325791826
accept-in,-3985701142288424209,1434927330990971
accept-in,-3985701142288424209,1434927330993979
accept-in,5218458004354539106,1434927336241202
accept-in,5218458004354539106,1434927336244198
accept-in,6276391772750022668,1434927341389410
accept-in,6276391772750022668,1434927341391888
accept-in,7793182685067152789,1434927346533224
accept-in,7793182685067152789,1434927346536443
accept-in,6365651125439049734,1434927351700800
accept-in,6365651125439049734,1434927351708522
accept-in,7730059194055816766,1434927357060898
accept-in,7730059194055816766,1434927357063752
accept-in,1029236053360927042,1434927362107855
accept-in,1029236053360927042,1434927362110738
accept-in,8098985034004283783,1434927367373455
accept-in,8098985034004283783,1434927367376668
accept-in,-5185847722693254776,1434927372556810
accept-in,-5185847722693254776,1434927372559614
accept-in,-288082289087828630,1434927377838870
accept-in,-288082289087828630,1434927377841768
accept-in,9026062637988924482,1434927383521441
accept-in,9026062637988924482,1434927383524645
accept-in,3997660015533481668,1434927388245145
accept-in,3997660015533481668,1434927388248484
accept-in,1690829881091414879,1434927393530647
accept-in,1690829881091414879,1434927393534102
accept-in,3195114928622025389,1434927398770989
accept-in,3195114928622025389,1434927398774136
accept-in,-3071676387579765605,1434927403845178
accept-in,-3071676387579765605,1434927403847956
accept-in,-2914446333972173379,1434927409017157
accept-in,-2914446333972173379,1434927409020337
accept-in,-6365902925495439404,1434927414229497
accept-in,-6365902925495439404,1434927414232983
accept-in,6836921728300102815,1434927419406301
accept-in,6836921728300102815,1434927419409965
accept-in,4942839197579927731,1434927424536531
accept-in,4942839197579927731,1434927424539596
accept-in,5606430014413304454,1434927429809906
accept-in,5606430014413304454,1434927429812679
accept-in,-2757118390622355749,1434927434940910
accept-in,-2757118390622355749,1434927434943640
accept-in,-2596599235608224376,1434927440187182
accept-in,-2596599235608224376,1434927440189956
accept-in,4871241843452683390,1434927445296858
accept-in,4871241843452683390,1434927445307804
accept-in,-7598960829164026529,1434927450501154
accept-in,-7598960829164026529,1434927450503722
accept-in,5267226006376918119,1434927455738132
accept-in,5267226006376918119,1434927455741279
accept-in,9087840177138447943,1434927460891806
accept-in,9087840177138447943,1434927460895231
accept-in,2941896058312844469,1434927466036477
accept-in,2941896058312844469,1434927466039024
accept-in,6480618190723401698,1434927471255714
accept-in,6480618190723401698,1434927471258570
accept-in,-853488459462764231,1434927476395074
accept-in,-853488459462764231,1434927476397711
accept-in,1164960010579123690,1434927481585248
accept-in,1164960010579123690,1434927481588081
accept-in,-1472068003585519176,1434927486743901
accept-in,-1472068003585519176,1434927486746588
accept-in,-1381653164461396154,1434927491912993
accept-in,-1381653164461396154,1434927491916243
accept-in,-1196953204188833087,1434927497055939
accept-in,-1196953204188833087,1434927497058914
accept-in,-1669666019174946724,1434927502243483
accept-in,-1669666019174946724,1434927502246447
accept-in,8350842540700012593,1434927507421922
accept-in,8350842540700012593,1434927507424593
accept-in,-3249667147663362920,1434927512587093
accept-in,-3249667147663362920,1434927512589995
accept-in,-2946181803107310503,1434927517749115
accept-in,-2946181803107310503,1434927517752335
accept-in,4072858011005779955,1434927522925110
accept-in,4072858011005779955,1434927522928035
accept-in,-1909668290170980476,1434927528088285
accept-in,-1909668290170980476,1434927528091128
accept-in,7399378392488581204,1434927533264632
accept-in,7399378392488581204,1434927533267585
accept-in,2357881084888532122,1434927538498649
accept-in,2357881084888532122,1434927538501822
accept-in,-7072290302596664586,1434927543651997
accept-in,-7072290302596664586,1434927543661419
accept-in,7054508743286512785,1434927548863754
accept-in,7054508743286512785,1434927548866381
accept-in,-6960666174120283933,1434927553992719
accept-in,-6960666174120283933,1434927553995562
accept-in,-132340429847077727,1434927559148252
accept-in,-132340429847077727,1434927559150932
accept-in,4976552094095315317,1434927564417438
accept-in,4976552094095315317,1434927564420168
accept-in,2703769707204739679,1434927569570613
accept-in,2703769707204739679,1434927569573449
accept-in,-3632670924679797195,1434927574780607
accept-in,-3632670924679797195,1434927574783826
accept-in,-8615460158012717289,1434927579947609
accept-in,-8615460158012717289,1434927579950218
accept-in,-505443698231134245,1434927585154166
accept-in,-505443698231134245,1434927585167621
accept-in,-4933615063541985632,1434927590366589
accept-in,-4933615063541985632,1434927590370040
accept-in,2665048795771022724,1434927595577361
accept-in,2665048795771022724,1434927595579976
accept-in,-26200591719957741,1434927600764589
accept-in,-26200591719957741,1434927600767624
accept-in,-1726123698960260267,1434927605960637
accept-in,-1726123698960260267,1434927605963633
accept-in,6526962645579085847,1434927611193817
accept-in,6526962645579085847,1434927611196590
accept-in,9170186002331397361,1434927616317834
accept-in,9170186002331397361,1434927616320557
accept-in,2679985665886991783,1434927621481770
accept-in,2679985665886991783,1434927621484690
accept-in,-6169804239247684880,1434927626679020
accept-in,-6169804239247684880,1434927626681855
accept-in,6544054928778670604,1434927631865395
accept-in,6544054928778670604,1434927631877043
accept-in,3199519593857739427,1434927637064626
accept-in,3199519593857739427,1434927637067510
accept-in,1715181895329705622,1434927642225290
accept-in,1715181895329705622,1434927642228161
accept-in,-1979581275763959742,1434927647390751
accept-in,-1979581275763959742,1434927647393655
accept-in,-8033974491082275357,1434927652592511
accept-in,-8033974491082275357,1434927652595698
accept-in,-8956713741181629856,1434927657762917
accept-in,-8956713741181629856,1434927657765747
accept-in,-8361627790927869525,1434927662921373
accept-in,-8361627790927869525,1434927662924153
accept-in,1679969184008878816,1434927668141325
accept-in,1679969184008878816,1434927668144248
accept-in,3888118227774121530,1434927673291261
accept-in,3888118227774121530,1434927673294315
accept-in,2537454424135943449,1434927678500141
accept-in,2537454424135943449,1434927678502894
accept-in,-7671662872141530533,1434927683732170
accept-in,-7671662872141530533,1434927683734795
accept-in,7466415175129113355,1434927688853563
accept-in,7466415175129113355,1434927688856163
accept-in,5121382987346347005,1434927694019776
accept-in,5121382987346347005,1434927694022518
accept-in,-271149569296013350,1434927699254058
accept-in,-271149569296013350,1434927699256883
accept-in,-2229534422581417946,1434927704382020
accept-in,-2229534422581417946,1434927704384774
accept-in,2812913725047913168,1434927709591625
accept-in,2812913725047913168,1434927709594591
accept-in,-3214529487940706265,1434927714730641
accept-in,-3214529487940706265,1434927714733487
accept-in,-3152220383142963886,1434927719912143
accept-in,-3152220383142963886,1434927719914842
accept-in,-7321287960319284343,1434927725041026
accept-in,-7321287960319284343,1434927725043645
accept-in,4803621038048338895,1434927730323222
accept-in,4803621038048338895,1434927730326004
accept-in,2431541895374648063,1434927735414807
accept-in,2431541895374648063,1434927735417565
accept-in,-3156870951992055124,1434927740691143
accept-in,-3156870951992055124,1434927740694033
accept-in,-1248382162710911422,1434927745858585
accept-in,-1248382162710911422,1434927745861334
accept-in,4877890331275045622,1434927751086585
accept-in,4877890331275045622,1434927751089428
accept-in,-775287559780041203,1434927756240551
accept-in,-775287559780041203,1434927756243179
accept-in,-6251553444377541020,1434927761411893
accept-in,-6251553444377541020,1434927761414429
accept-in,-3013508298206122296,1434927766558876
accept-in,-3013508298206122296,1434927766561816
accept-in,-3881587233087312199,1434927772020665
accept-in,-3881587233087312199,1434927772023277
accept-in,359396854423554270,1434927777161021
accept-in,359396854423554270,1434927777163415
accept-in,7111158734159106410,1434927782316552
accept-in,7111158734159106410,1434927782319348
accept-in,3991167214262552205,1434927787418591
accept-in,3991167214262552205,1434927787421256
accept-in,-4668684545044791342,1434927792597741
accept-in,-4668684545044791342,1434927792600703
accept-in,482801020157224760,1434927797719882
accept-in,482801020157224760,1434927797722572
accept-in,509813021473762239,1434927802998257
accept-in,509813021473762239,1434927803000874
accept-in,-5873597943402931619,1434927808157866
accept-in,-5873597943402931619,1434927808161035
accept-in,339874581325820320,1434927813292387
accept-in,339874581325820320,1434927813295202
accept-in,8946396205373547495,1434927818403934
accept-in,8946396205373547495,1434927818406843
accept-in,3410260685255003542,1434927823595714
accept-in,3410260685255003542,1434927823598565
accept-in,1830797775660882905,1434927828782581
accept-in,1830797775660882905,1434927828785376
accept-in,-1882501043875434327,1434927834074332
accept-in,-1882501043875434327,1434927834077079
accept-in,-583828776960184336,1434927839214313
accept-in,-583828776960184336,1434927839217206
accept-in,-1956136323641832565,1434927844357245
accept-in,-1956136323641832565,1434927844359945
accept-in,5500811819160365911,1434927849530662
accept-in,5500811819160365911,1434927849533255
accept-in,-5938830529466020439,1434927854731653
accept-in,-5938830529466020439,1434927854734362
accept-in,473946774937852708,1434927859881473
accept-in,473946774937852708,1434927859884141
accept-in,-8470592269442104227,1434927865177118
accept-in,-8470592269442104227,1434927865179608
accept-in,7668606063905073445,1434927870325588
accept-in,7668606063905073445,1434927870328636
accept-in,8117920054383613196,1434927875535259
accept-in,8117920054383613196,1434927875538044
accept-in,-3251836146920945125,1434927880714667
accept-in,-3251836146920945125,1434927880717361
accept-in,-584083523445102531,1434927885938612
accept-in,-584083523445102531,1434927885942176
accept-in,7655140452297874801,1434927891083413
accept-in,7655140452297874801,1434927891086373
accept-in,2260684655098321524,1434927896307989
accept-in,2260684655098321524,1434927896310723
accept-in,-5657186894121586265,1434927901611111
accept-in,-5657186894121586265,1434927901613916
