accept-in,-5050309407245646836,4928591688385
accept-in,-5050309407245646836,4928591704132
accept-in,-283534713506189398,4928688609460
accept-in,-283534713506189398,4928688622714
accept-in,-3596279851750827814,4928785652983
accept-in,-3596279851750827814,4928785667587
accept-in,7833344122423272842,4928882607683
accept-in,7833344122423272842,4928882630020
accept-in,-7626332450154059910,4928979717634
accept-in,-7626332450154059910,4928979733082
accept-in,8539304787427796649,4929076595706
accept-in,8539304787427796649,4929076609472
accept-in,252153963118875278,4929173615385
accept-in,252153963118875278,4929173636771
accept-in,-4141846102085601102,4929270629560
accept-in,-4141846102085601102,4929270641708
accept-in,417244219572802924,4929367721153
accept-in,417244219572802924,4929367737214
accept-in,-67952809140953750,4929464639503
accept-in,-67952809140953750,4929464655537
accept-in,88173605273122936,4929561606891
accept-in,88173605273122936,4929561621855
accept-in,-8392948550776558203,4929658668893
accept-in,-8392948550776558203,4929658683222
accept-in,3976635447000034473,4929755667066
accept-in,3976635447000034473,4929755682479
accept-in,-3336843390161122212,4929852635231
accept-in,-3336843390161122212,4929852650223
accept-in,2661759245511185532,4929949588418
accept-in,2661759245511185532,4929949601929
accept-in,-2937208172662900704,4930046593911
accept-in,-2937208172662900704,4930046609101
accept-in,-2067802281474867993,4930143648214
accept-in,-2067802281474867993,4930143663745
accept-in,1525352276307235346,4930240575925
accept-in,1525352276307235346,4930240589772
accept-in,6587487742603278065,4930337572484
accept-in,6587487742603278065,4930337586451
accept-in,9121878798099276189,4930434566456
accept-in,9121878798099276189,4930434591800
accept-in,7360586281130637083,4930531653908
accept-in,7360586281130637083,4930531668002
accept-in,1048139857016584999,4930628619357
accept-in,1048139857016584999,4930628633600
accept-in,7832764410636512592,4930725688342
accept-in,7832764410636512592,4930725704524
accept-in,-673410995082198720,4930822622494
accept-in,-673410995082198720,4930822636158
accept-in,-1063913300454843794,4930919609362
accept-in,-1063913300454843794,4930919625556
accept-in,3440626247354825142,4931016589120
accept-in,3440626247354825142,4931016603425
accept-in,4049917755278399339,4931113578874
accept-in,4049917755278399339,4931113591307
accept-in,-7945358650830927497,4931210593700
accept-in,-7945358650830927497,4931210614348
accept-in,-1538002005919880177,4931307609572
accept-in,-1538002005919880177,4931307624087
accept-in,3175114755759063505,4931404572935
accept-in,3175114755759063505,4931404586553
accept-in,6591090648111984986,4931501598977
accept-in,6591090648111984986,4931501612110
accept-in,-7582127790714908739,4931598627563
accept-in,-7582127790714908739,4931598640359
accept-in,1132142349758416716,4931695604198
accept-in,1132142349758416716,4931695618258
accept-in,2801990853954500556,4931792635296
accept-in,2801990853954500556,4931792648880
accept-in,2405237483159560452,4931889623983
accept-in,2405237483159560452,4931889637499
accept-in,-8441528942304856887,4931986593405
accept-in,-8441528942304856887,4931986606673
accept-in,6782920627756076595,4932083648519
accept-in,6782920627756076595,4932083662228
accept-in,1328182846215610240,4932180619744
accept-in,1328182846215610240,4932180632307
accept-in,-1724729137414389323,4932277696726
accept-in,-1724729137414389323,4932277711325
accept-in,-2293562784354764524,4932374590037
accept-in,-2293562784354764524,4932374604411
accept-in,3956741783069919751,4932471610979
accept-in,3956741783069919751,4932471624841
accept-in,-5946180543009005938,4932568672820
accept-in,-5946180543009005938,4932568687619
accept-in,4955408315102274766,4932665577355
accept-in,4955408315102274766,4932665590954
accept-in,7944771225581252212,4932762695818
accept-in,7944771225581252212,4932762711863
accept-in,-3522236379298298199,4932859654941
accept-in,-3522236379298298199,4932859679118
accept-in,-8994300111895188262,4932956645937
accept-in,-8994300111895188262,4932956662167
accept-in,-7366688734006235097,4933053676228
accept-in,-7366688734006235097,4933053690274
accept-in,-8890490629501706705,4933150615863
accept-in,-8890490629501706705,4933150631807
accept-in,-7851153539956159215,4933247620696
accept-in,-7851153539956159215,4933247643702
accept-in,-4875223396144097836,4933344650603
accept-in,-4875223396144097836,4933344664429
accept-in,5268155973860037911,4933441737575
accept-in,5268155973860037911,4933441751127
accept-in,2512779710702462564,4933550272599
accept-in,2512779710702462564,4933550289282
accept-in,5430853744068055339,4933635607035
accept-in,5430853744068055339,4933635620939
accept-in,-6291043805082550180,4933732625097
accept-in,-6291043805082550180,4933732640380
accept-in,3940098556200589491,4933829633506
accept-in,3940098556200589491,4933829648371
accept-in,8035016485813046000,4933926746983
accept-in,8035016485813046000,4933926761546
accept-in,8138006759924134370,4934023611084
accept-in,8138006759924134370,4934023626328
accept-in,5456436751196680243,4934120604402
accept-in,5456436751196680243,4934120618669
accept-in,-3470004476218947403,4934217582141
accept-in,-3470004476218947403,4934217595858
accept-in,2601211561371494090,4934314621676
accept-in,2601211561371494090,4934314635783
accept-in,4154601795843243277,4934411622818
accept-in,4154601795843243277,4934411652137
accept-in,2388221708014136299,4934508579568
accept-in,2388221708014136299,4934508595422
accept-in,6539078878577211894,4934605618268
accept-in,6539078878577211894,4934605632613
accept-in,1735961117104536059,4934702588604
accept-in,1735961117104536059,4934702611273
accept-in,-9039637401144590932,4934799571936
accept-in,-9039637401144590932,4934799586682
accept-in,-1107398371980623866,4934896732654
accept-in,-1107398371980623866,4934896746791
accept-in,3924594413917173008,4934993611635
accept-in,3924594413917173008,4934993625510
accept-in,-6286322265789041235,4935090561685
accept-in,-6286322265789041235,4935090573845
accept-in,3221408512772684624,4935187632479
accept-in,3221408512772684624,4935187653598
accept-in,-702894617115991231,4935284629413
accept-in,-702894617115991231,4935284654898
accept-in,9198524314647052074,4935381607742
accept-in,9198524314647052074,4935381620761
accept-in,710483990195135901,4935478636140
accept-in,710483990195135901,4935478656011
accept-in,8477807920940562802,4935575644955
accept-in,8477807920940562802,4935575659529
accept-in,-7206966768578564683,4935672599384
accept-in,-7206966768578564683,4935672617755
accept-in,-1419460515632483665,4935769631164
accept-in,-1419460515632483665,4935769657419
accept-in,5644522820288816468,4935866626231
accept-in,5644522820288816468,4935866642871
accept-in,7025475902695109041,4935963618703
accept-in,7025475902695109041,4935963634390
accept-in,7018515203094750205,4936060627080
accept-in,7018515203094750205,4936060644217
accept-in,287392369086951937,4936157604377
accept-in,287392369086951937,4936157624979
accept-in,8068438571468435425,4936254663186
accept-in,8068438571468435425,4936254686559
accept-in,1060268060725387372,4936351552502
accept-in,1060268060725387372,4936351567322
accept-in,2653095454777142990,4936448580211
accept-in,2653095454777142990,4936448602851
accept-in,5285185549929531976,4936545618859
accept-in,5285185549929531976,4936545632708
accept-in,5140030115812527973,4936642556637
accept-in,5140030115812527973,4936642573188
accept-in,3908597040480126072,4936739575113
accept-in,3908597040480126072,4936739589766
accept-in,-5404069799456852148,4936836655262
accept-in,-5404069799456852148,4936836668971
accept-in,-7465864626254752173,4936933586339
accept-in,-7465864626254752173,4936933602044
accept-in,-1597020840352276986,4937030651600
accept-in,-1597020840352276986,4937030665181
accept-in,-2679642922445582365,4937127626305
accept-in,-2679642922445582365,4937127640959
accept-in,-6601876070269961059,4937224676675
accept-in,-6601876070269961059,4937224690895
accept-in,-7434658649694726125,4937321593915
accept-in,-7434658649694726125,4937321608959
accept-in,5059931016026181872,4937418620546
accept-in,5059931016026181872,4937418635008
accept-in,-6597400177053558042,4937515592368
accept-in,-6597400177053558042,4937515607774
accept-in,-5718829067561088144,4937612582154
accept-in,-5718829067561088144,4937612596136
accept-in,4429958360866964823,4937709699895
accept-in,4429958360866964823,4937709714071
accept-in,-4357628493517762786,4937806886319
accept-in,-4357628493517762786,4937806899816
accept-in,-7476187113759647303,4937903583713
accept-in,-7476187113759647303,4937903598912
accept-in,2031310183290350310,4889500704274
accept-in,2031310183290350310,4889500734399
accept-in,7372563867281498237,4889597703337
accept-in,7372563867281498237,4889597718017
accept-in,-7415030350492072933,4889694608099
accept-in,-7415030350492072933,4889694622366
accept-in,-8491846191622970858,4889791589208
accept-in,-8491846191622970858,4889791605330
accept-in,-4715366978295990759,4889888606313
accept-in,-4715366978295990759,4889888620889
accept-in,-5435072753755421291,4889986234426
accept-in,-5435072753755421291,4889986246550
accept-in,8561175223123140870,4890082757535
accept-in,8561175223123140870,4890082773159
accept-in,-2691115117203189780,4890179602585
accept-in,-2691115117203189780,4890179615918
accept-in,1522541767187750804,4890276653179
accept-in,1522541767187750804,4890276670303
accept-in,9122259659620375709,4890373617877
accept-in,9122259659620375709,4890373633517
accept-in,-5743030169342475783,4890470644439
accept-in,-5743030169342475783,4890470658897
accept-in,-8934638376694169733,4890567570499
accept-in,-8934638376694169733,4890567584359
accept-in,-7622481157907112929,4890664683480
accept-in,-7622481157907112929,4890664696408
accept-in,4275221644869245541,4890761631364
accept-in,4275221644869245541,4890761647255
accept-in,-2056230747933878817,4890858629023
accept-in,-2056230747933878817,4890858643498
accept-in,1875983394094655008,4890955651869
accept-in,1875983394094655008,4890955667230
accept-in,-6595777470841237976,4891053173841
accept-in,-6595777470841237976,4891053183241
accept-in,-6727613442316122652,4891149608430
accept-in,-6727613442316122652,4891149629343
accept-in,-2355855686274879551,4891246676224
accept-in,-2355855686274879551,4891246690158
accept-in,7794747492006363062,4891343601583
accept-in,7794747492006363062,4891343613200
accept-in,-1262928835372609508,4891440606315
accept-in,-1262928835372609508,4891440632431
accept-in,-8364262031235920620,4891537581892
accept-in,-8364262031235920620,4891537595728
accept-in,-8448068697304329622,4891634580710
accept-in,-8448068697304329622,4891634595195
accept-in,-5138010894732746607,4891731617872
accept-in,-5138010894732746607,4891731631180
accept-in,-8789170094655665174,4891828594510
accept-in,-8789170094655665174,4891828607741
accept-in,-1233340867194055204,4891925610109
accept-in,-1233340867194055204,4891925625003
accept-in,-1777361563476070527,4892022614249
accept-in,-1777361563476070527,4892022629258
accept-in,3819614176780620534,4892119652415
accept-in,3819614176780620534,4892119667235
accept-in,5266324297413746906,4892216595351
accept-in,5266324297413746906,4892216610417
accept-in,8560639467379938245,4892313613282
accept-in,8560639467379938245,4892313628576
accept-in,-1924800528881004770,4892410589977
accept-in,-1924800528881004770,4892410604075
accept-in,5259524185776381276,4892507635784
accept-in,5259524185776381276,4892507649194
accept-in,-7369792497835222314,4892604655546
accept-in,-7369792497835222314,4892604668509
accept-in,7835869842679153546,4892701626530
accept-in,7835869842679153546,4892701642158
accept-in,-2911355667666215276,4892798586842
accept-in,-2911355667666215276,4892798600569
accept-in,-6118421928072541948,4892895583269
accept-in,-6118421928072541948,4892895607192
accept-in,5383834135674688082,4892992613367
accept-in,5383834135674688082,4892992626952
accept-in,-5093190819945098978,4893089647788
accept-in,-5093190819945098978,4893089661007
accept-in,2358276841352066520,4893186607574
accept-in,2358276841352066520,4893186621297
accept-in,5997391054710778653,4893283634134
accept-in,5997391054710778653,4893283648818
accept-in,-3844306755696921377,4893380616571
accept-in,-3844306755696921377,4893380630576
accept-in,-6562261395800234257,4893477678290
accept-in,-6562261395800234257,4893477691666
accept-in,7255680660387513729,4893574622408
accept-in,7255680660387513729,4893574636823
accept-in,4174325163947205613,4893671714705
accept-in,4174325163947205613,4893671728744
accept-in,-7604487101702184411,4893768566643
accept-in,-7604487101702184411,4893768580138
accept-in,8643621584446352726,4893865622801
accept-in,8643621584446352726,4893865636378
accept-in,-8339652812788320938,4893962601475
accept-in,-8339652812788320938,4893962617032
accept-in,6205764679455397955,4894059597030
accept-in,6205764679455397955,4894059610520
accept-in,-8853683668078628989,4894156620353
accept-in,-8853683668078628989,4894156654176
accept-in,-4172735516275925584,4894253613505
accept-in,-4172735516275925584,4894253627996
accept-in,-3710081937720896606,4894350575445
accept-in,-3710081937720896606,4894350589132
accept-in,6467535517384531359,4894447658501
accept-in,6467535517384531359,4894447672128
accept-in,5921661510849865063,4894544642934
accept-in,5921661510849865063,4894544657393
accept-in,-4236693620420345171,4894641663282
accept-in,-4236693620420345171,4894641678089
accept-in,-825272043488769635,4894738594660
accept-in,-825272043488769635,4894738608428
accept-in,4918343044979264339,4894835645854
accept-in,4918343044979264339,4894835659248
accept-in,-3174377212996680398,4894932585682
accept-in,-3174377212996680398,4894932599670
accept-in,-2243155763059823646,4895029684199
accept-in,-2243155763059823646,4895029698168
accept-in,328144503795426760,4895126591407
accept-in,328144503795426760,4895126604811
accept-in,-6805412621445122742,4895223630640
accept-in,-6805412621445122742,4895223644975
accept-in,5714469717219624195,4895320670224
accept-in,5714469717219624195,4895320684837
accept-in,-8408246099665147605,4895417634387
accept-in,-8408246099665147605,4895417647847
accept-in,-4568962400783267918,4895514612987
accept-in,-4568962400783267918,4895514627222
accept-in,8342152505629126855,4895611579310
accept-in,8342152505629126855,4895611593571
accept-in,-8708280195372792164,4895708625121
accept-in,-8708280195372792164,4895708638177
accept-in,2449698231574753883,4895805641367
accept-in,2449698231574753883,4895805654617
accept-in,8107254338402690223,4895902587783
accept-in,8107254338402690223,4895902601166
accept-in,-5051871171244502728,4895999705720
accept-in,-5051871171244502728,4895999719691
accept-in,-7873961057289694078,4896096676059
accept-in,-7873961057289694078,4896096692221
accept-in,-1884361976789551807,4896193703976
accept-in,-1884361976789551807,4896193731758
accept-in,-4885971818329724232,4896290578926
accept-in,-4885971818329724232,4896290592773
accept-in,5279080351535140935,4896387630657
accept-in,5279080351535140935,4896387643944
accept-in,9173846583305359224,4896484587663
accept-in,9173846583305359224,4896484600437
accept-in,4549430044471402336,4896581756699
accept-in,4549430044471402336,4896581768531
accept-in,-1943487619062164781,4896678673947
accept-in,-1943487619062164781,4896678689502
accept-in,-1438930443803396840,4896775573538
accept-in,-1438930443803396840,4896775589090
accept-in,7818294660075576898,4896872682603
accept-in,7818294660075576898,4896872696506
accept-in,275443676439551297,4896969606160
accept-in,275443676439551297,4896969619634
accept-in,-8427649906787494196,4897066796757
accept-in,-8427649906787494196,4897066810523
accept-in,3779582158592906310,4897163625531
accept-in,3779582158592906310,4897163638683
accept-in,-2692321257240832524,4897260604975
accept-in,-2692321257240832524,4897260630127
accept-in,666255700019764680,4897357632351
accept-in,666255700019764680,4897357646661
accept-in,7035449727933888448,4897454641142
accept-in,7035449727933888448,4897454662463
accept-in,-2000998264610727387,4897551804964
accept-in,-2000998264610727387,4897551817823
accept-in,-1533161651258351578,4897648580628
accept-in,-1533161651258351578,4897648594206
accept-in,-3427210377719648720,4897745651296
accept-in,-3427210377719648720,4897745665161
accept-in,2795468945973185878,4897842590321
accept-in,2795468945973185878,4897842603799
accept-in,5422633399591842730,4897939728145
accept-in,5422633399591842730,4897939742505
accept-in,-4152313705585822268,4898036617889
accept-in,-4152313705585822268,4898036632524
accept-in,7973142677574607298,4898134084845
accept-in,7973142677574607298,4898134097347
accept-in,5304652451888810274,4898230681026
accept-in,5304652451888810274,4898230694709
accept-in,1177616831266719355,4898327735246
accept-in,1177616831266719355,4898327749194
accept-in,1879868414549743417,4898424684747
accept-in,1879868414549743417,4898424699929
accept-in,-1307017221157166621,4898521590956
accept-in,-1307017221157166621,4898521605202
accept-in,-8556457413996391131,4898618580254
accept-in,-8556457413996391131,4898618595676
accept-in,-4968231729598620947,4898715604448
accept-in,-4968231729598620947,4898715619027
accept-in,6771306583873948842,4898812586886
accept-in,6771306583873948842,4898812601021
accept-in,-5522511241886387,4898909648770
accept-in,-5522511241886387,4898909675043
accept-in,-1452383040631149199,4899006612995
accept-in,-1452383040631149199,4899006627177
accept-in,-8528798619441332519,4899103707163
accept-in,-8528798619441332519,4899103721629
accept-in,7774686195772715435,4899200636139
accept-in,7774686195772715435,4899200652028
accept-in,3852805585028056972,4899297652592
accept-in,3852805585028056972,4899297672095
accept-in,9092348971932356412,4899394625679
accept-in,9092348971932356412,4899394640371
accept-in,-1076639826254834108,4899491582426
accept-in,-1076639826254834108,4899491597412
accept-in,-3442198058432713694,4899588657585
accept-in,-3442198058432713694,4899588672090
accept-in,-4419638380655642826,4899685582036
accept-in,-4419638380655642826,4899685596031
accept-in,-4204156225366107923,4899782605584
accept-in,-4204156225366107923,4899782619162
accept-in,1537100328149312637,4899879582890
accept-in,1537100328149312637,4899879596583
accept-in,-6214925975782613333,4899976602495
accept-in,-6214925975782613333,4899976619316
accept-in,-1107270023117389717,4900073642483
accept-in,-1107270023117389717,4900073657144
accept-in,3737226921171808945,4900170624417
accept-in,3737226921171808945,4900170648010
accept-in,-7709958304059675685,4900267622897
accept-in,-7709958304059675685,4900267637274
accept-in,2537743499311452658,4900364596171
accept-in,2537743499311452658,4900364608607
accept-in,-6282280825234281996,4900461616436
accept-in,-6282280825234281996,4900461631063
accept-in,3751017455308985907,4900558610326
accept-in,3751017455308985907,4900558625540
accept-in,7198175722527878471,4900655610240
accept-in,7198175722527878471,4900655625631
accept-in,8864753692669523519,4900752623262
accept-in,8864753692669523519,4900752639520
accept-in,781031528496348643,4900849608044
accept-in,781031528496348643,4900849621545
accept-in,-3059002753611933378,4900946656736
accept-in,-3059002753611933378,4900946679660
accept-in,6880216658081317537,4901043633280
accept-in,6880216658081317537,4901043647360
accept-in,6763235596056782052,4901140606375
accept-in,6763235596056782052,4901140623204
accept-in,-9060263086741722674,4901237649700
accept-in,-9060263086741722674,4901237664581
accept-in,8620868373316691374,4901334605946
accept-in,8620868373316691374,4901334629308
accept-in,4509611281888514066,4901431618776
accept-in,4509611281888514066,4901431631883
accept-in,5741791061319955375,4901528695040
accept-in,5741791061319955375,4901528708937
accept-in,5703547442557446768,4901625645252
accept-in,5703547442557446768,4901625662322
accept-in,-468721576321155869,4901722565292
accept-in,-468721576321155869,4901722580545
accept-in,8857743702581951701,4901819731234
accept-in,8857743702581951701,4901819747616
accept-in,-3139454448472256315,4901916594678
accept-in,-3139454448472256315,4901916610684
accept-in,-1840741234494645308,4902013623326
accept-in,-1840741234494645308,4902013637357
accept-in,2835666485887640463,4902110579911
accept-in,2835666485887640463,4902110595197
accept-in,-3372669263232172268,4902207606529
accept-in,-3372669263232172268,4902207622020
accept-in,4557162692577888203,4902304605134
accept-in,4557162692577888203,4902304621509
accept-in,-1396017185441577902,4902401587646
accept-in,-1396017185441577902,4902401600727
accept-in,-3318121449070544529,4902498635765
accept-in,-3318121449070544529,4902498653352
accept-in,-8518270852215498431,4902595630943
accept-in,-8518270852215498431,4902595646965
accept-in,2987024063467946624,4902692559554
accept-in,2987024063467946624,4902692571900
accept-in,8893565757105816320,4902789649614
accept-in,8893565757105816320,4902789669384
accept-in,3562784198079299430,4902886618916
accept-in,3562784198079299430,4902886639310
accept-in,9179358019250666884,4902983740523
accept-in,9179358019250666884,4902983760662
accept-in,-56842573377239334,4903080600547
accept-in,-56842573377239334,4903080615438
accept-in,188764112106553376,4903177619932
accept-in,188764112106553376,4903177634017
accept-in,-5143279023497904290,4903274683147
accept-in,-5143279023497904290,4903274699030
accept-in,-9057772887322332142,4903371575675
accept-in,-9057772887322332142,4903371591277
accept-in,319322592490238553,4903468615465
accept-in,319322592490238553,4903468629407
accept-in,-3676113274814810483,4903565615367
accept-in,-3676113274814810483,4903565632104
accept-in,-8881972510074686865,4903662587712
accept-in,-8881972510074686865,4903662601576
accept-in,1494625681964600467,4903759701695
accept-in,1494625681964600467,4903759718703
accept-in,3044704982339075564,4903856613186
accept-in,3044704982339075564,4903856635795
accept-in,5125361700093030519,4903953582428
accept-in,5125361700093030519,4903953596353
accept-in,4574667622062346353,4904050688784
accept-in,4574667622062346353,4904050712048
accept-in,6364916274254049435,4904147680427
accept-in,6364916274254049435,4904147695448
accept-in,-6341506345287399676,4904244704509
accept-in,-6341506345287399676,4904244717740
accept-in,8610902799221459391,4904341654423
accept-in,8610902799221459391,4904341670323
accept-in,-2546363728688206744,4904438606075
accept-in,-2546363728688206744,4904438619931
accept-in,4368310428747904275,4904535600252
accept-in,4368310428747904275,4904535615542
accept-in,-3179657578777566327,4904632595816
accept-in,-3179657578777566327,4904632610022
accept-in,2383408131244996740,4904729561510
accept-in,2383408131244996740,4904729574334
accept-in,-5172167097641657351,4904826603116
accept-in,-5172167097641657351,4904826619288
accept-in,-5593803251791263611,4904923641246
accept-in,-5593803251791263611,4904923655743
accept-in,-1368637894502004867,4905020600684
accept-in,-1368637894502004867,4905020615690
accept-in,-4800537577328080905,4905117727252
accept-in,-4800537577328080905,4905117741220
accept-in,-2292897962322211861,4905214657823
accept-in,-2292897962322211861,4905214671924
accept-in,7634384096349216395,4905311644010
accept-in,7634384096349216395,4905311658000
accept-in,1608325604884662119,4905408608508
accept-in,1608325604884662119,4905408636528
accept-in,8228433619759795311,4905505696230
accept-in,8228433619759795311,4905505710590
accept-in,6593986174262948379,4905602660998
accept-in,6593986174262948379,4905602674799
accept-in,-4233677123077183960,4905699629243
accept-in,-4233677123077183960,4905699646766
accept-in,-5593073109689675462,4905796600744
accept-in,-5593073109689675462,4905796616206
accept-in,207399161601690553,4905893701499
accept-in,207399161601690553,4905893715614
accept-in,-3659331857506917429,4905990617065
accept-in,-3659331857506917429,4905990631310
accept-in,-1490113770646980313,4906087682599
accept-in,-1490113770646980313,4906087694244
accept-in,-5486356644728441322,4906184622458
accept-in,-5486356644728441322,4906184636543
accept-in,7806038428254458922,4906281593333
accept-in,7806038428254458922,4906281606695
accept-in,-1350027552937486530,4906378627580
accept-in,-1350027552937486530,4906378645975
accept-in,-5618981131426771794,4906475689915
accept-in,-5618981131426771794,4906475702868
accept-in,-5939906199805080082,4906572609617
accept-in,-5939906199805080082,4906572623728
accept-in,8483305069401363473,4906669598321
accept-in,8483305069401363473,4906669612219
accept-in,-8696516581631725146,4906766624235
accept-in,-8696516581631725146,4906766640214
accept-in,453403779627495338,4906863668824
accept-in,453403779627495338,4906863683894
accept-in,7656270151040268863,4906960682910
accept-in,7656270151040268863,4906960696972
accept-in,3479886341490456413,4907057634707
accept-in,3479886341490456413,4907057648623
accept-in,-4492513051871789868,4907154581601
accept-in,-4492513051871789868,4907154602971
accept-in,-3857251419883934,4907251645968
accept-in,-3857251419883934,4907251660314
accept-in,4354623321322375679,4907348577560
accept-in,4354623321322375679,4907348592815
accept-in,8257762722771163054,4907445585433
accept-in,8257762722771163054,4907445599586
accept-in,-9024057240499771354,4907542549218
accept-in,-9024057240499771354,4907542560936
accept-in,3243229945691073519,4907639646032
accept-in,3243229945691073519,4907639659101
accept-in,-5426098819206408548,4907736601197
accept-in,-5426098819206408548,4907736615367
accept-in,-3133707148338305588,4907833642125
accept-in,-3133707148338305588,4907833656840
accept-in,8472794481992588485,4907930797524
accept-in,8472794481992588485,4907930811624
accept-in,4239874947298979929,4908027623701
accept-in,4239874947298979929,4908027638826
accept-in,-7989491975217939778,4908124622181
accept-in,-7989491975217939778,4908124637274
accept-in,-2539021903025753797,4908221617693
accept-in,-2539021903025753797,4908221632975
accept-in,9046716183622842533,4908318705330
accept-in,9046716183622842533,4908318719406
accept-in,-479809525676469394,4908416052791
accept-in,-479809525676469394,4908416066226
accept-in,6264097566281996371,4908512685804
accept-in,6264097566281996371,4908512698345
accept-in,4332264588259023292,4908609598624
accept-in,4332264588259023292,4908609613382
accept-in,-8805443274884978104,4908706596335
accept-in,-8805443274884978104,4908706609568
accept-in,8446879906808056351,4908803590875
accept-in,8446879906808056351,4908803604076
accept-in,5642525258043686050,4908900618400
accept-in,5642525258043686050,4908900631581
accept-in,-1989297217364268326,4908997627668
accept-in,-1989297217364268326,4908997642675
accept-in,-4105282487548319333,4909094764865
accept-in,-4105282487548319333,4909094780399
accept-in,4399399007786525661,4909191620384
accept-in,4399399007786525661,4909191634989
accept-in,-7031773011117596104,4909288609056
accept-in,-7031773011117596104,4909288625025
accept-in,-4877637364331224697,4909385606681
accept-in,-4877637364331224697,4909385621015
accept-in,-2442538272679662350,4909482603140
accept-in,-2442538272679662350,4909482617758
accept-in,-2768264004284640104,4909579666335
accept-in,-2768264004284640104,4909579681702
accept-in,259807407325411215,4909676607005
accept-in,259807407325411215,4909676621788
accept-in,-372534937681714065,4909773708573
accept-in,-372534937681714065,4909773723764
accept-in,-3303798424624760212,4909870635333
accept-in,-3303798424624760212,4909870654777
accept-in,4986038539775752606,4909967683556
accept-in,4986038539775752606,4909967698748
accept-in,-4464307340792619615,4910064611887
accept-in,-4464307340792619615,4910064625645
accept-in,-2970261621968335819,4910161626054
accept-in,-2970261621968335819,4910161642114
accept-in,2249209439956151515,4910258641951
accept-in,2249209439956151515,4910258656798
accept-in,-2268753944810510852,4910355646573
accept-in,-2268753944810510852,4910355661663
accept-in,-9130941748567732915,4910452601858
accept-in,-9130941748567732915,4910452614326
accept-in,-5560710545089449882,4910549605867
accept-in,-5560710545089449882,4910549626123
accept-in,7141553843527113040,4910646697740
accept-in,7141553843527113040,4910646712489
accept-in,-7987834886055650924,4910743569450
accept-in,-7987834886055650924,4910743583985
accept-in,-4640545293385733686,4910840621063
accept-in,-4640545293385733686,4910840635960
accept-in,-3108952983853106982,4910937648686
accept-in,-3108952983853106982,4910937663553
accept-in,-8144492945799009417,4911034588254
accept-in,-8144492945799009417,4911034601948
accept-in,-3708901000909598280,4911131696914
accept-in,-3708901000909598280,4911131713320
accept-in,5107530079674104452,4911228604181
accept-in,5107530079674104452,4911228617616
accept-in,7219945498076472492,4911325607526
accept-in,7219945498076472492,4911325623846
accept-in,4786213396656324613,4911422592274
accept-in,4786213396656324613,4911422606169
accept-in,-7848773121653369990,4911519645161
accept-in,-7848773121653369990,4911519657887
accept-in,-8754853770923622504,4911616721736
accept-in,-8754853770923622504,4911616736194
accept-in,7228878586570882437,4911713590170
accept-in,7228878586570882437,4911713603521
accept-in,8293262981943975693,4911812061294
accept-in,8293262981943975693,4911812077455
accept-in,3857042081857353989,4911907663346
accept-in,3857042081857353989,4911907678606
accept-in,-6966114574922607704,4912004987899
accept-in,-6966114574922607704,4912004998707
accept-in,3402025738854089474,4912101679963
accept-in,3402025738854089474,4912101696187
accept-in,-1376932230661444501,4912198770887
accept-in,-1376932230661444501,4912198786954
accept-in,3066524025934799324,4912295618518
accept-in,3066524025934799324,4912295639897
accept-in,6804435804753419222,4912392604149
accept-in,6804435804753419222,4912392620233
accept-in,-791835855418668564,4912489648849
accept-in,-791835855418668564,4912489670747
accept-in,-3894795340602082441,4912586617655
accept-in,-3894795340602082441,4912586631035
accept-in,-3627370913450445102,4912683555566
accept-in,-3627370913450445102,4912683567608
accept-in,-4183174798849830026,4912780607864
accept-in,-4183174798849830026,4912780621789
accept-in,-302232301452680658,4912877560244
accept-in,-302232301452680658,4912877573721
accept-in,1432138746178748405,4912974642133
accept-in,1432138746178748405,4912974658041
accept-in,5140245310191572923,4913071553957
accept-in,5140245310191572923,4913071568718
accept-in,-3005026233663322882,4913168641088
accept-in,-3005026233663322882,4913168655170
accept-in,-438256164283474552,4913265585038
accept-in,-438256164283474552,4913265600669
accept-in,601467110072166322,4913362756143
accept-in,601467110072166322,4913362769282
accept-in,1696125116893564614,4913459643342
accept-in,1696125116893564614,4913459659390
accept-in,-6413391570528009683,4913556806397
accept-in,-6413391570528009683,4913556822094
accept-in,2941668434631875588,4913653590004
accept-in,2941668434631875588,4913653603744
accept-in,-7444030067505817038,4913750612615
accept-in,-7444030067505817038,4913750626409
accept-in,-4051627477498937134,4913847692256
accept-in,-4051627477498937134,4913847706777
accept-in,7775611141353232816,4913944627704
accept-in,7775611141353232816,4913944638781
accept-in,-4074761919564740629,4914041563485
accept-in,-4074761919564740629,4914041576015
accept-in,6058603338553491581,4914138586519
accept-in,6058603338553491581,4914138599900
accept-in,2545982805556752131,4914235581557
accept-in,2545982805556752131,4914235596287
accept-in,3439345053357368372,4914332645826
accept-in,3439345053357368372,4914332659953
accept-in,-5189388078298268730,4914429715320
accept-in,-5189388078298268730,4914429730185
accept-in,-3563873361816679141,4914526754128
accept-in,-3563873361816679141,4914526770660
accept-in,728948779160078359,4914623607555
accept-in,728948779160078359,4914623622983
accept-in,-6326730584740702305,4914720564750
accept-in,-6326730584740702305,4914720578010
accept-in,7706998289327265975,4914817702473
accept-in,7706998289327265975,4914817716067
accept-in,8530745491377671355,4914914692581
accept-in,8530745491377671355,4914914707375
accept-in,242735117668156406,4915011558124
accept-in,242735117668156406,4915011574348
accept-in,3669401879489467278,4915108632382
accept-in,3669401879489467278,4915108646565
accept-in,2663057552712097678,4915205579814
accept-in,2663057552712097678,4915205600882
accept-in,7963130523322635342,4915302617051
accept-in,7963130523322635342,4915302632710
accept-in,8059845129057219750,4915399587002
accept-in,8059845129057219750,4915399601227
accept-in,886420046212829219,4915496940403
accept-in,886420046212829219,4915496951134
accept-in,-3574515299097512960,4915593699799
accept-in,-3574515299097512960,4915593713794
accept-in,3232246144181688269,4915690603311
accept-in,3232246144181688269,4915690618001
accept-in,1608537072667359976,4915787661653
accept-in,1608537072667359976,4915787675893
accept-in,6508517596510484904,4915884596839
accept-in,6508517596510484904,4915884610863
accept-in,-1614138413536983725,4915981623381
accept-in,-1614138413536983725,4915981638889
accept-in,3804940347886853444,4916078624335
accept-in,3804940347886853444,4916078638776
accept-in,1915676939967449803,4916175580352
accept-in,1915676939967449803,4916175605733
accept-in,-6636271233427871665,4916272624991
accept-in,-6636271233427871665,4916272638291
accept-in,6132004219217282273,4916369582592
accept-in,6132004219217282273,4916369597335
accept-in,7314690702106773827,4916466589895
accept-in,7314690702106773827,4916466604243
accept-in,-7774815188535224992,4916563554650
accept-in,-7774815188535224992,4916563568300
accept-in,-2125118537239484257,4916660593870
accept-in,-2125118537239484257,4916660608165
accept-in,-6719597797355759969,4916757573307
accept-in,-6719597797355759969,4916757598758
accept-in,6107705186246213915,4916854559889
accept-in,6107705186246213915,4916854574779
accept-in,-6423011530479917577,4916955886969
accept-in,-6423011530479917577,4916955903182
accept-in,-8190572255136467597,4917048618316
accept-in,-8190572255136467597,4917048633306
accept-in,4992073143807065705,4917145631954
accept-in,4992073143807065705,4917145646048
accept-in,-1079946883003409331,4917242564394
accept-in,-1079946883003409331,4917242575737
accept-in,-5765207553421976929,4917339569836
accept-in,-5765207553421976929,4917339585523
accept-in,-5763580622496761668,4917436628026
accept-in,-5763580622496761668,4917436641936
accept-in,5814855690516294241,4917533601486
accept-in,5814855690516294241,4917533614955
accept-in,33249216081210489,4917630607359
accept-in,33249216081210489,4917630622414
accept-in,1691314347794107640,4917727629672
accept-in,1691314347794107640,4917727644194
accept-in,-1456035160150869258,4917824638591
accept-in,-1456035160150869258,4917824654948
accept-in,1133786173778005558,4917921578237
accept-in,1133786173778005558,4917921591756
accept-in,1059819531226925185,4918018635865
accept-in,1059819531226925185,4918018651130
accept-in,-3180955020429785649,4918115643363
accept-in,-3180955020429785649,4918115657491
accept-in,-5620793023337173600,4918212657824
accept-in,-5620793023337173600,4918212670984
accept-in,6474637710007499435,4918309717149
accept-in,6474637710007499435,4918309735154
accept-in,-5351506127946504953,4918406652178
accept-in,-5351506127946504953,4918406665776
accept-in,-34646402793125197,4918503594887
accept-in,-34646402793125197,4918503607550
accept-in,4585610336754870354,4918600587801
accept-in,4585610336754870354,4918600602023
accept-in,-4166373201330349399,4918697634280
accept-in,-4166373201330349399,4918697647509
accept-in,-115568888855332345,4918794619435
accept-in,-115568888855332345,4918794633466
accept-in,4499757471912679046,4918891574913
accept-in,4499757471912679046,4918891591017
accept-in,9193215483751836481,4918988601532
accept-in,9193215483751836481,4918988616087
accept-in,3931919050806199215,4919085635967
accept-in,3931919050806199215,4919085650521
accept-in,954150196818691515,4919182598567
accept-in,954150196818691515,4919182613264
accept-in,-579479125095092966,4919279604789
accept-in,-579479125095092966,4919279624860
accept-in,-3702398991838028258,4919376560558
accept-in,-3702398991838028258,4919376582546
accept-in,-1374198043325723911,4919473611026
accept-in,-1374198043325723911,4919473624759
accept-in,-8337318331638505424,4919570675700
accept-in,-8337318331638505424,4919570689799
accept-in,-7078984619190577841,4919667621311
accept-in,-7078984619190577841,4919667636255
accept-in,2373271196325333505,4919764577548
accept-in,2373271196325333505,4919764590951
accept-in,-5646679149601927727,4919861596768
accept-in,-5646679149601927727,4919861610859
accept-in,7025464441591550100,4919958626204
accept-in,7025464441591550100,4919958641961
accept-in,8070273776019799839,4920055581122
accept-in,8070273776019799839,4920055593701
accept-in,6953494422893861163,4920152745837
accept-in,6953494422893861163,4920152759111
accept-in,3966523653305921531,4920249611612
accept-in,3966523653305921531,4920249625397
accept-in,-1499367938287345251,4920346656073
accept-in,-1499367938287345251,4920346670195
accept-in,-3032412861438846696,4920443580689
accept-in,-3032412861438846696,4920443593286
accept-in,-263980794859999085,4920540622063
accept-in,-263980794859999085,4920540636149
accept-in,-7472483769029679766,4920637603290
accept-in,-7472483769029679766,4920637617021
accept-in,4217832893860909392,4920734561946
accept-in,4217832893860909392,4920734574992
accept-in,4023615078272946884,4920831609341
accept-in,4023615078272946884,4920831623482
accept-in,4005716263258260292,4920928689463
accept-in,4005716263258260292,4920928703607
accept-in,6950162576079869255,4921025678899
accept-in,6950162576079869255,4921025694203
accept-in,-303329039758609067,4921122597466
accept-in,-303329039758609067,4921122613995
accept-in,7432670897550672112,4921219641491
accept-in,7432670897550672112,4921219656650
accept-in,4265533971027199453,4921316599274
accept-in,4265533971027199453,4921316614117
accept-in,8144546157714729249,4921413590074
accept-in,8144546157714729249,4921413605952
accept-in,-1786649451059020813,4921510615930
accept-in,-1786649451059020813,4921510629273
accept-in,-7426587639182467512,4921607719245
accept-in,-7426587639182467512,4921607741045
accept-in,7975525416176624067,4921704582599
accept-in,7975525416176624067,4921704597290
accept-in,7502426050684752321,4921801625782
accept-in,7502426050684752321,4921801638678
accept-in,-3107260057202188054,4921898599673
accept-in,-3107260057202188054,4921898612861
accept-in,2254647799243961585,4921995911988
accept-in,2254647799243961585,4921995922744
accept-in,1691458299045736143,4922092581081
accept-in,1691458299045736143,4922092594105
accept-in,-3363813235464994225,4922189601451
accept-in,-3363813235464994225,4922189617430
accept-in,-3416003037169649505,4922286630390
accept-in,-3416003037169649505,4922286644053
accept-in,-2843575240073738082,4922383586660
accept-in,-2843575240073738082,4922383600406
accept-in,2012179806939205613,4922480673935
accept-in,2012179806939205613,4922480687839
accept-in,6105211173230723320,4922577686598
accept-in,6105211173230723320,4922577701178
accept-in,6181869060660869234,4922674689584
accept-in,6181869060660869234,4922674705582
accept-in,6972663933105099428,4922771608491
accept-in,6972663933105099428,4922771625041
accept-in,-2821252324389223148,4922868716781
accept-in,-2821252324389223148,4922868732051
accept-in,717523376059229236,4922965539956
accept-in,717523376059229236,4922965550964
accept-in,111990827808964362,4923062622496
accept-in,111990827808964362,4923062642529
accept-in,-4960663385041974601,4923159682720
accept-in,-4960663385041974601,4923159697836
accept-in,-8166913438428545716,4923256560678
accept-in,-8166913438428545716,4923256581816
accept-in,-5606323430371282975,4923353586614
accept-in,-5606323430371282975,4923353602066
accept-in,-4387207741210590742,4923450584779
accept-in,-4387207741210590742,4923450598175
accept-in,-857153251155362454,4923547652829
accept-in,-857153251155362454,4923547671606
accept-in,5035079684884954868,4923644615465
accept-in,5035079684884954868,4923644630247
accept-in,-3911657115171219462,4923741621401
accept-in,-3911657115171219462,4923741635440
accept-in,-1706750315904694519,4923838594889
accept-in,-1706750315904694519,4923838609083
accept-in,7896570948404918091,4923935601582
accept-in,7896570948404918091,4923935616169
accept-in,1691683321955405368,4924032608224
accept-in,1691683321955405368,4924032623725
accept-in,6291926206139630441,4924129649218
accept-in,6291926206139630441,4924129664484
accept-in,-2151537662126516290,4924226659656
accept-in,-2151537662126516290,4924226674283
accept-in,6450218223472337896,4924323542184
accept-in,6450218223472337896,4924323553024
accept-in,3077308264864542298,4924420571190
accept-in,3077308264864542298,4924420583802
accept-in,2367797394404739516,4924517599071
accept-in,2367797394404739516,4924517613034
accept-in,-9104585331297341985,4924614579156
accept-in,-9104585331297341985,4924614593690
accept-in,5757421695772222324,4924711611960
accept-in,5757421695772222324,4924711625679
accept-in,5396345775031345742,4924808683212
accept-in,5396345775031345742,4924808697923
accept-in,-7931978251088522668,4924905626228
accept-in,-7931978251088522668,4924905641634
accept-in,1847907740515994488,4925002630617
accept-in,1847907740515994488,4925002644789
accept-in,6896115650337423540,4925099707995
accept-in,6896115650337423540,4925099722540
accept-in,8137025528621497969,4925196582523
accept-in,8137025528621497969,4925196596387
accept-in,-495610006408889229,4925293568897
accept-in,-495610006408889229,4925293583848
accept-in,-5152917202491666536,4925390610985
accept-in,-5152917202491666536,4925390624881
accept-in,-7028109544607604001,4925487769036
accept-in,-7028109544607604001,4925487797733
accept-in,-2716644676770700219,4925584588298
accept-in,-2716644676770700219,4925584601509
accept-in,-6057541464075523860,4925681571572
accept-in,-6057541464075523860,4925681585574
accept-in,-217708660610034259,4925778597510
accept-in,-217708660610034259,4925778611009
accept-in,-196810064419704311,4925875695437
accept-in,-196810064419704311,4925875705257
accept-in,8279734637422987709,4925972579335
accept-in,8279734637422987709,4925972594623
accept-in,-9144546090288778143,4926069566802
accept-in,-9144546090288778143,4926069582348
accept-in,7401299362820825268,4926166641775
accept-in,7401299362820825268,4926166654816
accept-in,-3373338109870233524,4926263610997
accept-in,-3373338109870233524,4926263629155
accept-in,7924043104810734955,4926360693825
accept-in,7924043104810734955,4926360709117
accept-in,3054229293074791003,4926457647192
accept-in,3054229293074791003,4926457661891
accept-in,3910490533094933679,4926554585411
accept-in,3910490533094933679,4926554599641
accept-in,-3676204477244923574,4926651611776
accept-in,-3676204477244923574,4926651625736
accept-in,889787407303740446,4926748589896
accept-in,889787407303740446,4926748603332
accept-in,-926297666820294306,4926845631953
accept-in,-926297666820294306,4926845646948
accept-in,-370825038272030593,4926942669397
accept-in,-370825038272030593,4926942684499
accept-in,6715050305319620388,4927039851366
accept-in,6715050305319620388,4927039861752
accept-in,955003053866681615,4927136598800
accept-in,955003053866681615,4927136618269
accept-in,-1046009780341383432,4927233712967
accept-in,-1046009780341383432,4927233727553
accept-in,3308853652883156107,4927330578278
accept-in,3308853652883156107,4927330593132
accept-in,-9198237552564938291,4927427618945
accept-in,-9198237552564938291,4927427633164
accept-in,8709956179321883015,4927524685617
accept-in,8709956179321883015,4927524698774
accept-in,-4201980714241471266,4927621630414
accept-in,-4201980714241471266,4927621643340
accept-in,2670016733895157188,4927718593776
accept-in,2670016733895157188,4927718607747
accept-in,1599551502617655828,4927815588911
accept-in,1599551502617655828,4927815603232
accept-in,-7685632743479319947,4927912576960
accept-in,-7685632743479319947,4927912591026
accept-in,1373518384608434677,4928009664349
accept-in,1373518384608434677,4928009681860
accept-in,-5457547439895969164,4928106635284
accept-in,-5457547439895969164,4928106650001
accept-in,-4492295011889224481,4928203578186
accept-in,-4492295011889224481,4928203596405
accept-in,-7655327907864403660,4928300605080
accept-in,-7655327907864403660,4928300618388
accept-in,-1939820015661822708,4928397683812
accept-in,-1939820015661822708,4928397698368
accept-in,-9105076377189698275,4928494631581
accept-in,-9105076377189698275,4928494645344
