accept-in,-4402165648490795337,14893446251871
accept-in,-4402165648490795337,14893446263254
accept-in,3684298745119685694,14893552944201
accept-in,3684298745119685694,14893552957370
accept-in,2656439943908308676,14893659741899
accept-in,2656439943908308676,14893659755852
accept-in,-9022879579287198269,14893766396827
accept-in,-9022879579287198269,14893766409097
accept-in,-6989373508865137935,14893873053945
accept-in,-6989373508865137935,14893873066316
accept-in,-1609386933957349260,14893979816047
accept-in,-1609386933957349260,14893979826835
accept-in,2442572166859640545,14894086468193
accept-in,2442572166859640545,14894086478364
accept-in,-1287808122518908705,14894193146921
accept-in,-1287808122518908705,14894193157013
accept-in,1937720452044092802,14894299927073
accept-in,1937720452044092802,14894299937712
accept-in,-7903348845342267542,14894406557850
accept-in,-7903348845342267542,14894406571044
accept-in,924461502704757594,14894513429553
accept-in,924461502704757594,14894513440850
accept-in,3035947483974908597,14894619915859
accept-in,3035947483974908597,14894619926359
accept-in,7601102382200409131,14894726703241
accept-in,7601102382200409131,14894726716204
accept-in,3014353263313239015,14894833316082
accept-in,3014353263313239015,14894833329405
accept-in,2978171152241642210,14894940120837
accept-in,2978171152241642210,14894940130814
accept-in,2021001395882999647,14895046718583
accept-in,2021001395882999647,14895046728496
accept-in,-185511910018193038,14895153651790
accept-in,-185511910018193038,14895153663482
accept-in,-8942892576941495960,14895260186205
accept-in,-8942892576941495960,14895260196750
accept-in,5335501790579977872,14895366846466
accept-in,5335501790579977872,14895366855910
accept-in,-1177082150340090449,14895473593205
accept-in,-1177082150340090449,14895473605090
accept-in,423708700247811296,14895580290403
accept-in,423708700247811296,14895580301552
accept-in,-4108416931388481231,14895686952087
accept-in,-4108416931388481231,14895686964213
accept-in,-7819532241356966859,14895793668367
accept-in,-7819532241356966859,14895793680801
accept-in,3056268636863170547,14895900465885
accept-in,3056268636863170547,14895900478868
accept-in,-475034274571719647,14896007017925
accept-in,-475034274571719647,14896007027641
accept-in,-4697697522344200673,14896113763877
accept-in,-4697697522344200673,14896113773453
accept-in,-2880331856912842066,14896220512185
accept-in,-2880331856912842066,14896220522439
accept-in,-4850035064445441283,14896327177627
accept-in,-4850035064445441283,14896327187592
accept-in,5675104086813418235,14896433963886
accept-in,5675104086813418235,14896433973712
accept-in,-1359674835923183700,14896540569650
accept-in,-1359674835923183700,14896540581914
accept-in,2214067340993550085,14896647404994
accept-in,2214067340993550085,14896647416466
accept-in,-825341226833455746,14896753937109
accept-in,-825341226833455746,14896753947824
accept-in,-4831385482171862455,14896860636384
accept-in,-4831385482171862455,14896860648789
accept-in,-1681839327315180013,14896967334318
accept-in,-1681839327315180013,14896967343419
accept-in,-966214410460836441,14897074025765
accept-in,-966214410460836441,14897074036573
accept-in,8543210273152902664,14897180853660
accept-in,8543210273152902664,14897180864809
accept-in,3632452486799315599,14897287458811
accept-in,3632452486799315599,14897287468600
accept-in,8911082342732810894,14897394140913
accept-in,8911082342732810894,14897394150726
accept-in,-1320672287089318544,14897500928686
accept-in,-1320672287089318544,14897500940005
accept-in,-4443979538658490113,14897607550681
accept-in,-4443979538658490113,14897607562635
accept-in,3246497976611287820,14897714234380
accept-in,3246497976611287820,14897714245480
accept-in,1803844588753108685,14897820972445
accept-in,1803844588753108685,14897820985449
accept-in,-8172096548062329188,14897927674149
accept-in,-8172096548062329188,14897927685402
accept-in,150485624447688836,14898034363984
accept-in,150485624447688836,14898034375618
accept-in,-750533349283888999,14898141155776
accept-in,-750533349283888999,14898141167443
accept-in,7007136671958225864,14898247789622
accept-in,7007136671958225864,14898247801317
accept-in,-5266963030191294922,14898354458594
accept-in,-5266963030191294922,14898354470447
accept-in,8640253992413017277,14898461142013
accept-in,8640253992413017277,14898461154074
accept-in,1673902832385972750,14898567834294
accept-in,1673902832385972750,14898567845198
accept-in,-5921096044432291910,14898674572082
accept-in,-5921096044432291910,14898674584465
accept-in,7504010123685452920,14898781350812
accept-in,7504010123685452920,14898781363411
accept-in,489896682909027631,14898887997109
accept-in,489896682909027631,14898888024135
accept-in,3432812949830189006,14898994661160
accept-in,3432812949830189006,14898994671200
accept-in,8211956125753696179,14899101300889
accept-in,8211956125753696179,14899101311003
accept-in,-4362682837224981279,14899208046388
accept-in,-4362682837224981279,14899208055932
accept-in,5022138867299976884,14899314736168
accept-in,5022138867299976884,14899314754208
accept-in,-366378823956911906,14899421451836
accept-in,-366378823956911906,14899421463216
accept-in,-8690876510437116679,14899528137564
accept-in,-8690876510437116679,14899528148202
accept-in,3241345189436266407,14899634841973
accept-in,3241345189436266407,14899634852342
accept-in,4857976422406709228,14899741615297
accept-in,4857976422406709228,14899741626824
accept-in,3120674123085846437,14899848269938
accept-in,3120674123085846437,14899848282894
accept-in,5327400695557645161,14899954971030
accept-in,5327400695557645161,14899954981511
accept-in,6338441946802482988,14900061678416
accept-in,6338441946802482988,14900061690797
accept-in,4535071396937634248,14900168363053
accept-in,4535071396937634248,14900168380276
accept-in,-1942435823653326694,14900275115287
accept-in,-1942435823653326694,14900275125679
accept-in,-6231746825837468825,14900381776962
accept-in,-6231746825837468825,14900381788652
accept-in,1164804242586371900,14900488448182
accept-in,1164804242586371900,14900488460471
accept-in,2966478850661107812,14900595261535
accept-in,2966478850661107812,14900595272336
accept-in,8476120518621158306,14900701917285
accept-in,8476120518621158306,14900701927505
accept-in,-294465920666539398,14900808548546
accept-in,-294465920666539398,14900808557507
accept-in,-3445976905336357726,14900915204849
accept-in,-3445976905336357726,14900915219624
accept-in,-1432238181612045937,14901021927486
accept-in,-1432238181612045937,14901021936805
accept-in,-4941721639192350791,14901128684008
accept-in,-4941721639192350791,14901128693386
accept-in,-7975084112404969897,14901235313029
accept-in,-7975084112404969897,14901235323931
accept-in,-7167359866850577080,14901342021987
accept-in,-7167359866850577080,14901342033077
accept-in,-2253662685579747402,14901448752613
accept-in,-2253662685579747402,14901448763850
accept-in,-4924878197258727968,14901555454326
accept-in,-4924878197258727968,14901555467767
accept-in,-4486634290661666385,14901662127139
accept-in,-4486634290661666385,14901662138237
accept-in,2854692308953867047,14901768852876
accept-in,2854692308953867047,14901768865648
accept-in,-7771189052337822604,14901875545044
accept-in,-7771189052337822604,14901875557930
accept-in,262002868364974745,14901982220290
accept-in,262002868364974745,14901982230428
accept-in,-3211765338382327296,14902089001670
accept-in,-3211765338382327296,14902089012595
accept-in,1475119104711138288,14902195657931
accept-in,1475119104711138288,14902195675629
accept-in,2869932120752698666,14902302362561
accept-in,2869932120752698666,14902302370736
accept-in,1523289015482903854,14902409033481
accept-in,1523289015482903854,14902409044131
accept-in,-407837789399781942,14902517260463
accept-in,-407837789399781942,14902517273799
accept-in,7382951381294842269,14902622423573
accept-in,7382951381294842269,14902622436185
accept-in,5183148524178361277,14902729151863
accept-in,5183148524178361277,14902729164581
accept-in,-6724080671396363655,14902835804206
accept-in,-6724080671396363655,14902835814313
accept-in,8506823932633349301,14902942544802
accept-in,8506823932633349301,14902942557050
accept-in,-1040649986154471747,14903049266831
accept-in,-1040649986154471747,14903049278535
accept-in,-4187406639767187852,14903155939654
accept-in,-4187406639767187852,14903155950705
accept-in,-158923077232393109,14903262660244
accept-in,-158923077232393109,14903262676187
accept-in,9179809863456234152,14903369370961
accept-in,9179809863456234152,14903369381934
accept-in,7422830884572635136,14903476033079
accept-in,7422830884572635136,14903476043361
accept-in,2011699344875064221,14903582850193
accept-in,2011699344875064221,14903582864146
accept-in,653514804269799074,14903689406663
accept-in,653514804269799074,14903689418570
accept-in,7536634540500135592,14850446124127
accept-in,7536634540500135592,14850446148141
accept-in,7900963964857304209,14850552900687
accept-in,7900963964857304209,14850552912669
accept-in,-2649529838687156055,14850659565869
accept-in,-2649529838687156055,14850659578255
accept-in,-217703858044625992,14850766288266
accept-in,-217703858044625992,14850766301771
accept-in,7870677853321610455,14850872974293
accept-in,7870677853321610455,14850872987462
accept-in,4994175363542990276,14850979659226
accept-in,4994175363542990276,14850979671588
accept-in,-6369436059882347889,14851086344811
accept-in,-6369436059882347889,14851086356842
accept-in,8143369228564003320,14851193100026
accept-in,8143369228564003320,14851193113005
accept-in,5123857597897245941,14851299871599
accept-in,5123857597897245941,14851299885095
accept-in,1810953723680930297,14851406432502
accept-in,1810953723680930297,14851406445225
accept-in,2656436034917496135,14851513114927
accept-in,2656436034917496135,14851513130803
accept-in,2854176577976720083,14851619953484
accept-in,2854176577976720083,14851619967496
accept-in,2260751430465005529,14851726501530
accept-in,2260751430465005529,14851726514378
accept-in,-7558336345813604570,14851833278748
accept-in,-7558336345813604570,14851833291497
accept-in,-270510015898515541,14851939965403
accept-in,-270510015898515541,14851939979113
accept-in,2320460313235245058,14852046662340
accept-in,2320460313235245058,14852046672828
accept-in,207957854357991165,14852153332193
accept-in,207957854357991165,14852153343786
accept-in,4743484613016509220,14852260077220
accept-in,4743484613016509220,14852260088512
accept-in,2068686039467901405,14852366821241
accept-in,2068686039467901405,14852366833343
accept-in,-995689576353815029,14852473458507
accept-in,-995689576353815029,14852473470794
accept-in,1687325101476815264,14852580165486
accept-in,1687325101476815264,14852580179589
accept-in,2136974749455005296,14852686841801
accept-in,2136974749455005296,14852686856402
accept-in,5228226687793354161,14852793547168
accept-in,5228226687793354161,14852793561253
accept-in,6513923923755604257,14852900273603
accept-in,6513923923755604257,14852900287997
accept-in,7788574859822100177,14853007233694
accept-in,7788574859822100177,14853007244227
accept-in,-500540458227801134,14853113638200
accept-in,-500540458227801134,14853113651379
accept-in,-5414905867393302671,14853220423300
accept-in,-5414905867393302671,14853220435186
accept-in,-1010501132073612522,14853327031715
accept-in,-1010501132073612522,14853327043516
accept-in,-4704193879237286847,14853433748329
accept-in,-4704193879237286847,14853433761367
accept-in,13408319551574504,14853540418148
accept-in,13408319551574504,14853540428662
accept-in,9012595765080111593,14853647157434
accept-in,9012595765080111593,14853647177749
accept-in,-486838301573336947,14853753813584
accept-in,-486838301573336947,14853753824968
accept-in,6891610671091764397,14853860580014
accept-in,6891610671091764397,14853860596879
accept-in,2550284902340439538,14853967328952
accept-in,2550284902340439538,14853967342044
accept-in,1636681430703103963,14854074033896
accept-in,1636681430703103963,14854074047730
accept-in,1271059723874460561,14854180614979
accept-in,1271059723874460561,14854180628245
accept-in,6932309140101175746,14854287334685
accept-in,6932309140101175746,14854287345420
accept-in,4895975900945887617,14854394055451
accept-in,4895975900945887617,14854394068433
accept-in,2209511037112158031,14854500772945
accept-in,2209511037112158031,14854500785674
accept-in,-1536937112204182792,14854607435935
accept-in,-1536937112204182792,14854607448311
accept-in,-8644982025288944351,14854714196589
accept-in,-8644982025288944351,14854714212923
accept-in,3473396677531390388,14854820855683
accept-in,3473396677531390388,14854820868094
accept-in,8492270103250999330,14854927649573
accept-in,8492270103250999330,14854927660999
accept-in,-7440218091957050864,14855034255263
accept-in,-7440218091957050864,14855034267621
accept-in,-7187464704701516882,14855141064303
accept-in,-7187464704701516882,14855141075686
accept-in,2870611643253699479,14855247731904
accept-in,2870611643253699479,14855247745817
accept-in,-1099331745165053309,14855354348495
accept-in,-1099331745165053309,14855354360213
accept-in,-6842143467874306086,14855461082740
accept-in,-6842143467874306086,14855461096609
accept-in,-6628881830534074487,14855567842513
accept-in,-6628881830534074487,14855567856186
accept-in,1540868631104207917,14855674504052
accept-in,1540868631104207917,14855674519197
accept-in,-6873381572544311845,14855781142306
accept-in,-6873381572544311845,14855781156164
accept-in,-2946323249859797017,14855887864081
accept-in,-2946323249859797017,14855887879270
accept-in,-2395150862735285297,14855994580569
accept-in,-2395150862735285297,14855994591182
accept-in,-3760505216521805139,14856101237281
accept-in,-3760505216521805139,14856101249206
accept-in,-3397876913369198599,14856207935785
accept-in,-3397876913369198599,14856207948697
accept-in,4414213803265574563,14856314710648
accept-in,4414213803265574563,14856314722616
accept-in,6575819318118860198,14856421431766
accept-in,6575819318118860198,14856421444700
accept-in,62242882990076745,14856528283450
accept-in,62242882990076745,14856528297954
accept-in,-7267527051278652797,14856634759338
accept-in,-7267527051278652797,14856634774652
accept-in,172313336924964289,14856741475772
accept-in,172313336924964289,14856741490145
accept-in,8482156650264165389,14856848142464
accept-in,8482156650264165389,14856848154743
accept-in,-6441705713522657988,14856954855246
accept-in,-6441705713522657988,14856954869239
accept-in,-4039018924253701549,14857061525157
accept-in,-4039018924253701549,14857061534278
accept-in,6147189973727569848,14857168233113
accept-in,6147189973727569848,14857168246118
accept-in,4024187476101862911,14857274931331
accept-in,4024187476101862911,14857274945726
accept-in,5599636119762028266,14857381675243
accept-in,5599636119762028266,14857381688061
accept-in,-7851892735036696387,14857488396778
accept-in,-7851892735036696387,14857488409932
accept-in,-1686945169834173299,14857595091633
accept-in,-1686945169834173299,14857595105757
accept-in,772240767831557238,14857701775165
accept-in,772240767831557238,14857701788472
accept-in,5865521715757165493,14857808402930
accept-in,5865521715757165493,14857808415978
accept-in,-5963774244748229106,14857915220105
accept-in,-5963774244748229106,14857915232404
accept-in,-5330208428142481553,14858021819365
accept-in,-5330208428142481553,14858021831294
accept-in,-902580246667247847,14858128527272
accept-in,-902580246667247847,14858128539526
accept-in,3507346920739123396,14858235384368
accept-in,3507346920739123396,14858235396861
accept-in,6082545788774382833,14858342005513
accept-in,6082545788774382833,14858342018773
accept-in,-7367665417585417302,14858448688226
accept-in,-7367665417585417302,14858448700662
accept-in,5401021343321785585,14858555381443
accept-in,5401021343321785585,14858555396244
accept-in,7024391445257019854,14858662066023
accept-in,7024391445257019854,14858662083316
accept-in,3840362873160124896,14858768752508
accept-in,3840362873160124896,14858768767153
accept-in,-4120180193804803689,14858875506727
accept-in,-4120180193804803689,14858875519958
accept-in,-6016123830075560761,14858982154676
accept-in,-6016123830075560761,14858982169326
accept-in,1355844152095012989,14859088855659
accept-in,1355844152095012989,14859088868351
accept-in,-1758269453807160704,14859195552131
accept-in,-1758269453807160704,14859195564509
accept-in,7718209915156148631,14859302244205
accept-in,7718209915156148631,14859302266348
accept-in,-6402060388027814997,14859408930310
accept-in,-6402060388027814997,14859408943746
accept-in,5908833747899034127,14859515657215
accept-in,5908833747899034127,14859515680528
accept-in,-5303308771692362219,14859622309609
accept-in,-5303308771692362219,14859622322309
accept-in,-7105848708475664950,14859729048029
accept-in,-7105848708475664950,14859729062236
accept-in,-8672191115007274616,14859835765535
accept-in,-8672191115007274616,14859835777110
accept-in,-8302969901969501847,14859942466019
accept-in,-8302969901969501847,14859942475345
accept-in,-385608651762298284,14860049269892
accept-in,-385608651762298284,14860049320841
accept-in,-9009248365603515506,14860155958015
accept-in,-9009248365603515506,14860155977573
accept-in,-2460123994156807924,14860262596002
accept-in,-2460123994156807924,14860262608686
accept-in,1818059096273453643,14860369325018
accept-in,1818059096273453643,14860369336967
accept-in,-8577552145163628390,14860475993368
accept-in,-8577552145163628390,14860476015404
accept-in,-6064902144927706464,14860582679430
accept-in,-6064902144927706464,14860582690413
accept-in,-2489371311934666251,14860689483866
accept-in,-2489371311934666251,14860689497309
accept-in,-8554591092494333385,14860796115233
accept-in,-8554591092494333385,14860796128975
accept-in,-9035353086854377040,14860902762760
accept-in,-9035353086854377040,14860902774843
accept-in,8203828771727205470,14861009475207
accept-in,8203828771727205470,14861009488863
accept-in,-6344228128747988559,14861116133974
accept-in,-6344228128747988559,14861116210103
accept-in,4960841238792287863,14861222889414
accept-in,4960841238792287863,14861222957965
accept-in,2483863710646579020,14861329777618
accept-in,2483863710646579020,14861329786861
accept-in,-8750305572559064925,14861436362749
accept-in,-8750305572559064925,14861436375350
accept-in,1878187864658411441,14861542962366
accept-in,1878187864658411441,14861542982383
accept-in,-7481006494403547352,14861649673283
accept-in,-7481006494403547352,14861649686392
accept-in,-4967300157123334265,14861756394785
accept-in,-4967300157123334265,14861756407354
accept-in,-5640228346370537494,14861863077704
accept-in,-5640228346370537494,14861863089782
accept-in,1455729104348848641,14861969707392
accept-in,1455729104348848641,14861969717784
accept-in,1226531674222920676,14862076530356
accept-in,1226531674222920676,14862076542071
accept-in,-3449511304583598887,14862183194932
accept-in,-3449511304583598887,14862183206602
accept-in,7686548866287880796,14862289824208
accept-in,7686548866287880796,14862289833838
accept-in,-2120044454661231600,14862396519099
accept-in,-2120044454661231600,14862396532296
accept-in,-861903025680704802,14862503381513
accept-in,-861903025680704802,14862503395449
accept-in,-5767228922079540612,14862609964651
accept-in,-5767228922079540612,14862609975596
accept-in,-2834688847639779280,14862716679956
accept-in,-2834688847639779280,14862716691867
accept-in,4987505656030152991,14862823472098
accept-in,4987505656030152991,14862823482370
accept-in,-2510569549735925517,14862930039205
accept-in,-2510569549735925517,14862930050093
accept-in,964204451992379402,14863036845042
accept-in,964204451992379402,14863036862337
accept-in,-9210348415920911223,14863143462313
accept-in,-9210348415920911223,14863143472630
accept-in,2781868748833516620,14863250152694
accept-in,2781868748833516620,14863250163472
accept-in,1436917419001765513,14863356830295
accept-in,1436917419001765513,14863356840825
accept-in,4060828942899257202,14863463506291
accept-in,4060828942899257202,14863463516681
accept-in,6586806575826857916,14863570340376
accept-in,6586806575826857916,14863570351781
accept-in,-183781067837947554,14863677118118
accept-in,-183781067837947554,14863677126886
accept-in,7953688184113660860,14863783664549
accept-in,7953688184113660860,14863783675763
accept-in,-6072868718223414848,14863890420449
accept-in,-6072868718223414848,14863890429532
accept-in,5103499871345679342,14863997093525
accept-in,5103499871345679342,14863997103766
accept-in,3560357834760608684,14864103804883
accept-in,3560357834760608684,14864103814659
accept-in,8233393046619857930,14864210458705
accept-in,8233393046619857930,14864210470044
accept-in,-2575156781713459611,14864317186002
accept-in,-2575156781713459611,14864317196703
accept-in,525646646670942602,14864423854546
accept-in,525646646670942602,14864423865624
accept-in,8564383007263259561,14864530537123
accept-in,8564383007263259561,14864530557145
accept-in,-4945686332019514232,14864637370387
accept-in,-4945686332019514232,14864637382034
accept-in,-3166142350172175397,14864743957480
accept-in,-3166142350172175397,14864743968929
accept-in,9209356200726611215,14864850665230
accept-in,9209356200726611215,14864850677478
accept-in,6543925616114794433,14864957340526
accept-in,6543925616114794433,14864957351886
accept-in,5732833743336584002,14865064099159
accept-in,5732833743336584002,14865064110022
accept-in,-2766309379992203313,14865170801583
accept-in,-2766309379992203313,14865170813277
accept-in,-3240926477643800236,14865277452604
accept-in,-3240926477643800236,14865277463829
accept-in,-6297563458634116837,14865384194038
accept-in,-6297563458634116837,14865384205498
accept-in,5866500849387887738,14865490853819
accept-in,5866500849387887738,14865490864694
accept-in,-1521962841084980370,14865597516304
accept-in,-1521962841084980370,14865597526106
accept-in,362467414616940104,14865704277235
accept-in,362467414616940104,14865704288662
accept-in,-4427765046223133136,14865810945412
accept-in,-4427765046223133136,14865810956492
accept-in,4263944123380574877,14865917702119
accept-in,4263944123380574877,14865917714181
accept-in,-1084037696131484115,14866024422058
accept-in,-1084037696131484115,14866024433657
accept-in,-3248912083012885713,14866131267460
accept-in,-3248912083012885713,14866131278400
accept-in,-4064507130961354072,14866237713103
accept-in,-4064507130961354072,14866237723352
accept-in,4388649421285796934,14866344470855
accept-in,4388649421285796934,14866344487470
accept-in,-2650129468657817032,14866451318224
accept-in,-2650129468657817032,14866451329981
accept-in,6103713848527550946,14866557847232
accept-in,6103713848527550946,14866557859561
accept-in,2161687639732940035,14866664534300
accept-in,2161687639732940035,14866664546554
accept-in,7998215521058101388,14866771317677
accept-in,7998215521058101388,14866771330718
accept-in,-2578711774223254942,14866877946121
accept-in,-2578711774223254942,14866877955949
accept-in,-4675075393060282848,14866984653929
accept-in,-4675075393060282848,14866984664689
accept-in,-6562260067456770248,14867091355637
accept-in,-6562260067456770248,14867091366411
accept-in,5568621008147910873,14867198041718
accept-in,5568621008147910873,14867198051098
accept-in,-7310932250925159940,14867304735948
accept-in,-7310932250925159940,14867304746802
accept-in,3995940899812671805,14867411502799
accept-in,3995940899812671805,14867411514495
accept-in,-7270746682332248111,14867518272622
accept-in,-7270746682332248111,14867518294829
accept-in,-7245232330463727939,14867624834207
accept-in,-7245232330463727939,14867624846078
accept-in,-2022282302349899752,14867731553957
accept-in,-2022282302349899752,14867731566655
accept-in,-1964325162852822817,14867838305700
accept-in,-1964325162852822817,14867838317942
accept-in,-7557943089270721234,14867944919079
accept-in,-7557943089270721234,14867944929273
accept-in,-6729328617714449134,14868051772747
accept-in,-6729328617714449134,14868051783378
accept-in,157041672780549962,14868158319334
accept-in,157041672780549962,14868158335116
accept-in,4872403207068729376,14868265027106
accept-in,4872403207068729376,14868265037504
accept-in,-4021114144973727091,14868371751299
accept-in,-4021114144973727091,14868371763083
accept-in,-1245272308222621557,14868478423449
accept-in,-1245272308222621557,14868478434552
accept-in,-4300733997572727161,14868585126140
accept-in,-4300733997572727161,14868585139039
accept-in,2349411452224699047,14868691853617
accept-in,2349411452224699047,14868691866463
accept-in,8324520652694070509,14868798594653
accept-in,8324520652694070509,14868798606187
accept-in,8049873797580481665,14868905252917
accept-in,8049873797580481665,14868905264040
accept-in,2662928683483750897,14869012121065
accept-in,2662928683483750897,14869012131829
accept-in,4701352424681526203,14869118659306
accept-in,4701352424681526203,14869118670646
accept-in,-8624834168769415087,14869225362387
accept-in,-8624834168769415087,14869225371983
accept-in,-176341795295686377,14869332032465
accept-in,-176341795295686377,14869332043296
accept-in,-3867698338315484690,14869438777264
accept-in,-3867698338315484690,14869438789159
accept-in,-2909398673547049676,14869545413933
accept-in,-2909398673547049676,14869545425109
accept-in,4109773117567545426,14869652170688
accept-in,4109773117567545426,14869652183906
accept-in,-5287746934060574637,14869758945942
accept-in,-5287746934060574637,14869758957302
accept-in,-2967477158641694619,14869865607639
accept-in,-2967477158641694619,14869865619197
accept-in,3002610050664581142,14869972356416
accept-in,3002610050664581142,14869972367340
accept-in,608496881653943645,14870078973080
accept-in,608496881653943645,14870078985310
accept-in,-5050188697306046523,14870185658661
accept-in,-5050188697306046523,14870185668766
accept-in,8368988427595664935,14870292412377
accept-in,8368988427595664935,14870292424547
accept-in,7319473363577606857,14870399042333
accept-in,7319473363577606857,14870399055099
accept-in,-5209334054736966324,14870505756131
accept-in,-5209334054736966324,14870505769118
accept-in,-8027800749774367358,14870612462101
accept-in,-8027800749774367358,14870612474846
accept-in,966192226507318854,14870719515430
accept-in,966192226507318854,14870719528813
accept-in,-4896631758301154633,14870825822424
accept-in,-4896631758301154633,14870825838361
accept-in,8730016875970837206,14870932539064
accept-in,8730016875970837206,14870932551450
accept-in,-1754300230392326771,14871039270237
accept-in,-1754300230392326771,14871039287538
accept-in,891733388604008431,14871145928068
accept-in,891733388604008431,14871145944524
accept-in,2041323963266296509,14871252651015
accept-in,2041323963266296509,14871252661757
accept-in,-5076481635745975040,14871359370714
accept-in,-5076481635745975040,14871359381628
accept-in,2669142272067864317,14871466009463
accept-in,2669142272067864317,14871466019737
accept-in,3392938052124109300,14871572843228
accept-in,3392938052124109300,14871572854138
accept-in,-3774132580358345967,14871679506672
accept-in,-3774132580358345967,14871679516739
accept-in,8447719453993079928,14871786151675
accept-in,8447719453993079928,14871786161939
accept-in,1920853159076401007,14871892836290
accept-in,1920853159076401007,14871892847372
accept-in,-6861277343485409786,14871999558717
accept-in,-6861277343485409786,14871999570474
accept-in,-3982297255244447979,14872106403282
accept-in,-3982297255244447979,14872106412965
accept-in,-7579340567870266148,14872212951106
accept-in,-7579340567870266148,14872212959639
accept-in,-7665129528061835520,14872319725512
accept-in,-7665129528061835520,14872319736324
accept-in,4660087619553707297,14872426407144
accept-in,4660087619553707297,14872426419357
accept-in,-2831923864834594774,14872533090650
accept-in,-2831923864834594774,14872533102929
accept-in,-1771376474574888387,14872639745877
accept-in,-1771376474574888387,14872639758725
accept-in,-6565402632690097527,14872746416818
accept-in,-6565402632690097527,14872746428624
accept-in,-1096458798532175451,14872853220156
accept-in,-1096458798532175451,14872853232916
accept-in,-3680127370837367315,14872959882269
accept-in,-3680127370837367315,14872959894615
accept-in,8050460141570969045,14873066547965
accept-in,8050460141570969045,14873066566054
accept-in,-5408598290980855371,14873173285956
accept-in,-5408598290980855371,14873173296801
accept-in,-3731043201993875101,14873279953468
accept-in,-3731043201993875101,14873279966008
accept-in,7651234652166738464,14873386647688
accept-in,7651234652166738464,14873386658853
accept-in,-8608779299253698819,14873493338037
accept-in,-8608779299253698819,14873493351523
accept-in,-2655740649195451157,14873600088937
accept-in,-2655740649195451157,14873600101155
accept-in,-8850053473987774476,14873706858725
accept-in,-8850053473987774476,14873706871367
accept-in,6928839991867349175,14873813485229
accept-in,6928839991867349175,14873813499099
accept-in,7985639773639641084,14873920104911
accept-in,7985639773639641084,14873920113400
accept-in,-8453156810987410941,14874026873641
accept-in,-8453156810987410941,14874026884282
accept-in,-6847793018163633424,14874133573766
accept-in,-6847793018163633424,14874133584134
accept-in,1809045640763983832,14874240246627
accept-in,1809045640763983832,14874240257527
accept-in,7504133352788586936,14874346924903
accept-in,7504133352788586936,14874346935791
accept-in,889196277064069542,14874453781016
accept-in,889196277064069542,14874453791490
accept-in,-3411162998464135599,14874560406558
accept-in,-3411162998464135599,14874560422163
accept-in,8034809536153832643,14874667074972
accept-in,8034809536153832643,14874667087295
accept-in,8900088756146064908,14874773805755
accept-in,8900088756146064908,14874773817449
accept-in,4395049761148058178,14874880422935
accept-in,4395049761148058178,14874880433320
accept-in,-7973510750173585069,14874987201712
accept-in,-7973510750173585069,14874987212212
accept-in,-2062405699698037019,14875093807235
accept-in,-2062405699698037019,14875093819763
accept-in,7929934902927575556,14875200547671
accept-in,7929934902927575556,14875200559299
accept-in,-4767999597644797811,14875307223422
accept-in,-4767999597644797811,14875307244211
accept-in,4755638354685432710,14875413947586
accept-in,4755638354685432710,14875413958740
accept-in,-750986675025080029,14875520655000
accept-in,-750986675025080029,14875520666120
accept-in,1188044632354714727,14875627324412
accept-in,1188044632354714727,14875627336045
accept-in,6903650316812271742,14875734055173
accept-in,6903650316812271742,14875734077618
accept-in,-1276778189276323909,14875840721379
accept-in,-1276778189276323909,14875840734028
accept-in,3634475359047865891,14875947455421
accept-in,3634475359047865891,14875947467957
accept-in,-8882684796452373584,14876054244814
accept-in,-8882684796452373584,14876054254581
accept-in,4874459169162014710,14876160863037
accept-in,4874459169162014710,14876160871840
accept-in,-7019723116939272073,14876267532413
accept-in,-7019723116939272073,14876267541247
accept-in,-5889235906989340044,14876374319212
accept-in,-5889235906989340044,14876374330259
accept-in,-5846454588974582722,14876480914055
accept-in,-5846454588974582722,14876480925663
accept-in,2767414681164916803,14876587660046
accept-in,2767414681164916803,14876587670988
accept-in,8370590809100268023,14876694374936
accept-in,8370590809100268023,14876694390588
accept-in,-8022050333546174203,14876801091489
accept-in,-8022050333546174203,14876801103904
accept-in,-466740683818989721,14876907804928
accept-in,-466740683818989721,14876907824572
accept-in,-5405505032784670192,14877014467012
accept-in,-5405505032784670192,14877014480035
accept-in,722418250137454498,14877121255297
accept-in,722418250137454498,14877121266022
accept-in,-2568120470197149332,14877227865643
accept-in,-2568120470197149332,14877227876021
accept-in,5377327643871301204,14877334646638
accept-in,5377327643871301204,14877334658061
accept-in,3637279741725674761,14877441275216
accept-in,3637279741725674761,14877441287605
accept-in,-7740959171254855051,14877547938285
accept-in,-7740959171254855051,14877547950047
accept-in,-2168399232753976472,14877654688152
accept-in,-2168399232753976472,14877654699582
accept-in,91707513591185526,14877761343408
accept-in,91707513591185526,14877761354502
accept-in,1505097738842547202,14877868061569
accept-in,1505097738842547202,14877868073301
accept-in,8662891119510149425,14877974802217
accept-in,8662891119510149425,14877974815713
accept-in,-211533465368762466,14878081473992
accept-in,-211533465368762466,14878081485729
accept-in,5854124722515089144,14878188209751
accept-in,5854124722515089144,14878188220857
accept-in,-8460143943248093175,14878295018535
accept-in,-8460143943248093175,14878295030753
accept-in,2662307849313546316,14878401570240
accept-in,2662307849313546316,14878401582709
accept-in,-7473545591157513840,14878508247617
accept-in,-7473545591157513840,14878508261478
accept-in,6663185489639355549,14878614959003
accept-in,6663185489639355549,14878614967820
accept-in,744444512565734997,14878721630291
accept-in,744444512565734997,14878721641010
accept-in,-4459673835729693131,14878828430839
accept-in,-4459673835729693131,14878828452007
accept-in,-9002244767749669200,14878935067527
accept-in,-9002244767749669200,14878935077574
accept-in,-7025167762100437127,14879041805683
accept-in,-7025167762100437127,14879041817668
accept-in,-5664614759901226488,14879148445402
accept-in,-5664614759901226488,14879148457175
accept-in,-219123069426860393,14879255227464
accept-in,-219123069426860393,14879255238713
accept-in,7896787405632680176,14879361856912
accept-in,7896787405632680176,14879361868657
accept-in,361798635024378023,14879468525373
accept-in,361798635024378023,14879468539777
accept-in,6763602738984154442,14879575335622
accept-in,6763602738984154442,14879575347490
accept-in,-253709043942544813,14879681989488
accept-in,-253709043942544813,14879682002873
accept-in,20168896940213160,14879788677915
accept-in,20168896940213160,14879788691215
accept-in,-6609920493930259806,14879895450593
accept-in,-6609920493930259806,14879895463342
accept-in,-2727962669266990547,14880002051979
accept-in,-2727962669266990547,14880002063814
accept-in,-8611051676407758729,14880108757160
accept-in,-8611051676407758729,14880108771647
accept-in,8689752096711571024,14880215461184
accept-in,8689752096711571024,14880215473264
accept-in,-903369849181294363,14880322150980
accept-in,-903369849181294363,14880322162470
accept-in,-5696814786557987423,14880428846427
accept-in,-5696814786557987423,14880428858133
accept-in,-4328096578845647402,14880535668881
accept-in,-4328096578845647402,14880535683636
accept-in,3771507552581307796,14880642236392
accept-in,3771507552581307796,14880642246619
accept-in,4532873034801748465,14880748997492
accept-in,4532873034801748465,14880749008955
accept-in,6364596362804635236,14880855629375
accept-in,6364596362804635236,14880855638458
accept-in,1225804120178220675,14880962324064
accept-in,1225804120178220675,14880962334796
accept-in,-378727596898490080,14881069054427
accept-in,-378727596898490080,14881069066002
accept-in,-6366193956346908742,14881175882196
accept-in,-6366193956346908742,14881175894014
accept-in,1709812734307567035,14881282425421
accept-in,1709812734307567035,14881282447733
accept-in,-3571975252130062271,14881389174408
accept-in,-3571975252130062271,14881389186751
accept-in,-3211801558210927463,14881495877259
accept-in,-3211801558210927463,14881495890116
accept-in,799433278505039255,14881602589079
accept-in,799433278505039255,14881602601253
accept-in,1575413865154063818,14881709275259
accept-in,1575413865154063818,14881709289213
accept-in,3672394320903490545,14881815986402
accept-in,3672394320903490545,14881815996856
accept-in,4114238643217066590,14881922697250
accept-in,4114238643217066590,14881922709097
accept-in,176666440414582481,14882029435036
accept-in,176666440414582481,14882029447481
accept-in,3144800583343029246,14882136157651
accept-in,3144800583343029246,14882136168873
accept-in,1750832455276658275,14882242825532
accept-in,1750832455276658275,14882242836899
accept-in,8596368099962088316,14882349491964
accept-in,8596368099962088316,14882349501676
accept-in,-7029647329158120194,14882456292065
accept-in,-7029647329158120194,14882456305102
accept-in,-5314478161628701485,14882562852774
accept-in,-5314478161628701485,14882562864035
accept-in,-1920425620562681277,14882669589942
accept-in,-1920425620562681277,14882669604205
accept-in,-8756273939663321469,14882776717114
accept-in,-8756273939663321469,14882776729983
accept-in,-5013458946018225555,14882883060738
accept-in,-5013458946018225555,14882883072573
accept-in,6132412982874630645,14882989984359
accept-in,6132412982874630645,14882989991869
accept-in,9149163810244067558,14883096390844
accept-in,9149163810244067558,14883096407545
accept-in,3248582761804552632,14883203059112
accept-in,3248582761804552632,14883203068499
accept-in,445357619551467904,14883309774119
accept-in,445357619551467904,14883309784018
accept-in,-7409525937731578954,14883416474217
accept-in,-7409525937731578954,14883416485682
accept-in,-3659544792598084917,14883523118141
accept-in,-3659544792598084917,14883523131079
accept-in,3952460226925124410,14883630035692
accept-in,3952460226925124410,14883630046713
accept-in,5008082848446049554,14883736530786
accept-in,5008082848446049554,14883736544787
accept-in,-9020693627054459341,14883843332283
accept-in,-9020693627054459341,14883843344934
accept-in,-2706196961702984746,14883950059194
accept-in,-2706196961702984746,14883950070787
accept-in,2140920367473673675,14884056926092
accept-in,2140920367473673675,14884056937661
accept-in,3360939291132214208,14884163803589
accept-in,3360939291132214208,14884163815215
accept-in,1350141097970493316,14884270483223
accept-in,1350141097970493316,14884270492132
accept-in,-5934960671110746018,14884376943005
accept-in,-5934960671110746018,14884376954684
accept-in,-7103298113301089004,14884483509227
accept-in,-7103298113301089004,14884483521154
accept-in,-1753739101793978205,14884590406987
accept-in,-1753739101793978205,14884590419404
accept-in,3935052688478155786,14884696916005
accept-in,3935052688478155786,14884696927081
accept-in,-7999162376060807772,14884803630154
accept-in,-7999162376060807772,14884803639978
accept-in,2618494531283155300,14884910413961
accept-in,2618494531283155300,14884910424799
accept-in,6195549152194373568,14885017055570
accept-in,6195549152194373568,14885017067231
accept-in,1858036225883704285,14885123747346
accept-in,1858036225883704285,14885123757785
accept-in,1573023486971151468,14885230469877
accept-in,1573023486971151468,14885230481055
accept-in,3825662652242224054,14885337067121
accept-in,3825662652242224054,14885337077272
accept-in,-5139034080486202726,14885444069996
accept-in,-5139034080486202726,14885444080087
accept-in,8867811704441128954,14885550429841
accept-in,8867811704441128954,14885550441488
accept-in,-2223750780421373500,14885657196707
accept-in,-2223750780421373500,14885657208779
accept-in,-1472037725539118516,14885763990409
accept-in,-1472037725539118516,14885764013184
accept-in,2122838558839994191,14885870587141
accept-in,2122838558839994191,14885870607695
accept-in,2009127818433191828,14885977327368
accept-in,2009127818433191828,14885977340165
accept-in,3105138982008057235,14886084018360
accept-in,3105138982008057235,14886084036127
accept-in,7481152585452554576,14886190922274
accept-in,7481152585452554576,14886190933394
accept-in,2942465043085177452,14886297565199
accept-in,2942465043085177452,14886297578988
accept-in,-8351267451742729030,14886404161006
accept-in,-8351267451742729030,14886404172661
accept-in,-8470054230114337859,14886511238919
accept-in,-8470054230114337859,14886511251461
accept-in,-2881635386897167305,14886617549395
accept-in,-2881635386897167305,14886617560261
accept-in,946815398563987546,14886724372139
accept-in,946815398563987546,14886724384189
accept-in,-2125262360026135806,14886830999980
accept-in,-2125262360026135806,14886831009240
accept-in,-5198895843788899391,14886937598143
accept-in,-5198895843788899391,14886937608324
accept-in,-7534425997256196553,14887044297296
accept-in,-7534425997256196553,14887044307411
accept-in,6271564998726462833,14887150996485
accept-in,6271564998726462833,14887151007227
accept-in,9104299481402946332,14887257779794
accept-in,9104299481402946332,14887257790185
accept-in,-6397196273268718593,14887364423023
accept-in,-6397196273268718593,14887364434745
accept-in,-434337202021859017,14887471045067
accept-in,-434337202021859017,14887471055073
accept-in,-1446243574033872617,14887577831664
accept-in,-1446243574033872617,14887577842868
accept-in,-7605918213912303259,14887684493389
accept-in,-7605918213912303259,14887684506060
accept-in,-4950474883744330520,14887791099626
accept-in,-4950474883744330520,14887791110473
accept-in,-6715384357555679092,14887897785600
accept-in,-6715384357555679092,14887897796534
accept-in,-3312421685670301747,14888004658973
accept-in,-3312421685670301747,14888004670883
accept-in,1898879082449185826,14888111331598
accept-in,1898879082449185826,14888111344478
accept-in,5519241938471091463,14888217901676
accept-in,5519241938471091463,14888217919523
accept-in,-1946927633275521032,14888324592517
accept-in,-1946927633275521032,14888324603346
accept-in,-1111091130179121186,14888431400810
accept-in,-1111091130179121186,14888431410769
accept-in,-2745277578931922878,14888538167204
accept-in,-2745277578931922878,14888538180334
accept-in,2757842463927497235,14888644911819
accept-in,2757842463927497235,14888644923023
accept-in,8040992309415240817,14888751426364
accept-in,8040992309415240817,14888751439306
accept-in,-8881147633155636995,14888858195738
accept-in,-8881147633155636995,14888858207131
accept-in,3960449152379360403,14888964878960
accept-in,3960449152379360403,14888964889280
accept-in,-7506498527406603630,14889071564496
accept-in,-7506498527406603630,14889071575563
accept-in,41329289247661933,14889178393901
accept-in,41329289247661933,14889178403417
accept-in,-5505002272351984484,14889284982852
accept-in,-5505002272351984484,14889284991624
accept-in,-5456468615518651843,14889391649363
accept-in,-5456468615518651843,14889391660676
accept-in,-4706645961495812627,14889498395147
accept-in,-4706645961495812627,14889498411634
accept-in,1525145527346124662,14889605024697
accept-in,1525145527346124662,14889605035467
accept-in,-1900241972306274822,14889711748864
accept-in,-1900241972306274822,14889711759184
accept-in,8342695234028745700,14889818465686
accept-in,8342695234028745700,14889818477260
accept-in,-1965550333689490214,14889925106092
accept-in,-1965550333689490214,14889925115812
accept-in,9169784560658214812,14890031844101
accept-in,9169784560658214812,14890031853365
accept-in,1984451334929107139,14890138556876
accept-in,1984451334929107139,14890138567302
accept-in,8119185924642689853,14890245305894
accept-in,8119185924642689853,14890245317294
accept-in,-2402370411633297222,14890351934342
accept-in,-2402370411633297222,14890351946428
accept-in,-7069871935893353116,14890458657418
accept-in,-7069871935893353116,14890458672930
accept-in,-7842500796595665108,14890565365810
accept-in,-7842500796595665108,14890565378397
accept-in,-7389238300946207266,14890672087769
accept-in,-7389238300946207266,14890672098638
accept-in,4559268074393602923,14890778743196
accept-in,4559268074393602923,14890778752402
accept-in,7380184562666531552,14890885452854
accept-in,7380184562666531552,14890885464044
accept-in,-3745927109595035365,14890992118988
accept-in,-3745927109595035365,14890992128653
accept-in,-1463598056445164732,14891098887276
accept-in,-1463598056445164732,14891098897661
accept-in,-1411532679873534820,14891205586128
accept-in,-1411532679873534820,14891205601405
accept-in,-2645721971567997221,14891312291462
accept-in,-2645721971567997221,14891312301419
accept-in,-963056346560586653,14891418908696
accept-in,-963056346560586653,14891418919745
accept-in,-2728515772566762047,14891525666873
accept-in,-2728515772566762047,14891525677293
accept-in,-5135395525617462046,14891632367003
accept-in,-5135395525617462046,14891632379599
accept-in,-4097075435501713134,14891739020312
accept-in,-4097075435501713134,14891739030703
accept-in,3670760188117188167,14891845822390
accept-in,3670760188117188167,14891845834491
accept-in,-5649698263952677241,14891952451301
accept-in,-5649698263952677241,14891952461248
accept-in,-9044207960375375745,14892059120116
accept-in,-9044207960375375745,14892059129748
accept-in,1701345764367241383,14892165840743
accept-in,1701345764367241383,14892165851594
accept-in,-4153228304999260574,14892272633669
accept-in,-4153228304999260574,14892272645395
accept-in,7928486672914601578,14892379321825
accept-in,7928486672914601578,14892379332769
accept-in,-3244165758194114384,14892485954673
accept-in,-3244165758194114384,14892485967912
accept-in,-5310886698459360427,14892592656628
accept-in,-5310886698459360427,14892592669623
accept-in,-957744542188869379,14892699480692
accept-in,-957744542188869379,14892699491745
accept-in,-3010867854165796848,14892806132121
accept-in,-3010867854165796848,14892806142867
accept-in,-325034043855126939,14892912793260
accept-in,-325034043855126939,14892912803459
accept-in,7465179371934019197,14893019583980
accept-in,7465179371934019197,14893019596077
accept-in,7586701595560061641,14893126195504
accept-in,7586701595560061641,14893126208318
accept-in,-4248030138001453064,14893232879056
accept-in,-4248030138001453064,14893232890982
accept-in,-1868944006891424318,14893339560155
accept-in,-1868944006891424318,14893339571973
