accept-in,647792190608160887,5347641708363
accept-in,647792190608160887,5347641717112
accept-in,3340496426136638383,5347651733004
accept-in,3340496426136638383,5347651739867
accept-in,-6728064668772455587,5347663534541
accept-in,-6728064668772455587,5347663544196
accept-in,5801779857336159508,5347671732646
accept-in,5801779857336159508,5347671741481
accept-in,9176530341642801096,5347681716945
accept-in,9176530341642801096,5347681727862
accept-in,6254482946027852508,5347691730262
accept-in,6254482946027852508,5347691739153
accept-in,-4397372413596438587,5347701694236
accept-in,-4397372413596438587,5347701702006
accept-in,5009634678669536590,5347712544051
accept-in,5009634678669536590,5347712553258
accept-in,-7561695745051407724,5347721670112
accept-in,-7561695745051407724,5347721678934
accept-in,8407699640129798896,5347731688337
accept-in,8407699640129798896,5347731696624
accept-in,-1555949489465514459,5347741657538
accept-in,-1555949489465514459,5347741664330
accept-in,9101930617756389655,5342751785854
accept-in,9101930617756389655,5342751794695
accept-in,697781205459625881,5342761738466
accept-in,697781205459625881,5342761746663
accept-in,-810031356325688850,5342771774152
accept-in,-810031356325688850,5342771782513
accept-in,-9029979928862039639,5342782418265
accept-in,-9029979928862039639,5342782426741
accept-in,-5519049096244763045,5342791686575
accept-in,-5519049096244763045,5342791695391
accept-in,-7489735778396349155,5342801758664
accept-in,-7489735778396349155,5342801766744
accept-in,-4488559043807529072,5342811735819
accept-in,-4488559043807529072,5342811742222
accept-in,1369570685516819758,5342822527102
accept-in,1369570685516819758,5342822534403
accept-in,-5967456392364314955,5342832078913
accept-in,-5967456392364314955,5342832087290
accept-in,-7804346653771023022,5342842232156
accept-in,-7804346653771023022,5342842240198
accept-in,-9194149099935225603,5342851796989
accept-in,-9194149099935225603,5342851806266
accept-in,-8491281897832027675,5342861733302
accept-in,-8491281897832027675,5342861742046
accept-in,2057346640563489988,5342871771841
accept-in,2057346640563489988,5342871780817
accept-in,1084697066291620842,5342881799906
accept-in,1084697066291620842,5342881808983
accept-in,2934144386459673427,5342891762083
accept-in,2934144386459673427,5342891770313
accept-in,7129578757513821456,5342901770772
accept-in,7129578757513821456,5342901779508
accept-in,-4178482417929196351,5342911695841
accept-in,-4178482417929196351,5342911703972
accept-in,6359152838194807517,5342921715037
accept-in,6359152838194807517,5342921723428
accept-in,9159831551955963905,5342932596530
accept-in,9159831551955963905,5342932604054
accept-in,7849093214188938692,5342941727726
accept-in,7849093214188938692,5342941734274
accept-in,958036102580833191,5342951827360
accept-in,958036102580833191,5342951835124
accept-in,-4272419636767544987,5342961720825
accept-in,-4272419636767544987,5342961727889
accept-in,-1267162712608176767,5342971725489
accept-in,-1267162712608176767,5342971734616
accept-in,2408695826909045968,5342981775238
accept-in,2408695826909045968,5342981782294
accept-in,6154355937350182453,5342991756028
accept-in,6154355937350182453,5342991762732
accept-in,3109020533780582104,5343001714496
accept-in,3109020533780582104,5343001723167
accept-in,1611771138928215159,5343011748900
accept-in,1611771138928215159,5343011758375
accept-in,5053819820519445733,5343021745910
accept-in,5053819820519445733,5343021751392
accept-in,286164197571353121,5343031721670
accept-in,286164197571353121,5343031729292
accept-in,6497045986322241028,5343041838017
accept-in,6497045986322241028,5343041844701
accept-in,6216277318971592254,5343051735332
accept-in,6216277318971592254,5343051744299
accept-in,6376256062780574522,5343061691116
accept-in,6376256062780574522,5343061700789
accept-in,2309536158205241808,5343071783938
accept-in,2309536158205241808,5343071792400
accept-in,-3540724278389827264,5343081727797
accept-in,-3540724278389827264,5343081738149
accept-in,7287212287383754928,5343091682494
accept-in,7287212287383754928,5343091691897
accept-in,75009689803175123,5343101691441
accept-in,75009689803175123,5343101700494
accept-in,2427040181086624210,5343111723999
accept-in,2427040181086624210,5343111734081
accept-in,7928062768211865407,5343121753353
accept-in,7928062768211865407,5343121762777
accept-in,501755666437945981,5343131727981
accept-in,501755666437945981,5343131737812
accept-in,-4112572594097591509,5343141716666
accept-in,-4112572594097591509,5343141726001
accept-in,-6453836135179766744,5343151760387
accept-in,-6453836135179766744,5343151770307
accept-in,-4798121872157439353,5343161724192
accept-in,-4798121872157439353,5343161733902
accept-in,2141928638128433879,5343171763837
accept-in,2141928638128433879,5343171770635
accept-in,-786822855192944210,5343181711423
accept-in,-786822855192944210,5343181720721
accept-in,-7583533993588766099,5343191711075
accept-in,-7583533993588766099,5343191720169
accept-in,-3766929401216455906,5343201778176
accept-in,-3766929401216455906,5343201786777
accept-in,-5450223893340234228,5343212078866
accept-in,-5450223893340234228,5343212086739
accept-in,7621496967102188981,5343221697974
accept-in,7621496967102188981,5343221707677
accept-in,369518878432125437,5343231754998
accept-in,369518878432125437,5343231767005
accept-in,-3326844359249504227,5343241779974
accept-in,-3326844359249504227,5343241790071
accept-in,-4486678636388199267,5343251732404
accept-in,-4486678636388199267,5343251740189
accept-in,6209082327930566144,5343261724423
accept-in,6209082327930566144,5343261733070
accept-in,-6187746041290112790,5343271736511
accept-in,-6187746041290112790,5343271747474
accept-in,9080193465214467038,5343281735066
accept-in,9080193465214467038,5343281744771
accept-in,-5225192948530845104,5343292157376
accept-in,-5225192948530845104,5343292169595
accept-in,3677687693015380993,5343301739173
accept-in,3677687693015380993,5343301748924
accept-in,7454738011225191030,5343311723799
accept-in,7454738011225191030,5343311733835
accept-in,-2495787236345177713,5343321739658
accept-in,-2495787236345177713,5343321748631
accept-in,-1715172271819728783,5343331709964
accept-in,-1715172271819728783,5343331718595
accept-in,2867349179434279676,5343341717648
accept-in,2867349179434279676,5343341726836
accept-in,7270423021727300260,5343351684658
accept-in,7270423021727300260,5343351692286
accept-in,1770810390751288095,5343361686973
accept-in,1770810390751288095,5343361697113
accept-in,-6099323741300079563,5343371822583
accept-in,-6099323741300079563,5343371834872
accept-in,-1737213441935477018,5343381731746
accept-in,-1737213441935477018,5343381739209
accept-in,-4024700195099777326,5343391727273
accept-in,-4024700195099777326,5343391736648
accept-in,-8377231333642000159,5343401735462
accept-in,-8377231333642000159,5343401744622
accept-in,-5018423789835671297,5343411699486
accept-in,-5018423789835671297,5343411708923
accept-in,-1717012840396987092,5343421722276
accept-in,-1717012840396987092,5343421730793
accept-in,-6392505497387927678,5343431737651
accept-in,-6392505497387927678,5343431746355
accept-in,6484361442320579245,5343441740442
accept-in,6484361442320579245,5343441749904
accept-in,7242147845971215567,5343451696906
accept-in,7242147845971215567,5343451704925
accept-in,2699984514684450690,5343461735119
accept-in,2699984514684450690,5343461743867
accept-in,-7943270316051445221,5343472557608
accept-in,-7943270316051445221,5343472566709
accept-in,4983490734062915567,5343481743477
accept-in,4983490734062915567,5343481750206
accept-in,8635695627329197303,5343491796370
accept-in,8635695627329197303,5343491805411
accept-in,4456794901134982872,5343501777443
accept-in,4456794901134982872,5343501786763
accept-in,3504952339141561509,5343511711084
accept-in,3504952339141561509,5343511719340
accept-in,-3766643642064297829,5343521705970
accept-in,-3766643642064297829,5343521714164
accept-in,-4283974310764631016,5343531711553
accept-in,-4283974310764631016,5343531717733
accept-in,-2109927927487967833,5343541712527
accept-in,-2109927927487967833,5343541720288
accept-in,-7343011809921144210,5343551727877
accept-in,-7343011809921144210,5343551736863
accept-in,-921141548583296426,5343561701489
accept-in,-921141548583296426,5343561710692
accept-in,639419176072269362,5343571678344
accept-in,639419176072269362,5343571686543
accept-in,852436501113280272,5343581775667
accept-in,852436501113280272,5343581785247
accept-in,5094876386939865146,5343591694128
accept-in,5094876386939865146,5343591702321
accept-in,-2409454207115090975,5343601800169
accept-in,-2409454207115090975,5343601806887
accept-in,-1366955705294184931,5343611741176
accept-in,-1366955705294184931,5343611749327
accept-in,3412334399759317547,5343621745525
accept-in,3412334399759317547,5343621758958
accept-in,-3313700162148526896,5343631811573
accept-in,-3313700162148526896,5343631820477
accept-in,-5795854016330188040,5343641748840
accept-in,-5795854016330188040,5343641762713
accept-in,-2317800462478940794,5343651704099
accept-in,-2317800462478940794,5343651712653
accept-in,-6587773692992946625,5343661707526
accept-in,-6587773692992946625,5343661714314
accept-in,3498974943681133818,5343671706394
accept-in,3498974943681133818,5343671714472
accept-in,4971224300974021311,5343681687099
accept-in,4971224300974021311,5343681694524
accept-in,6209995239471050228,5343692361485
accept-in,6209995239471050228,5343692367201
accept-in,1211060202963752977,5343701686883
accept-in,1211060202963752977,5343701694773
accept-in,-3826475306114792507,5343711690809
accept-in,-3826475306114792507,5343711696673
accept-in,-5323576262871985755,5343721686202
accept-in,-5323576262871985755,5343721691735
accept-in,1638589631609152542,5343731715515
accept-in,1638589631609152542,5343731722017
accept-in,5406998997579094119,5343741736100
accept-in,5406998997579094119,5343741742924
accept-in,-1904108813887941737,5343751745537
accept-in,-1904108813887941737,5343751757242
accept-in,8589989185501855177,5343761794500
accept-in,8589989185501855177,5343761802152
accept-in,-4003308923621672665,5343771775678
accept-in,-4003308923621672665,5343771783825
accept-in,-8829992607932607645,5343781729336
accept-in,-8829992607932607645,5343781738722
accept-in,3504088123390187952,5343791734505
accept-in,3504088123390187952,5343791742055
accept-in,2377585121058727090,5343801722492
accept-in,2377585121058727090,5343801730175
accept-in,543560434614480921,5343811701424
accept-in,543560434614480921,5343811711722
accept-in,110311400252529209,5343821745082
accept-in,110311400252529209,5343821757632
accept-in,3112697555215212804,5343831707843
accept-in,3112697555215212804,5343831716766
accept-in,-8307526180846912053,5343841714498
accept-in,-8307526180846912053,5343841721717
accept-in,-3725947837925829061,5343851727261
accept-in,-3725947837925829061,5343851736727
accept-in,-4793142781013086161,5343861661624
accept-in,-4793142781013086161,5343861669280
accept-in,-457776254808921947,5343871887026
accept-in,-457776254808921947,5343871895183
accept-in,460988255942583014,5343881735276
accept-in,460988255942583014,5343881744528
accept-in,-2436556877929124323,5343891746196
accept-in,-2436556877929124323,5343891759961
accept-in,3939001018368401109,5343901702450
accept-in,3939001018368401109,5343901710447
accept-in,750100436468617012,5343911687035
accept-in,750100436468617012,5343911694379
accept-in,4354568931585514424,5343921666763
accept-in,4354568931585514424,5343921674197
accept-in,6654456813914203608,5343931736342
accept-in,6654456813914203608,5343931744306
accept-in,-4854741866895943919,5343942714295
accept-in,-4854741866895943919,5343942720145
accept-in,-8638008646550512231,5343951712344
accept-in,-8638008646550512231,5343951723283
accept-in,-3651073974081721490,5343961904484
accept-in,-3651073974081721490,5343961912780
accept-in,-4284301739415079484,5343972152692
accept-in,-4284301739415079484,5343972160035
accept-in,-2452495426154750418,5343981703156
accept-in,-2452495426154750418,5343981719730
accept-in,-7089411703248749063,5343991737727
accept-in,-7089411703248749063,5343991745932
accept-in,6915901988987482140,5344001728355
accept-in,6915901988987482140,5344001737781
accept-in,-6610738408421607366,5344011731166
accept-in,-6610738408421607366,5344011739959
accept-in,-3261735679237947824,5344021691436
accept-in,-3261735679237947824,5344021698401
accept-in,-6526961419149945157,5344031709670
accept-in,-6526961419149945157,5344031718661
accept-in,-2411482156575685072,5344041796052
accept-in,-2411482156575685072,5344041804336
accept-in,7490539774267134092,5344051709357
accept-in,7490539774267134092,5344051727035
accept-in,16511186775504064,5344061898863
accept-in,16511186775504064,5344061911021
accept-in,-1401445372011120664,5344071851596
accept-in,-1401445372011120664,5344071861110
accept-in,-2614229309591787851,5344081819275
accept-in,-2614229309591787851,5344081829001
accept-in,-6388860206161552148,5344092405403
accept-in,-6388860206161552148,5344092413528
accept-in,7755273911345847313,5344101733705
accept-in,7755273911345847313,5344101743202
accept-in,-2064486796860666257,5344111745709
accept-in,-2064486796860666257,5344111757071
accept-in,-8773444003320344394,5344122428495
accept-in,-8773444003320344394,5344122436003
accept-in,5417171606797924403,5344131743818
accept-in,5417171606797924403,5344131752215
accept-in,-2772562393554079574,5344141900008
accept-in,-2772562393554079574,5344141911189
accept-in,-7180938113560840246,5344151751809
accept-in,-7180938113560840246,5344151760430
accept-in,-8608846561600133472,5344161711421
accept-in,-8608846561600133472,5344161717944
accept-in,4370178753595647194,5344171795712
accept-in,4370178753595647194,5344171802393
accept-in,-5497500426012588694,5344181699103
accept-in,-5497500426012588694,5344181707580
accept-in,-4361552343375709483,5344191712929
accept-in,-4361552343375709483,5344191721395
accept-in,8371393578370830557,5344201793716
accept-in,8371393578370830557,5344201801764
accept-in,-7031137090635664212,5344211695491
accept-in,-7031137090635664212,5344211705260
accept-in,5372567487767116728,5344221685184
accept-in,5372567487767116728,5344221690526
accept-in,-3339482272242882413,5344231724221
accept-in,-3339482272242882413,5344231739059
accept-in,-5861788318732678071,5344241719854
accept-in,-5861788318732678071,5344241731376
accept-in,5626598055694213410,5344251707652
accept-in,5626598055694213410,5344251717241
accept-in,-1519032826858929595,5344262713888
accept-in,-1519032826858929595,5344262724527
accept-in,-2404650596341090550,5344271775527
accept-in,-2404650596341090550,5344271784436
accept-in,2267580776476097806,5344281738426
accept-in,2267580776476097806,5344281744954
accept-in,-9176898403475694234,5344291745776
accept-in,-9176898403475694234,5344291755987
accept-in,8815368955200452660,5344301728254
accept-in,8815368955200452660,5344301737222
accept-in,-5336182372090155884,5344311745187
accept-in,-5336182372090155884,5344311757070
accept-in,1755065118656701563,5344321691484
accept-in,1755065118656701563,5344321700060
accept-in,8109919946036093703,5344331696994
accept-in,8109919946036093703,5344331705742
accept-in,-8764324147899387515,5344341727793
accept-in,-8764324147899387515,5344341736503
accept-in,3964765050049926701,5344351715398
accept-in,3964765050049926701,5344351722890
accept-in,3811196875418776460,5344361710258
accept-in,3811196875418776460,5344361720242
accept-in,3579345576365734297,5344371745583
accept-in,3579345576365734297,5344371762386
accept-in,5547116062581671621,5344381737175
accept-in,5547116062581671621,5344381744425
accept-in,-8993779212429231525,5344391756310
accept-in,-8993779212429231525,5344391764614
accept-in,7849946446976220701,5344402667263
accept-in,7849946446976220701,5344402674398
accept-in,8128316599350413906,5344411768695
accept-in,8128316599350413906,5344411777464
accept-in,-2675682600384946092,5344421728867
accept-in,-2675682600384946092,5344421737894
accept-in,-8072289355818599318,5344431755829
accept-in,-8072289355818599318,5344431764336
accept-in,-7394935755378717250,5344441777156
accept-in,-7394935755378717250,5344441786126
accept-in,6026259299697152881,5344451725185
accept-in,6026259299697152881,5344451735871
accept-in,7147780138126198460,5344461695829
accept-in,7147780138126198460,5344461703461
accept-in,6269596977267646558,5344471711701
accept-in,6269596977267646558,5344471720883
accept-in,7170443679084509309,5344481721230
accept-in,7170443679084509309,5344481729414
accept-in,-7729374478237167834,5344492472402
accept-in,-7729374478237167834,5344492481004
accept-in,6127088834881886440,5344501705128
accept-in,6127088834881886440,5344501714301
accept-in,-4902970617811627062,5344511731049
accept-in,-4902970617811627062,5344511740563
accept-in,-7871318013350893391,5344521775216
accept-in,-7871318013350893391,5344521784614
accept-in,-2591256659088462462,5344532695554
accept-in,-2591256659088462462,5344532710589
accept-in,-4868707311712817732,5344541681140
accept-in,-4868707311712817732,5344541690223
accept-in,-6023642443368581530,5344551715039
accept-in,-6023642443368581530,5344551724076
accept-in,-8889054771602677255,5344561714429
accept-in,-8889054771602677255,5344561721630
accept-in,8292437416896244297,5344571717322
accept-in,8292437416896244297,5344571725778
accept-in,470848905565142139,5344581748936
accept-in,470848905565142139,5344581756481
accept-in,-4769305036266383462,5344591758354
accept-in,-4769305036266383462,5344591767673
accept-in,-4944244838525025288,5344601720713
accept-in,-4944244838525025288,5344601729632
accept-in,8832591903991568513,5344611697161
accept-in,8832591903991568513,5344611705172
accept-in,5217153460465183373,5344622040051
accept-in,5217153460465183373,5344622047318
accept-in,338785082229198573,5344631720276
accept-in,338785082229198573,5344631729232
accept-in,3907739297482936893,5344641717700
accept-in,3907739297482936893,5344641726224
accept-in,-3363356229347488927,5344651741870
accept-in,-3363356229347488927,5344651750504
accept-in,5088556156125105580,5344661745534
accept-in,5088556156125105580,5344661755898
accept-in,5807575654068409263,5344671755688
accept-in,5807575654068409263,5344671766230
accept-in,-6471484310550033782,5344681729073
accept-in,-6471484310550033782,5344681738316
accept-in,-340087187869443492,5344691716883
accept-in,-340087187869443492,5344691726471
accept-in,1494377312304946389,5344701717329
accept-in,1494377312304946389,5344701737300
accept-in,-3115664255830477871,5344711710080
accept-in,-3115664255830477871,5344711716741
accept-in,4998291039499100955,5344721861303
accept-in,4998291039499100955,5344721870069
accept-in,2155335025270463750,5344731716264
accept-in,2155335025270463750,5344731724374
accept-in,8906425223933880101,5344742694746
accept-in,8906425223933880101,5344742702813
accept-in,2857989985000952350,5344751716807
accept-in,2857989985000952350,5344751725047
accept-in,5553047494765771314,5344761710011
accept-in,5553047494765771314,5344761715942
accept-in,2297640524018972768,5344771929992
accept-in,2297640524018972768,5344771937113
accept-in,-5827188277495506368,5344781742321
accept-in,-5827188277495506368,5344781748847
accept-in,8611860515029769815,5344791732839
accept-in,8611860515029769815,5344791742154
accept-in,-3278405654837725467,5344801724166
accept-in,-3278405654837725467,5344801734143
accept-in,-7726122416646609498,5344811735565
accept-in,-7726122416646609498,5344811744954
accept-in,6128067320365591640,5344822314581
accept-in,6128067320365591640,5344822323003
accept-in,-6783934756331713731,5344831751259
accept-in,-6783934756331713731,5344831761285
accept-in,8707550776811767587,5344841701694
accept-in,8707550776811767587,5344841710411
accept-in,-5729189109684784120,5344852676101
accept-in,-5729189109684784120,5344852683371
accept-in,-409163274580113750,5344861679022
accept-in,-409163274580113750,5344861687497
accept-in,3608163174258447407,5344871712820
accept-in,3608163174258447407,5344871722229
accept-in,-3169609364207062916,5344881732154
accept-in,-3169609364207062916,5344881742139
accept-in,1670673648658076305,5344891725359
accept-in,1670673648658076305,5344891731716
accept-in,6808602421327033764,5344901713965
accept-in,6808602421327033764,5344901722060
accept-in,-2535898588730526929,5344911711102
accept-in,-2535898588730526929,5344911720344
accept-in,-7076667696017300731,5344921757225
accept-in,-7076667696017300731,5344921765458
accept-in,5563523256277312262,5344931795935
accept-in,5563523256277312262,5344931804146
accept-in,-6635931489909325865,5344941746340
accept-in,-6635931489909325865,5344941753650
accept-in,-6508212370366180387,5344951738226
accept-in,-6508212370366180387,5344951746469
accept-in,804187529169838709,5344961692703
accept-in,804187529169838709,5344961702542
accept-in,-3777235839392599243,5344972623635
accept-in,-3777235839392599243,5344972631279
accept-in,2780757968301405498,5344981751508
accept-in,2780757968301405498,5344981760137
accept-in,4451396239217032146,5344991764476
accept-in,4451396239217032146,5344991782278
accept-in,-2916057917185397646,5345001728465
accept-in,-2916057917185397646,5345001737109
accept-in,-6488500134342253226,5345011725192
accept-in,-6488500134342253226,5345011733634
accept-in,-859724219928247381,5345021718155
accept-in,-859724219928247381,5345021726391
accept-in,5154515918898092674,5345031714437
accept-in,5154515918898092674,5345031722738
accept-in,-4193812703395932930,5345041741368
accept-in,-4193812703395932930,5345041749271
accept-in,3056022345826424458,5345051730895
accept-in,3056022345826424458,5345051745809
accept-in,-762135439753074734,5345061739943
accept-in,-762135439753074734,5345061748541
accept-in,-1073498796617748237,5345071796051
accept-in,-1073498796617748237,5345071803178
accept-in,6643016938180705012,5345081758525
accept-in,6643016938180705012,5345081768087
accept-in,1164941522809459447,5345091686095
accept-in,1164941522809459447,5345091703655
accept-in,324802720330439796,5345102358118
accept-in,324802720330439796,5345102367215
accept-in,2054725960918682396,5345111754638
accept-in,2054725960918682396,5345111766432
accept-in,-729383549151749095,5345121766044
accept-in,-729383549151749095,5345121775306
accept-in,7340287276101832023,5345131736253
accept-in,7340287276101832023,5345131745942
accept-in,5148115153450239600,5345141767629
accept-in,5148115153450239600,5345141777176
accept-in,6105843572465844903,5345151790043
accept-in,6105843572465844903,5345151798434
accept-in,-6890955237058241301,5345161705688
accept-in,-6890955237058241301,5345161715494
accept-in,-7681692372587920887,5345171711886
accept-in,-7681692372587920887,5345171722455
accept-in,2221293364810535884,5345181777951
accept-in,2221293364810535884,5345181786671
accept-in,-8840531471456456310,5345191716742
accept-in,-8840531471456456310,5345191734457
accept-in,-2761534960014711549,5345201784734
accept-in,-2761534960014711549,5345201792013
accept-in,-4274207855162665440,5345211688769
accept-in,-4274207855162665440,5345211697667
accept-in,3000367958258766677,5345221708395
accept-in,3000367958258766677,5345221715578
accept-in,-7457162204684531567,5345231712422
accept-in,-7457162204684531567,5345231723419
accept-in,1834106796406076694,5345241722059
accept-in,1834106796406076694,5345241731896
accept-in,3178185263886870077,5345251726557
accept-in,3178185263886870077,5345251735773
accept-in,-5918186159744357584,5345261731914
accept-in,-5918186159744357584,5345261740823
accept-in,-1573949462055014717,5345271729798
accept-in,-1573949462055014717,5345271736082
accept-in,-5639924657968124954,5345281712677
accept-in,-5639924657968124954,5345281720800
accept-in,3476560174600116046,5345292802676
accept-in,3476560174600116046,5345292811526
accept-in,6721394588214663764,5345301704500
accept-in,6721394588214663764,5345301714107
accept-in,6512782605521021408,5345312436464
accept-in,6512782605521021408,5345312445065
accept-in,-2971747975379498815,5345321700021
accept-in,-2971747975379498815,5345321709083
accept-in,4839389122254460580,5345332414063
accept-in,4839389122254460580,5345332423539
accept-in,-124639431759599982,5345342132363
accept-in,-124639431759599982,5345342142062
accept-in,-5947694875903375546,5345351726439
accept-in,-5947694875903375546,5345351736463
accept-in,8084127242753653795,5345361748485
accept-in,8084127242753653795,5345361758570
accept-in,-8649816301068386384,5345371733961
accept-in,-8649816301068386384,5345371744268
accept-in,7367938074384747773,5345381701312
accept-in,7367938074384747773,5345381711030
accept-in,-4646647082676164521,5345391705958
accept-in,-4646647082676164521,5345391715961
accept-in,-8391596647203344498,5345401719352
accept-in,-8391596647203344498,5345401728488
accept-in,986940708703330444,5345411725630
accept-in,986940708703330444,5345411736458
accept-in,-5807287708135001249,5345421787490
accept-in,-5807287708135001249,5345421806121
accept-in,-1770539252309855092,5345431744339
accept-in,-1770539252309855092,5345431753259
accept-in,-9159688191011084080,5345441747586
accept-in,-9159688191011084080,5345441756370
accept-in,-1750363989682530429,5345452239689
accept-in,-1750363989682530429,5345452247357
accept-in,-5643112990954118243,5345462495219
accept-in,-5643112990954118243,5345462504453
accept-in,7027617169970159763,5345472248874
accept-in,7027617169970159763,5345472258749
accept-in,6561430032943495934,5345481734624
accept-in,6561430032943495934,5345481744005
accept-in,535442848979183009,5345491700336
accept-in,535442848979183009,5345491711493
accept-in,-1280213434913482815,5345501775475
accept-in,-1280213434913482815,5345501782811
accept-in,8710367926404751987,5345511688875
accept-in,8710367926404751987,5345511698118
accept-in,-1764908794673255811,5345521777476
accept-in,-1764908794673255811,5345521786710
accept-in,7449927746229106316,5345531712287
accept-in,7449927746229106316,5345531721854
accept-in,2877036586001811050,5345541663793
accept-in,2877036586001811050,5345541672664
accept-in,-50612718278855676,5345551764571
accept-in,-50612718278855676,5345551773834
accept-in,-7279451895294543380,5345561728032
accept-in,-7279451895294543380,5345561736651
accept-in,2550372483526014618,5345571738676
accept-in,2550372483526014618,5345571747029
accept-in,1062106279273792114,5345581718264
accept-in,1062106279273792114,5345581726066
accept-in,2573635653509551536,5345591693903
accept-in,2573635653509551536,5345591703183
accept-in,8411918192880994173,5345601738947
accept-in,8411918192880994173,5345601755418
accept-in,795605683613076156,5345611715078
accept-in,795605683613076156,5345611724676
accept-in,1507197810089440844,5345621718634
accept-in,1507197810089440844,5345621728726
accept-in,-5930787038593733119,5345631777935
accept-in,-5930787038593733119,5345631786985
accept-in,-3890826906417791963,5345641679813
accept-in,-3890826906417791963,5345641689054
accept-in,7081805373937821407,5345652082904
accept-in,7081805373937821407,5345652091232
accept-in,1725611316142641027,5345662045007
accept-in,1725611316142641027,5345662052536
accept-in,3359756800272715652,5345671784281
accept-in,3359756800272715652,5345671792234
accept-in,2618814630557776071,5345681808515
accept-in,2618814630557776071,5345681814968
accept-in,856953985725337505,5345691721009
accept-in,856953985725337505,5345691729974
accept-in,-4474853026867323638,5345701713303
accept-in,-4474853026867323638,5345701723036
accept-in,4928567219816169871,5345711711274
accept-in,4928567219816169871,5345711719573
accept-in,-4414172161061324267,5345721666477
accept-in,-4414172161061324267,5345721673780
accept-in,1427266207636740901,5345731808400
accept-in,1427266207636740901,5345731814491
accept-in,-423348569625128015,5345741726046
accept-in,-423348569625128015,5345741734950
accept-in,2130520290442952818,5345751747517
accept-in,2130520290442952818,5345751757395
accept-in,-4707234222426693910,5345761707992
accept-in,-4707234222426693910,5345761715633
accept-in,2913081326409793439,5345771816511
accept-in,2913081326409793439,5345771823204
accept-in,-3479539764328620761,5345781736162
accept-in,-3479539764328620761,5345781745759
accept-in,8471690043102926470,5345791723434
accept-in,8471690043102926470,5345791733671
accept-in,-2135354862932530298,5345801702969
accept-in,-2135354862932530298,5345801712074
accept-in,5184571737450216032,5345811708660
accept-in,5184571737450216032,5345811718897
accept-in,1579247110916089127,5345821762913
accept-in,1579247110916089127,5345821773477
accept-in,-6454104046239871653,5345831699609
accept-in,-6454104046239871653,5345831705231
accept-in,-5531354924834144148,5345841718698
accept-in,-5531354924834144148,5345841726071
accept-in,-303115041942409645,5345851770265
accept-in,-303115041942409645,5345851779321
accept-in,6945415645727740470,5345861729614
accept-in,6945415645727740470,5345861738072
accept-in,1373013927983164169,5345871816542
accept-in,1373013927983164169,5345871825171
accept-in,-3748225106636735651,5345881716768
accept-in,-3748225106636735651,5345881725110
accept-in,-3293852519493756150,5345891744059
accept-in,-3293852519493756150,5345891753728
accept-in,5166708802636031699,5345901726034
accept-in,5166708802636031699,5345901734489
accept-in,1617683254010375419,5345911705638
accept-in,1617683254010375419,5345911712556
accept-in,7448876433247413884,5345921695697
accept-in,7448876433247413884,5345921702382
accept-in,333716393647801733,5345931705271
accept-in,333716393647801733,5345931714272
accept-in,8834540282067610854,5345941691682
accept-in,8834540282067610854,5345941699617
accept-in,-4200616735064679425,5345951768147
accept-in,-4200616735064679425,5345951776868
accept-in,-1937804424207745224,5345961702675
accept-in,-1937804424207745224,5345961709270
accept-in,6271736424876333755,5345971774067
accept-in,6271736424876333755,5345971781575
accept-in,8455283389198726001,5345981823517
accept-in,8455283389198726001,5345981830641
accept-in,-8592445005544329876,5345991682628
accept-in,-8592445005544329876,5345991690616
accept-in,8945405489493793255,5346001712893
accept-in,8945405489493793255,5346001722627
accept-in,2114376106254322848,5346011685464
accept-in,2114376106254322848,5346011693917
accept-in,4492520167776208918,5346021687342
accept-in,4492520167776208918,5346021696728
accept-in,5099516153995022295,5346031734731
accept-in,5099516153995022295,5346031743472
accept-in,2530942663452201175,5346041726085
accept-in,2530942663452201175,5346041735414
accept-in,5735100492098016309,5346051729746
accept-in,5735100492098016309,5346051741297
accept-in,7082508231032528204,5346061667260
accept-in,7082508231032528204,5346061677961
accept-in,-5027766441329758777,5346071712575
accept-in,-5027766441329758777,5346071722582
accept-in,-8950852689698244061,5346081697120
accept-in,-8950852689698244061,5346081705977
accept-in,677260574047576959,5346091769734
accept-in,677260574047576959,5346091776403
accept-in,-4788858301674031910,5346102461178
accept-in,-4788858301674031910,5346102471879
accept-in,2145608280475406229,5346111765899
accept-in,2145608280475406229,5346111774485
accept-in,2493686190458543421,5346121703713
accept-in,2493686190458543421,5346121711722
accept-in,1222858724874750959,5346131695159
accept-in,1222858724874750959,5346131704063
accept-in,23509988891430082,5346141775627
accept-in,23509988891430082,5346141781894
accept-in,4587469563149862926,5346151698631
accept-in,4587469563149862926,5346151707265
accept-in,-3730247674701571271,5346161733144
accept-in,-3730247674701571271,5346161741743
accept-in,7993507172435474598,5346171711431
accept-in,7993507172435474598,5346171719372
accept-in,4615460738874292006,5346181698222
accept-in,4615460738874292006,5346181707580
accept-in,-7693736100149870083,5346191713320
accept-in,-7693736100149870083,5346191720691
accept-in,6551214368852774819,5346201691947
accept-in,6551214368852774819,5346201700442
accept-in,-5540030311408113574,5346212355111
accept-in,-5540030311408113574,5346212362816
accept-in,306618477964078198,5346221721118
accept-in,306618477964078198,5346221727950
accept-in,-5902566291144521201,5346231685071
accept-in,-5902566291144521201,5346231694293
accept-in,6818199180801181894,5346242295816
accept-in,6818199180801181894,5346242304403
accept-in,-5563397063196677487,5346251764695
accept-in,-5563397063196677487,5346251776266
accept-in,-3694883614627539840,5346261780690
accept-in,-3694883614627539840,5346261788808
accept-in,-5142916542160445841,5346271685453
accept-in,-5142916542160445841,5346271693766
accept-in,4992722853575940426,5346281684866
accept-in,4992722853575940426,5346281694321
accept-in,-712519476595497396,5346291839089
accept-in,-712519476595497396,5346291850633
accept-in,-2717369335155604138,5346301721622
accept-in,-2717369335155604138,5346301730119
accept-in,-3918948842582222002,5346312369814
accept-in,-3918948842582222002,5346312378677
accept-in,-5703229167270022019,5346321710555
accept-in,-5703229167270022019,5346321717652
accept-in,4666954955085800252,5346332273054
accept-in,4666954955085800252,5346332281507
accept-in,4982790565559355503,5346341701851
accept-in,4982790565559355503,5346341711818
accept-in,-1679711674888979147,5346351681840
accept-in,-1679711674888979147,5346351691405
accept-in,2280299631842521369,5346361702415
accept-in,2280299631842521369,5346361709897
accept-in,2450428932195499036,5346371692191
accept-in,2450428932195499036,5346371697465
accept-in,8040830255654570494,5346381775197
accept-in,8040830255654570494,5346381782896
accept-in,-5463789467230099161,5346391707507
accept-in,-5463789467230099161,5346391715624
accept-in,4494131850941419056,5346401708145
accept-in,4494131850941419056,5346401713753
accept-in,5823900038613277167,5346411721737
accept-in,5823900038613277167,5346411729744
accept-in,-918654856421224300,5346421730205
accept-in,-918654856421224300,5346421735910
accept-in,-5816575234182088466,5346431723550
accept-in,-5816575234182088466,5346431730313
accept-in,-3668112774957593695,5346441692068
accept-in,-3668112774957593695,5346441701124
accept-in,4493677552474835107,5346451871906
accept-in,4493677552474835107,5346451878979
accept-in,7540469596625313193,5346461673089
accept-in,7540469596625313193,5346461681583
accept-in,122209804313335424,5346471648005
accept-in,122209804313335424,5346471653812
accept-in,-6339170555747376949,5346481735721
accept-in,-6339170555747376949,5346481745026
accept-in,2460094402932993039,5346491734930
accept-in,2460094402932993039,5346491751685
accept-in,-2848512452450748573,5346501691452
accept-in,-2848512452450748573,5346501699426
accept-in,9018454019990923861,5346511696981
accept-in,9018454019990923861,5346511702030
accept-in,1636846226471824386,5346521714150
accept-in,1636846226471824386,5346521721359
accept-in,-7851972623344285181,5346531693602
accept-in,-7851972623344285181,5346531702142
accept-in,6419481470030854699,5346541734849
accept-in,6419481470030854699,5346541744222
accept-in,-6333873275133290255,5346551746220
accept-in,-6333873275133290255,5346551753272
accept-in,-6770123434113109219,5346561707407
accept-in,-6770123434113109219,5346561716343
accept-in,-7301743307390407089,5346571717894
accept-in,-7301743307390407089,5346571727495
accept-in,-1901332817963971913,5346581778088
accept-in,-1901332817963971913,5346581785238
accept-in,4463883402310318097,5346591711961
accept-in,4463883402310318097,5346591720168
accept-in,8022264175381725515,5346601726537
accept-in,8022264175381725515,5346601733590
accept-in,2511821191260357195,5346611720426
accept-in,2511821191260357195,5346611728282
accept-in,-5076326648463478127,5346621694524
accept-in,-5076326648463478127,5346621702706
accept-in,-389010926014488316,5346631681867
accept-in,-389010926014488316,5346631694694
accept-in,-1827397090097131780,5346642137840
accept-in,-1827397090097131780,5346642146272
accept-in,8536159700291963858,5346651740071
accept-in,8536159700291963858,5346651747533
accept-in,-3559559426670063380,5346661689504
accept-in,-3559559426670063380,5346661699005
accept-in,-4788937268770476346,5346671750263
accept-in,-4788937268770476346,5346671758874
accept-in,-4887080293393484595,5346681708347
accept-in,-4887080293393484595,5346681715060
accept-in,-4271104483340589533,5346691687885
accept-in,-4271104483340589533,5346691695386
accept-in,7377289723465674854,5346701734817
accept-in,7377289723465674854,5346701742367
accept-in,-3364921262672166308,5346711690864
accept-in,-3364921262672166308,5346711700761
accept-in,-4817759380020893354,5346722332291
accept-in,-4817759380020893354,5346722339050
accept-in,6768523733557410159,5346731702156
accept-in,6768523733557410159,5346731714574
accept-in,6235245051376903446,5346741709948
accept-in,6235245051376903446,5346741718572
accept-in,7547146661649986431,5346751686547
accept-in,7547146661649986431,5346751695441
accept-in,-8920911857585988755,5346761717260
accept-in,-8920911857585988755,5346761726066
accept-in,7415005634526130931,5346771748655
accept-in,7415005634526130931,5346771756931
accept-in,-3816218275023133263,5346781701833
accept-in,-3816218275023133263,5346781707371
accept-in,-5615227827566884381,5346791869660
accept-in,-5615227827566884381,5346791878861
accept-in,4582664699036514718,5346801707396
accept-in,4582664699036514718,5346801716623
accept-in,-8959669437751388813,5346811695049
accept-in,-8959669437751388813,5346811701092
accept-in,3895128052171022337,5346821769415
accept-in,3895128052171022337,5346821775503
accept-in,-132844358234289345,5346831739225
accept-in,-132844358234289345,5346831746765
accept-in,-3046700016507990449,5346841725386
accept-in,-3046700016507990449,5346841732755
accept-in,1426259557772031371,5346851699074
accept-in,1426259557772031371,5346851707009
accept-in,1202537668565818087,5346861708103
accept-in,1202537668565818087,5346861714385
accept-in,-5078803412267606432,5346872718347
accept-in,-5078803412267606432,5346872725892
accept-in,-6454894891324643745,5346881708312
accept-in,-6454894891324643745,5346881716311
accept-in,5859058873700278839,5346891758738
accept-in,5859058873700278839,5346891773281
accept-in,-7474272704387689588,5346902580740
accept-in,-7474272704387689588,5346902589433
accept-in,547497038034790815,5346911737592
accept-in,547497038034790815,5346911745125
accept-in,8665599686027731491,5346921706369
accept-in,8665599686027731491,5346921716001
accept-in,-3688702707183009508,5346931666068
accept-in,-3688702707183009508,5346931674523
accept-in,-1123338112512965563,5346941737000
accept-in,-1123338112512965563,5346941744437
accept-in,-8890720015477213197,5346951688564
accept-in,-8890720015477213197,5346951696799
accept-in,-1166279834578699182,5346961723117
accept-in,-1166279834578699182,5346961729938
accept-in,-7424625456107442650,5346972433173
accept-in,-7424625456107442650,5346972442370
accept-in,-7379587550331435137,5346982151926
accept-in,-7379587550331435137,5346982159899
accept-in,8632520040717135498,5346991739773
accept-in,8632520040717135498,5346991749326
accept-in,7720840392594123358,5347001727248
accept-in,7720840392594123358,5347001736154
accept-in,-8101461062910464058,5347011737185
accept-in,-8101461062910464058,5347011743387
accept-in,5298660237439468935,5347021694593
accept-in,5298660237439468935,5347021703765
accept-in,4069077059521290776,5347031705691
accept-in,4069077059521290776,5347031713856
accept-in,8733354381612831772,5347041750827
accept-in,8733354381612831772,5347041757733
accept-in,-6102485944401903465,5347051685662
accept-in,-6102485944401903465,5347051694299
accept-in,-7892463589217060812,5347061712268
accept-in,-7892463589217060812,5347061727764
accept-in,-345641566364431881,5347071717354
accept-in,-345641566364431881,5347071727030
accept-in,1372603722160875368,5347081739631
accept-in,1372603722160875368,5347081748419
accept-in,6041911936735866216,5347091672792
accept-in,6041911936735866216,5347091680334
accept-in,1290486723209550804,5347101774152
accept-in,1290486723209550804,5347101780967
accept-in,8935954356217223414,5347112358381
accept-in,8935954356217223414,5347112366183
accept-in,7995514005034907909,5347121816347
accept-in,7995514005034907909,5347121828798
accept-in,-7272744487574254429,5347131725222
accept-in,-7272744487574254429,5347131742378
accept-in,6727203804065180736,5347141732041
accept-in,6727203804065180736,5347141743700
accept-in,-6577304662340268691,5347151822254
accept-in,-6577304662340268691,5347151830474
accept-in,5407266300009814396,5347161729286
accept-in,5407266300009814396,5347161750996
accept-in,7311998651587540907,5347171748492
accept-in,7311998651587540907,5347171755974
accept-in,-6474533378957761880,5347181730977
accept-in,-6474533378957761880,5347181745095
accept-in,-4413573411112525125,5347191746274
accept-in,-4413573411112525125,5347191754617
accept-in,-5790779556380803049,5347201804329
accept-in,-5790779556380803049,5347201813469
accept-in,-3910472631228344967,5347212195471
accept-in,-3910472631228344967,5347212202193
accept-in,-2034255435043248526,5347221791423
accept-in,-2034255435043248526,5347221798882
accept-in,2646915787443954820,5347231775932
accept-in,2646915787443954820,5347231789851
accept-in,-4014723845570702946,5347242698504
accept-in,-4014723845570702946,5347242705594
accept-in,-4466409975997725305,5347252211306
accept-in,-4466409975997725305,5347252220732
accept-in,-2785449554401285990,5347261703901
accept-in,-2785449554401285990,5347261712389
accept-in,7320179220278717123,5347271754261
accept-in,7320179220278717123,5347271763372
accept-in,4312275562016782519,5347281706505
accept-in,4312275562016782519,5347281716827
accept-in,-5888544832250206400,5347291802315
accept-in,-5888544832250206400,5347291809684
accept-in,-2664334803683811853,5347301755010
accept-in,-2664334803683811853,5347301765021
accept-in,6648248157271596726,5347311725704
accept-in,6648248157271596726,5347311735708
accept-in,-7411522416204592614,5347321648950
accept-in,-7411522416204592614,5347321655851
accept-in,5409819877515720788,5347331693519
accept-in,5409819877515720788,5347331703324
accept-in,-6341827960002746413,5347341707288
accept-in,-6341827960002746413,5347341716528
accept-in,968679539707983235,5347351701365
accept-in,968679539707983235,5347351719737
accept-in,639018578229070752,5347361735373
accept-in,639018578229070752,5347361745559
accept-in,1531023617076437241,5347371728876
accept-in,1531023617076437241,5347371738049
accept-in,3205485271400362751,5347381679597
accept-in,3205485271400362751,5347381687664
accept-in,3383891689435279741,5347391711010
accept-in,3383891689435279741,5347391720424
accept-in,6465357577063802535,5347401727494
accept-in,6465357577063802535,5347401735619
accept-in,205503043103893257,5347411694754
accept-in,205503043103893257,5347411700729
accept-in,-6280666973416683353,5347422046174
accept-in,-6280666973416683353,5347422051881
accept-in,5535447258002440222,5347431748888
accept-in,5535447258002440222,5347431764329
accept-in,-1733807234880615656,5347441704445
accept-in,-1733807234880615656,5347441712665
accept-in,5739775040437129279,5347451774203
accept-in,5739775040437129279,5347451784018
accept-in,4702005647324332490,5347461701037
accept-in,4702005647324332490,5347461708655
accept-in,1817454239673907923,5347471716032
accept-in,1817454239673907923,5347471722669
accept-in,-5396769257689890143,5347481683386
accept-in,-5396769257689890143,5347481689150
accept-in,-9047805546344950093,5347491715037
accept-in,-9047805546344950093,5347491722503
accept-in,-7052220932909420435,5347501742064
accept-in,-7052220932909420435,5347501750390
accept-in,7809555017231328543,5347511690737
accept-in,7809555017231328543,5347511703794
accept-in,4971917402396238408,5347521673787
accept-in,4971917402396238408,5347521679433
accept-in,4275502331302104218,5347532534608
accept-in,4275502331302104218,5347532541527
accept-in,2021441725455392330,5347541685390
accept-in,2021441725455392330,5347541694390
accept-in,-3002164675064329552,5347551733240
accept-in,-3002164675064329552,5347551742931
accept-in,-456992607120232479,5347561961940
accept-in,-456992607120232479,5347561970117
accept-in,7620062826761412411,5347571728232
accept-in,7620062826761412411,5347571739123
accept-in,-1825980358851889997,5347581773183
accept-in,-1825980358851889997,5347581782357
accept-in,2240458534728502647,5347592332352
accept-in,2240458534728502647,5347592340171
accept-in,7145581758597566598,5347601707600
accept-in,7145581758597566598,5347601716464
accept-in,-3721055666025710474,5347611681466
accept-in,-3721055666025710474,5347611696631
accept-in,2499009816315301611,5347621711978
accept-in,2499009816315301611,5347621720323
accept-in,5073672135350375404,5347631856943
accept-in,5073672135350375404,5347631863218
