accept-in,7320560509407427272,63702240635330
accept-in,7320560509407427272,63702240636433
accept-in,1810721212762485875,63702241451066
accept-in,1810721212762485875,63702241452190
accept-in,5419419907791042119,63702242247543
accept-in,5419419907791042119,63702242248586
accept-in,-5217893606073145,63702243075512
accept-in,-5217893606073145,63702243076626
accept-in,-2263154655491148906,63702243963500
accept-in,-2263154655491148906,63702243964529
accept-in,3454365697576902581,63702244745964
accept-in,3454365697576902581,63702244746955
accept-in,-2526521535324193181,63702245633772
accept-in,-2526521535324193181,63702245634862
accept-in,-8637582690231472685,63702246512680
accept-in,-8637582690231472685,63702246513844
accept-in,-1728877940581873069,63702247315352
accept-in,-1728877940581873069,63702247316331
accept-in,-258504362805573875,63702248139021
accept-in,-258504362805573875,63702248140081
accept-in,-6255545444738923678,63702248952055
accept-in,-6255545444738923678,63702248953114
accept-in,9032712777345643552,63702249892654
accept-in,9032712777345643552,63702249894133
accept-in,7796095482518281488,63702250625687
accept-in,7796095482518281488,63702250626870
accept-in,-7537035458990740976,63702251437826
accept-in,-7537035458990740976,63702251438976
accept-in,6001115008328729331,63702252232806
accept-in,6001115008328729331,63702252233964
accept-in,7931357216544164218,63702253069159
accept-in,7931357216544164218,63702253070324
accept-in,-3252710788649207886,63702254080798
accept-in,-3252710788649207886,63702254081954
accept-in,1205445956131818123,63702254674769
accept-in,1205445956131818123,63702254676005
accept-in,6401089531369177837,63702255500520
accept-in,6401089531369177837,63702255501578
accept-in,-1452973327954124990,63702256494063
accept-in,-1452973327954124990,63702256495043
accept-in,3580976805295240883,63702257505633
accept-in,3580976805295240883,63702257506698
accept-in,-4222330879044511866,63702258030238
accept-in,-4222330879044511866,63702258031058
accept-in,4527082146258480001,63702258993737
accept-in,4527082146258480001,63702258994780
accept-in,6511280401564947402,63702259679722
accept-in,6511280401564947402,63702259680837
accept-in,4901383379597712128,63702260489518
accept-in,4901383379597712128,63702260490683
accept-in,-2124409487725467273,63702261319243
accept-in,-2124409487725467273,63702261320406
accept-in,-4422925520059616709,63702262088625
accept-in,-4422925520059616709,63702262089775
accept-in,4296095024972209849,63702262904866
accept-in,4296095024972209849,63702262905931
accept-in,-1997934143896776389,63702263707085
accept-in,-1997934143896776389,63702263708230
accept-in,6937320704187193353,63702264510150
accept-in,6937320704187193353,63702264511228
accept-in,-226856447843872112,63702265306064
accept-in,-226856447843872112,63702265307136
accept-in,1631374734474009537,63702266112016
accept-in,1631374734474009537,63702266113057
accept-in,7273139789907329838,63702266919081
accept-in,7273139789907329838,63702266920119
accept-in,-8697745694721098396,63702267728374
accept-in,-8697745694721098396,63702267729499
accept-in,2378281593642758082,63702268521053
accept-in,2378281593642758082,63702268522130
accept-in,8121299999710600409,63702269347422
accept-in,8121299999710600409,63702269348510
accept-in,-8663303769923579855,63702270145943
accept-in,-8663303769923579855,63702270146981
accept-in,-4652056146202672478,63702270943917
accept-in,-4652056146202672478,63702270944926
accept-in,6077551334068523976,63702271761102
accept-in,6077551334068523976,63702271762165
accept-in,-1015773256960982374,63702272658412
accept-in,-1015773256960982374,63702272659535
accept-in,1982331164563745926,63702273439163
accept-in,1982331164563745926,63702273440245
accept-in,-9033803801795862758,63702274277468
accept-in,-9033803801795862758,63702274278576
accept-in,-1324923700917764657,63702275090530
accept-in,-1324923700917764657,63702275091571
accept-in,6379958978254978067,63702275914954
accept-in,6379958978254978067,63702275915991
accept-in,-7590517487654388321,63702276762158
accept-in,-7590517487654388321,63702276763182
accept-in,-3436630111884671059,63702277585992
accept-in,-3436630111884671059,63702277587104
accept-in,736937716748392632,63702278569133
accept-in,736937716748392632,63702278570308
accept-in,706819497991128660,63702279762783
accept-in,706819497991128660,63702279763899
accept-in,2394027965066410144,63702280090377
accept-in,2394027965066410144,63702280091357
accept-in,8867359929072568456,63702280916750
accept-in,8867359929072568456,63702280917830
accept-in,-7871465399227496689,63702281669494
accept-in,-7871465399227496689,63702281670622
accept-in,3956329161637956126,63702282499686
accept-in,3956329161637956126,63702282500779
accept-in,-5591061350034393148,63702283426942
accept-in,-5591061350034393148,63702283428014
accept-in,4584813830847154992,63702284152566
accept-in,4584813830847154992,63702284153693
accept-in,-6363946835653835070,63702284955130
accept-in,-6363946835653835070,63702284956172
accept-in,-4746330946327862274,63702285756605
accept-in,-4746330946327862274,63702285757725
accept-in,6805838066355737174,63702286616070
accept-in,6805838066355737174,63702286617134
accept-in,74394180478340434,63702287505373
accept-in,74394180478340434,63702287506448
accept-in,7365117213043566304,63702288388483
accept-in,7365117213043566304,63702288389506
accept-in,3175608475503336551,63702289196681
accept-in,3175608475503336551,63702289197836
accept-in,-4986694929762401099,63702289995428
accept-in,-4986694929762401099,63702289996576
accept-in,8026817446806515159,63702290798361
accept-in,8026817446806515159,63702290799439
accept-in,-6025359911277885042,63702291602247
accept-in,-6025359911277885042,63702291603315
accept-in,-8268876964451643235,63702292417264
accept-in,-8268876964451643235,63702292418379
accept-in,-8161777340809568928,63702293338325
accept-in,-8161777340809568928,63702293339588
accept-in,-3912161499411760503,63702294128210
accept-in,-3912161499411760503,63702294129378
accept-in,-979696602305431453,63702294889839
accept-in,-979696602305431453,63702294890961
accept-in,8659657373783994299,63702295719871
accept-in,8659657373783994299,63702295720941
accept-in,-4568325065313230069,63702296581430
accept-in,-4568325065313230069,63702296582489
accept-in,-269246077262364414,63702297396398
accept-in,-269246077262364414,63702297397376
accept-in,-3887421922046931675,63702298190835
accept-in,-3887421922046931675,63702298191812
accept-in,6162267019270451133,63702299003305
accept-in,6162267019270451133,63702299004517
accept-in,5903766937286855164,63702299838664
accept-in,5903766937286855164,63702299839693
accept-in,7567796744597299722,63702300630210
accept-in,7567796744597299722,63702300631233
accept-in,-759140983455884282,63702301417727
accept-in,-759140983455884282,63702301418845
accept-in,2268029640513087632,63702302549775
accept-in,2268029640513087632,63702302550895
accept-in,1689681565711650867,63702303210884
accept-in,1689681565711650867,63702303211753
accept-in,6536643312773238597,63702304193370
accept-in,6536643312773238597,63702304194345
accept-in,8583558312439102050,63702304918121
accept-in,8583558312439102050,63702304919203
accept-in,-4621415789997016944,63702305695122
accept-in,-4621415789997016944,63702305696406
accept-in,-2977903612878304197,63702306564254
accept-in,-2977903612878304197,63702306565429
accept-in,-6540535867560048041,63702307460826
accept-in,-6540535867560048041,63702307461931
accept-in,6163881343878222809,63702308244492
accept-in,6163881343878222809,63702308245469
accept-in,7985056131145494176,63702309121238
accept-in,7985056131145494176,63702309122348
accept-in,5341604888253603213,63702309878925
accept-in,5341604888253603213,63702309880168
accept-in,8805155459755659154,63702310687971
accept-in,8805155459755659154,63702310689156
accept-in,7651142602399774981,63702311502499
accept-in,7651142602399774981,63702311503576
accept-in,-3202144819658861163,63702312353814
accept-in,-3202144819658861163,63702312354973
accept-in,3015421448471752629,63702313110538
accept-in,3015421448471752629,63702313111566
accept-in,-5725033113244385471,63702313987471
accept-in,-5725033113244385471,63702313988536
accept-in,4799636655281341942,63702314778408
accept-in,4799636655281341942,63702314779747
accept-in,-5609427794923075023,63702315532715
accept-in,-5609427794923075023,63702315533950
accept-in,-4063372693835467342,63702316290702
accept-in,-4063372693835467342,63702316291832
accept-in,7256852992589582242,63702317083455
accept-in,7256852992589582242,63702317084670
accept-in,988887807579798543,63702317847285
accept-in,988887807579798543,63702317848400
accept-in,-8494788107942091181,63702318651993
accept-in,-8494788107942091181,63702318653188
accept-in,-9056515956675003791,63702319464732
accept-in,-9056515956675003791,63702319465892
accept-in,-970289265522864696,63702320187881
accept-in,-970289265522864696,63702320188958
accept-in,8845165020727393523,63702321012670
accept-in,8845165020727393523,63702321013712
accept-in,-5737277748752310883,63702321881156
accept-in,-5737277748752310883,63702321882326
accept-in,1037099323768019755,63702322603662
accept-in,1037099323768019755,63702322604808
accept-in,2003814409968936969,63702323412040
accept-in,2003814409968936969,63702323413081
accept-in,-4582463619220867988,63702324183990
accept-in,-4582463619220867988,63702324184937
accept-in,1798544361504692049,63702325143339
accept-in,1798544361504692049,63702325144487
accept-in,-3848218712699487980,63702325723305
accept-in,-3848218712699487980,63702325724452
accept-in,1891735842942149937,63702326546196
accept-in,1891735842942149937,63702326547372
accept-in,3321095225002382506,63702327978658
accept-in,3321095225002382506,63702327979754
accept-in,7798486028177592290,63702328424108
accept-in,7798486028177592290,63702328429613
accept-in,1650582695806129299,63702329162576
accept-in,1650582695806129299,63702329163585
accept-in,8863708066599440961,63702329756931
accept-in,8863708066599440961,63702329758013
accept-in,-7170833432629795771,63702330482755
accept-in,-7170833432629795771,63702330483802
accept-in,-7760204342153503456,63702331332292
accept-in,-7760204342153503456,63702331333484
accept-in,777335961006923812,63702332100814
accept-in,777335961006923812,63702332101900
accept-in,-2677479263394838948,63702332865016
accept-in,-2677479263394838948,63702332866169
accept-in,4250566913942309883,63702333654053
accept-in,4250566913942309883,63702333655447
accept-in,6200978447559189162,63702334481970
accept-in,6200978447559189162,63702334483142
accept-in,-308895362970376038,63702335236230
accept-in,-308895362970376038,63702335237418
accept-in,8818940180797608226,63702336019722
accept-in,8818940180797608226,63702336020881
accept-in,2688510997343076884,63702336870644
accept-in,2688510997343076884,63702336871808
accept-in,-3372413267260670529,63702337764363
accept-in,-3372413267260670529,63702337765444
accept-in,-3952353148688603591,63702338597730
accept-in,-3952353148688603591,63702338598786
accept-in,2132433931060329174,63702339482968
accept-in,2132433931060329174,63702339484043
accept-in,3864138576790877231,63702340296515
accept-in,3864138576790877231,63702340297680
accept-in,-6253305805993645886,63702341140170
accept-in,-6253305805993645886,63702341141399
accept-in,4359843099745920529,63702341922309
accept-in,4359843099745920529,63702341923521
accept-in,-2206136757959466972,63702342718580
accept-in,-2206136757959466972,63702342719722
accept-in,2508111785077590486,63702343514873
accept-in,2508111785077590486,63702343515963
accept-in,7460608963678220878,63702344361138
accept-in,7460608963678220878,63702344362196
accept-in,-3621177295597282705,63702345127900
accept-in,-3621177295597282705,63702345129035
accept-in,-1656922636214161659,63702346030121
accept-in,-1656922636214161659,63702346031587
accept-in,-2753008934873875136,63702347045500
accept-in,-2753008934873875136,63702347046589
accept-in,2893419376933954188,63702347833920
accept-in,2893419376933954188,63702347834975
accept-in,6351123619961821741,63702348733357
accept-in,6351123619961821741,63702348734497
accept-in,5579402355243237164,63702349478651
accept-in,5579402355243237164,63702349479736
accept-in,-2353362506778414488,63702350039701
accept-in,-2353362506778414488,63702350040695
accept-in,1897566459193231980,63702350896506
accept-in,1897566459193231980,63702350897663
accept-in,-437909460933227663,63702351647033
accept-in,-437909460933227663,63702351648041
accept-in,9167980261845382448,63702352485071
accept-in,9167980261845382448,63702352486240
accept-in,-3649965028304939776,63702353326037
accept-in,-3649965028304939776,63702353327623
accept-in,-3997293004679032580,63702354094394
accept-in,-3997293004679032580,63702354095715
accept-in,-6472572783039303431,63702354892132
accept-in,-6472572783039303431,63702354893300
accept-in,529421822955300554,63702355740885
accept-in,529421822955300554,63702355742059
accept-in,-2664507438544053439,63702356584988
accept-in,-2664507438544053439,63702356586088
accept-in,267174352054706021,63702357382745
accept-in,267174352054706021,63702357383903
accept-in,-7027537555322640188,63702358183294
accept-in,-7027537555322640188,63702358184453
accept-in,4345230254805863145,63702359019420
accept-in,4345230254805863145,63702359020603
accept-in,-6057806791554822502,63702359833981
accept-in,-6057806791554822502,63702359835159
accept-in,-814024787416953534,63702360651128
accept-in,-814024787416953534,63702360652364
accept-in,-7024102886240536043,63702361496138
accept-in,-7024102886240536043,63702361497263
accept-in,6170895792881484223,63702362319658
accept-in,6170895792881484223,63702362320835
accept-in,-5840919182992035691,63702363165621
accept-in,-5840919182992035691,63702363166714
accept-in,2010164338645515438,63702363981891
accept-in,2010164338645515438,63702363983124
accept-in,6004423694502594196,63702364895846
accept-in,6004423694502594196,63702364897161
accept-in,4765850284366723067,63702365712893
accept-in,4765850284366723067,63702365714156
accept-in,-6645849880686348292,63702366505080
accept-in,-6645849880686348292,63702366506291
accept-in,-533037542939548105,63702367321492
accept-in,-533037542939548105,63702367322814
accept-in,-4472505227232287007,63702368111420
accept-in,-4472505227232287007,63702368112470
accept-in,-3735387596529125921,63702368926362
accept-in,-3735387596529125921,63702368927329
accept-in,-4766362673993433010,63702369715169
accept-in,-4766362673993433010,63702369716164
accept-in,2325345307901623063,63702370594625
accept-in,2325345307901623063,63702370595695
accept-in,6820384115601610745,63702371427638
accept-in,6820384115601610745,63702371428773
accept-in,7796836784549430083,63702372172976
accept-in,7796836784549430083,63702372174054
accept-in,-8162249306611371010,63702373227052
accept-in,-8162249306611371010,63702373228077
accept-in,-5522321474734977929,63702374237998
accept-in,-5522321474734977929,63702374239099
accept-in,8397726831841349121,63702374604483
accept-in,8397726831841349121,63702374605315
accept-in,2522799786890443646,63702375519700
accept-in,2522799786890443646,63702375520749
accept-in,-5692360947319798450,63702376168044
accept-in,-5692360947319798450,63702376169240
accept-in,8904521952771286796,63702376986240
accept-in,8904521952771286796,63702376987464
accept-in,-6863082081103690911,63702377778331
accept-in,-6863082081103690911,63702377779469
accept-in,7647218632628200991,63702378606823
accept-in,7647218632628200991,63702378607906
accept-in,-4033694274864634754,63702379402736
accept-in,-4033694274864634754,63702379403834
accept-in,-971906910033956384,63702380168992
accept-in,-971906910033956384,63702380170151
accept-in,-8100249360082127090,63702380999720
accept-in,-8100249360082127090,63702381000891
accept-in,-3236671558394637,63702381820966
accept-in,-3236671558394637,63702381822021
accept-in,-9198809815065562982,63702382651516
accept-in,-9198809815065562982,63702382652491
accept-in,-5212424016144642150,63702383474239
accept-in,-5212424016144642150,63702383475364
accept-in,7760001568696894007,63702384288087
accept-in,7760001568696894007,63702384289104
accept-in,2166825283437768925,63702385084635
accept-in,2166825283437768925,63702385085712
accept-in,-1403563370799168604,63702385885003
accept-in,-1403563370799168604,63702385886065
accept-in,8840938407193918647,63702386720443
accept-in,8840938407193918647,63702386721883
accept-in,5944997762356375251,63702387502168
accept-in,5944997762356375251,63702387503383
accept-in,-7357601198692554967,63702388322376
accept-in,-7357601198692554967,63702388323448
accept-in,6390699534309000523,63702389089640
accept-in,6390699534309000523,63702389090698
accept-in,8624487200243441161,63702389919403
accept-in,8624487200243441161,63702389920544
accept-in,-1965761256632353738,63702390722903
accept-in,-1965761256632353738,63702390723898
accept-in,4537966421623789634,63702391537196
accept-in,4537966421623789634,63702391538296
accept-in,5700962237971595034,63702392325741
accept-in,5700962237971595034,63702392326718
accept-in,-4385272125781321338,63702393608121
accept-in,-4385272125781321338,63702393608988
accept-in,-1094789838366022280,63702394319090
accept-in,-1094789838366022280,63702394320175
accept-in,5095179649184813249,63702395090180
accept-in,5095179649184813249,63702395091035
accept-in,2683071850196740820,63702396122453
accept-in,2683071850196740820,63702396123478
accept-in,-8160652184971930923,63702396503880
accept-in,-8160652184971930923,63702396504881
accept-in,8334731517119029375,63702397282654
accept-in,8334731517119029375,63702397283649
accept-in,-8460396493060186094,63702398120618
accept-in,-8460396493060186094,63702398121652
accept-in,8247611470565947249,63702398955882
accept-in,8247611470565947249,63702398956909
accept-in,3016073569276766827,63702399822539
accept-in,3016073569276766827,63702399823976
accept-in,-623126772855719805,63702400617932
accept-in,-623126772855719805,63702400619290
accept-in,1190370662065773238,63702401408129
accept-in,1190370662065773238,63702401409407
accept-in,886699952251987132,63702402281649
accept-in,886699952251987132,63702402282724
accept-in,2048245708749114114,63702403160749
accept-in,2048245708749114114,63702403161907
accept-in,2446823518673319083,63702403973385
accept-in,2446823518673319083,63702403974487
accept-in,4340841128935998983,63702404815530
accept-in,4340841128935998983,63702404816579
accept-in,-8042367674639265029,63702405667356
accept-in,-8042367674639265029,63702405668464
accept-in,435291093555784168,63702406538991
accept-in,435291093555784168,63702406540076
accept-in,2938009682353988239,63702407341359
accept-in,2938009682353988239,63702407342435
accept-in,-7130282794692109094,63702408146451
accept-in,-7130282794692109094,63702408147565
accept-in,4062611891683721539,63702409017716
accept-in,4062611891683721539,63702409018873
accept-in,6169698609607398869,63702409855630
accept-in,6169698609607398869,63702409856770
accept-in,-7194894465455676604,63702410640588
accept-in,-7194894465455676604,63702410641685
accept-in,-3852802651401967408,63702411449343
accept-in,-3852802651401967408,63702411450377
accept-in,7875183143169494021,63702412228543
accept-in,7875183143169494021,63702412229574
accept-in,7751278694731140070,63702413106712
accept-in,7751278694731140070,63702413107817
accept-in,6915381140349981343,63702413904351
accept-in,6915381140349981343,63702413905368
accept-in,-5635958295499845716,63702414943842
accept-in,-5635958295499845716,63702414944964
accept-in,-6431619076804566007,63702415697894
accept-in,-6431619076804566007,63702415698821
accept-in,9090508115009331604,63702416960914
accept-in,9090508115009331604,63702416962276
accept-in,3179515173101154103,63702417330540
accept-in,3179515173101154103,63702417331337
accept-in,8896367893188327251,63702417998714
accept-in,8896367893188327251,63702417999774
accept-in,6131642188915736309,63702418816970
accept-in,6131642188915736309,63702418818037
accept-in,4067724851481756155,63702419646041
accept-in,4067724851481756155,63702419647399
accept-in,6294899804467618692,63702420438203
accept-in,6294899804467618692,63702420448173
accept-in,-8912886119141767922,63702421202293
accept-in,-8912886119141767922,63702421203460
accept-in,5337647287936247915,63702421984139
accept-in,5337647287936247915,63702421985201
accept-in,4563542215622671161,63702422814139
accept-in,4563542215622671161,63702422815284
accept-in,-8115783171376608763,63702423604505
accept-in,-8115783171376608763,63702423605584
accept-in,-7081558737729323707,63702424407065
accept-in,-7081558737729323707,63702424408550
accept-in,-8247549564736376490,63702425148999
accept-in,-8247549564736376490,63702425150213
accept-in,-5488628115087224378,63702425988569
accept-in,-5488628115087224378,63702425989768
accept-in,1546655888331546404,63702426738570
accept-in,1546655888331546404,63702426739733
accept-in,2227386653571117381,63702427540306
accept-in,2227386653571117381,63702427541344
accept-in,-2897656765196741781,63702428358071
accept-in,-2897656765196741781,63702428359126
accept-in,-5520704646412705778,63702429186129
accept-in,-5520704646412705778,63702429187319
accept-in,9198769506006051115,63702429936323
accept-in,9198769506006051115,63702429937299
accept-in,228716740735582101,63702430789931
accept-in,228716740735582101,63702430790971
accept-in,7683940933714806550,63702431581026
accept-in,7683940933714806550,63702431581935
accept-in,-9010135615362933720,63702432364894
accept-in,-9010135615362933720,63702432365956
accept-in,-4772613789219722182,63702433126384
accept-in,-4772613789219722182,63702433127399
accept-in,3580751335724253192,63702433931830
accept-in,3580751335724253192,63702433932828
accept-in,-2790619649695908944,63702434716276
accept-in,-2790619649695908944,63702434717214
accept-in,-3699412601184656757,63702435516989
accept-in,-3699412601184656757,63702435517987
accept-in,-6173268797420141261,63702436306687
accept-in,-6173268797420141261,63702436307730
accept-in,-6463684838110015995,63702437258226
accept-in,-6463684838110015995,63702437259337
accept-in,-6314192102040651797,63702438229575
accept-in,-6314192102040651797,63702438230657
accept-in,4240165861436866062,63702439326904
accept-in,4240165861436866062,63702439327966
accept-in,4761117157077455888,63702439677191
accept-in,4761117157077455888,63702439677928
accept-in,-7549674518052797089,63702440420114
accept-in,-7549674518052797089,63702440421177
accept-in,6138874450553543883,63702441176163
accept-in,6138874450553543883,63702441185371
accept-in,-8655493977595995913,63702442037183
accept-in,-8655493977595995913,63702442038252
accept-in,1274832893301226358,63702442796501
accept-in,1274832893301226358,63702442797500
accept-in,-6817789794272014812,63702443593412
accept-in,-6817789794272014812,63702443594493
accept-in,6228251088463205489,63702444406861
accept-in,6228251088463205489,63702444407878
accept-in,-699966793870340752,63702445277384
accept-in,-699966793870340752,63702445278665
accept-in,-4408784122204778900,63702446016025
accept-in,-4408784122204778900,63702446017405
accept-in,2189050187356590623,63702446862316
accept-in,2189050187356590623,63702446863471
accept-in,8394020536295509415,63702447669963
accept-in,8394020536295509415,63702447671044
accept-in,-1630705536640156100,63702448517118
accept-in,-1630705536640156100,63702448518313
accept-in,4605463742420236730,63702449307489
accept-in,4605463742420236730,63702449308574
accept-in,8214236405814804254,63702450118060
accept-in,8214236405814804254,63702450119179
accept-in,2068475876516244206,63702450963742
accept-in,2068475876516244206,63702450965182
accept-in,-4080900545280278343,63702451776239
accept-in,-4080900545280278343,63702451777637
accept-in,-5814269960021986213,63702452550534
accept-in,-5814269960021986213,63702452551727
accept-in,2881365161862858348,63702453364630
accept-in,2881365161862858348,63702453365739
accept-in,5709792288084591898,63702454148564
accept-in,5709792288084591898,63702454149584
accept-in,-509252814207744467,63702455023344
accept-in,-509252814207744467,63702455024467
accept-in,4950073194640629019,63702455834532
accept-in,4950073194640629019,63702455835612
accept-in,7821079236257336211,63702456671599
accept-in,7821079236257336211,63702456672716
accept-in,-5240260620699934001,63702457482318
accept-in,-5240260620699934001,63702457483417
accept-in,-2428155648459738268,63702458297355
accept-in,-2428155648459738268,63702458298482
accept-in,3563550885005903932,63702459110249
accept-in,3563550885005903932,63702459111606
accept-in,-5627362775784208614,63702460183844
accept-in,-5627362775784208614,63702460185034
accept-in,-590259439412186301,63702460710074
accept-in,-590259439412186301,63702460711033
accept-in,-3004653712569023780,63702461529586
accept-in,-3004653712569023780,63702461530790
accept-in,1869782783184623722,63702462359755
accept-in,1869782783184623722,63702462360685
accept-in,8110635290890763556,63702463157096
accept-in,8110635290890763556,63702463158241
accept-in,-8219699465034811489,63702463985761
accept-in,-8219699465034811489,63702463986961
accept-in,-2035921179220097786,63702464812526
accept-in,-2035921179220097786,63702464813719
accept-in,-1932585121178185375,63702465632672
accept-in,-1932585121178185375,63702465633753
accept-in,9089482023729494496,63702466463028
accept-in,9089482023729494496,63702466464196
accept-in,-3943201625325569674,63702467266098
accept-in,-3943201625325569674,63702467267165
accept-in,3659013250703711791,63702468066252
accept-in,3659013250703711791,63702468067297
accept-in,9909120388740854,63702468938551
accept-in,9909120388740854,63702468939543
accept-in,4242971049755507777,63702469746501
accept-in,4242971049755507777,63702469747544
accept-in,-2775725215964182625,63702470581963
accept-in,-2775725215964182625,63702470583016
accept-in,-4523053598849699414,63702471402189
accept-in,-4523053598849699414,63702471403439
accept-in,5571018276828976618,63702472345240
accept-in,5571018276828976618,63702472346281
accept-in,77018848044749379,63702473137835
accept-in,77018848044749379,63702473138929
accept-in,-5136369413710501442,63702473857724
accept-in,-5136369413710501442,63702473858854
accept-in,1980099134564366423,63702474691184
accept-in,1980099134564366423,63702474692346
accept-in,-8902206018005391913,63702475481766
accept-in,-8902206018005391913,63702475482788
accept-in,-8638552662246131067,63702476283394
accept-in,-8638552662246131067,63702476284549
accept-in,6275379431897895343,63702477078302
accept-in,6275379431897895343,63702477079245
accept-in,-5183923354637767338,63702477918011
accept-in,-5183923354637767338,63702477919277
accept-in,-2015919671312843556,63702478727898
accept-in,-2015919671312843556,63702478729030
accept-in,6260902316469574694,63702479555007
accept-in,6260902316469574694,63702479556156
accept-in,7026875034923605309,63702480363144
accept-in,7026875034923605309,63702480364232
accept-in,8119350511742220181,63702481216746
accept-in,8119350511742220181,63702481218137
accept-in,1724310512282952831,63702482019830
accept-in,1724310512282952831,63702482020947
accept-in,7271732109155880145,63702482868072
accept-in,7271732109155880145,63702482869267
accept-in,8994576427410709241,63702483646660
accept-in,8994576427410709241,63702483647902
accept-in,-7674016733888118810,63702484520621
accept-in,-7674016733888118810,63702484521828
accept-in,2512035622125298344,63702485588695
accept-in,2512035622125298344,63702485589903
accept-in,-2863753818396496979,63702486318837
accept-in,-2863753818396496979,63702486319944
accept-in,-2683455856964786503,63702487046761
accept-in,-2683455856964786503,63702487047758
accept-in,-4547434678991021446,63702487879568
accept-in,-4547434678991021446,63702487880564
accept-in,-5050219335179370441,63702488625925
accept-in,-5050219335179370441,63702488626927
accept-in,4164401149094729188,63702489498237
accept-in,4164401149094729188,63702489499292
accept-in,1163085886099117770,63702490301578
accept-in,1163085886099117770,63702490302576
accept-in,908926177338047376,63702491122721
accept-in,908926177338047376,63702491123832
accept-in,8386748438478262316,63702491954640
accept-in,8386748438478262316,63702491955633
accept-in,7328740957585954951,63702492761460
accept-in,7328740957585954951,63702492762525
accept-in,-4033712665122661840,63702493620224
accept-in,-4033712665122661840,63702493621281
accept-in,-9093184352929385550,63702494521739
accept-in,-9093184352929385550,63702494522798
accept-in,1412445304275165227,63702495324430
accept-in,1412445304275165227,63702495325436
accept-in,6664737264009637470,63702496169036
accept-in,6664737264009637470,63702496170194
accept-in,-2290874764250682232,63702496937144
accept-in,-2290874764250682232,63702496938161
accept-in,-3904408709736099607,63702497764303
accept-in,-3904408709736099607,63702497765406
accept-in,-4781082653411517558,63702498559031
accept-in,-4781082653411517558,63702498560064
accept-in,-1878622834578309336,63702499397527
accept-in,-1878622834578309336,63702499398606
accept-in,8097127038527093247,63702500198142
accept-in,8097127038527093247,63702500199252
accept-in,1473472393445757364,63702500989714
accept-in,1473472393445757364,63702500990799
accept-in,7575624037718976504,63702501775265
accept-in,7575624037718976504,63702501776291
accept-in,3728683373162294034,63702502604281
accept-in,3728683373162294034,63702502605356
accept-in,138657894325643333,63702503401321
accept-in,138657894325643333,63702503402378
accept-in,-5808001187273762649,63702504233761
accept-in,-5808001187273762649,63702504234893
accept-in,-763916367806205133,63702505020839
accept-in,-763916367806205133,63702505021929
accept-in,217267128993110331,63702505844382
accept-in,217267128993110331,63702505845432
accept-in,3991096208715884342,63702506633699
accept-in,3991096208715884342,63702506634691
accept-in,-10734707909943312,63702507590326
accept-in,-10734707909943312,63702507591432
accept-in,7127532945535123867,63702508498900
accept-in,7127532945535123867,63702508499930
accept-in,-2830812698461482648,63702509245090
accept-in,-2830812698461482648,63702509246080
accept-in,2789689992659811434,63702509975817
accept-in,2789689992659811434,63702509976784
accept-in,3469640192226270106,63702510639381
accept-in,3469640192226270106,63702510640506
accept-in,-6531306716522413623,63702511464046
accept-in,-6531306716522413623,63702511465112
accept-in,2193373336217707461,63702512267632
accept-in,2193373336217707461,63702512268746
accept-in,-5086665408641867123,63702513051207
accept-in,-5086665408641867123,63702513052284
accept-in,-7156589944682970396,63702513866247
accept-in,-7156589944682970396,63702513867359
accept-in,1637348439342659787,63702514657759
accept-in,1637348439342659787,63702514658798
accept-in,288668071192969071,63702515499180
accept-in,288668071192969071,63702515500266
accept-in,-2628821579057915662,63702516276931
accept-in,-2628821579057915662,63702516277852
accept-in,3538327652921324411,63702517088614
accept-in,3538327652921324411,63702517089704
accept-in,-4468859073482001899,63702517890860
accept-in,-4468859073482001899,63702517891905
accept-in,-2268792766250530096,63702518682447
accept-in,-2268792766250530096,63702518683519
accept-in,2959812047580888772,63702519519259
accept-in,2959812047580888772,63702519520327
accept-in,-5135647067187849495,63702520314737
accept-in,-5135647067187849495,63702520315862
accept-in,5858510582795155378,63702521112609
accept-in,5858510582795155378,63702521113785
accept-in,8561044972065451593,63702521910687
accept-in,8561044972065451593,63702521911895
accept-in,558772213605681377,63702522710200
accept-in,558772213605681377,63702522711229
accept-in,1693101713856133120,63702523482269
accept-in,1693101713856133120,63702523483401
accept-in,-4269812041337226464,63702524248197
accept-in,-4269812041337226464,63702524249351
accept-in,7146431546519286073,63702525024842
accept-in,7146431546519286073,63702525025818
accept-in,-1788467597389552850,63702525800345
accept-in,-1788467597389552850,63702525801309
accept-in,5074451905378152324,63702526587274
accept-in,5074451905378152324,63702526588404
accept-in,6933659421296557982,63702527353820
accept-in,6933659421296557982,63702527354840
accept-in,5442626010988585444,63702528198790
accept-in,5442626010988585444,63702528199841
accept-in,-4787679641368391240,63702528895799
accept-in,-4787679641368391240,63702528896809
accept-in,-2443814555099055032,63702529776942
accept-in,-2443814555099055032,63702529777937
accept-in,3061250270901488712,63702530775956
accept-in,3061250270901488712,63702530776973
accept-in,6735578006750227196,63702531321128
accept-in,6735578006750227196,63702531322177
accept-in,-4213463517757763981,63702532057745
accept-in,-4213463517757763981,63702532058794
accept-in,-5164675640663800435,63702532829770
accept-in,-5164675640663800435,63702532830808
accept-in,-8515424368670133559,63702533660863
accept-in,-8515424368670133559,63702533662216
accept-in,-9009448405383049362,63702534527851
accept-in,-9009448405383049362,63702534529123
accept-in,2999848977736936365,63702535188583
accept-in,2999848977736936365,63702535189580
accept-in,3117274971541624053,63702536026810
accept-in,3117274971541624053,63702536028042
accept-in,3574540892440118965,63702536894860
accept-in,3574540892440118965,63702536895925
accept-in,-2972530108838059209,63702537631745
accept-in,-2972530108838059209,63702537632857
accept-in,6336779126178730388,63702538438398
accept-in,6336779126178730388,63702538439480
accept-in,-1067211215243701517,63702539245891
accept-in,-1067211215243701517,63702539247118
accept-in,2733680019996526669,63702540030956
accept-in,2733680019996526669,63702540032138
accept-in,-7295909099569022304,63702540890635
accept-in,-7295909099569022304,63702540891938
accept-in,7159829957577769300,63702541762863
accept-in,7159829957577769300,63702541763944
accept-in,8716421913456065119,63702542573757
accept-in,8716421913456065119,63702542574941
accept-in,-38346430196441639,63702543374564
accept-in,-38346430196441639,63702543375590
accept-in,-5548433488844065858,63702544205339
accept-in,-5548433488844065858,63702544206745
accept-in,-6563371461817346420,63702544965581
accept-in,-6563371461817346420,63702544966817
accept-in,-295931199720112901,63702545773346
accept-in,-295931199720112901,63702545774495
accept-in,3311748751082850144,63702546582714
accept-in,3311748751082850144,63702546583858
accept-in,-7829334527239062569,63702547469397
accept-in,-7829334527239062569,63702547470445
accept-in,-1271817064799137264,63702548272285
accept-in,-1271817064799137264,63702548273297
accept-in,-7103381505270157609,63702549170438
accept-in,-7103381505270157609,63702549171762
accept-in,-8148640952735391047,63702550162120
accept-in,-8148640952735391047,63702550163274
accept-in,2065252216144176320,63702551148519
accept-in,2065252216144176320,63702551149680
accept-in,3300658050601275680,63702551993736
accept-in,3300658050601275680,63702551994929
accept-in,1708963476396036858,63702552692982
accept-in,1708963476396036858,63702552694108
accept-in,-4749230402721775264,63702553253128
accept-in,-4749230402721775264,63702553254366
accept-in,2826307100579042102,63702554074843
accept-in,2826307100579042102,63702554076036
accept-in,8928555175187948384,63702554923041
accept-in,8928555175187948384,63702554924091
accept-in,3427759391627411448,63702555692090
accept-in,3427759391627411448,63702555693330
accept-in,-2446969714164082695,63702556484294
accept-in,-2446969714164082695,63702556485379
accept-in,7265399782543338179,63702557298012
accept-in,7265399782543338179,63702557299107
accept-in,7444932637306784372,63702558142578
accept-in,7444932637306784372,63702558143668
accept-in,-636477689620413106,63702558970090
accept-in,-636477689620413106,63702558971193
accept-in,419770050148514931,63702559852116
accept-in,419770050148514931,63702559853361
accept-in,-8952978843642699401,63702560619214
accept-in,-8952978843642699401,63702560620353
accept-in,-1394670973828353162,63702561367989
accept-in,-1394670973828353162,63702561369146
accept-in,2563548513940431956,63702562179007
accept-in,2563548513940431956,63702562180217
accept-in,-2518298489348811758,63702563042903
accept-in,-2518298489348811758,63702563043980
accept-in,-4710280177206169376,63702563875577
accept-in,-4710280177206169376,63702563877005
accept-in,-1459456190726702788,63702564723184
accept-in,-1459456190726702788,63702564724301
accept-in,-7622269356960804566,63702565572455
accept-in,-7622269356960804566,63702565573682
accept-in,-3458177047579728099,63702566380463
accept-in,-3458177047579728099,63702566381541
accept-in,5778735829354867471,63702567208356
accept-in,5778735829354867471,63702567209813
accept-in,160007162587986476,63702568014106
accept-in,160007162587986476,63702568015339
accept-in,-3460421440077921485,63702568852792
accept-in,-3460421440077921485,63702568853943
accept-in,-8215345854758191540,63702569683468
accept-in,-8215345854758191540,63702569684673
accept-in,8235112055332803376,63702570570273
accept-in,8235112055332803376,63702570571240
accept-in,-7194898747535437060,63702571382633
accept-in,-7194898747535437060,63702571383728
accept-in,-7814868967447503147,63702572185429
accept-in,-7814868967447503147,63702572186552
accept-in,-756566265443196314,63702573021121
accept-in,-756566265443196314,63702573022411
accept-in,-8731233438553409922,63702574281940
accept-in,-8731233438553409922,63702574282935
accept-in,6526606291987485194,63702574593262
accept-in,6526606291987485194,63702574594095
accept-in,8745783547876989154,63702575484219
accept-in,8745783547876989154,63702575485284
accept-in,5194804507980069861,63702576284572
accept-in,5194804507980069861,63702576285720
accept-in,-902094335847896424,63702577116245
accept-in,-902094335847896424,63702577117352
accept-in,5436383469942634984,63702577981491
accept-in,5436383469942634984,63702577982560
accept-in,-4240306720573460746,63702578837057
accept-in,-4240306720573460746,63702578838175
accept-in,8712037255272725124,63702579630991
accept-in,8712037255272725124,63702579639593
accept-in,838167263103318985,63702580488052
accept-in,838167263103318985,63702580489172
accept-in,-675079284764921714,63702581284440
accept-in,-675079284764921714,63702581285614
accept-in,-8980875093069381448,63702582112854
accept-in,-8980875093069381448,63702582114144
accept-in,116931507794950314,63702582907354
accept-in,116931507794950314,63702582908488
accept-in,-3680033381236384076,63702583774454
accept-in,-3680033381236384076,63702583775567
accept-in,1529434670318866179,63702584587940
accept-in,1529434670318866179,63702584589019
accept-in,5616445365030659684,63702585388511
accept-in,5616445365030659684,63702585389708
accept-in,-7955065296531378255,63702586241797
accept-in,-7955065296531378255,63702586242871
accept-in,-6611004942824076395,63702587060482
accept-in,-6611004942824076395,63702587061635
accept-in,73025672188663659,63702587861855
accept-in,73025672188663659,63702587862933
accept-in,1031346591462210475,63702588669389
accept-in,1031346591462210475,63702588670567
accept-in,6827709720149589603,63702589463106
accept-in,6827709720149589603,63702589464181
accept-in,2075721572822009660,63702590311236
accept-in,2075721572822009660,63702590312247
accept-in,9079955033142710379,63702591112152
accept-in,9079955033142710379,63702591113659
accept-in,5254654024378265459,63702591930360
accept-in,5254654024378265459,63702591931653
accept-in,-3238310817683782849,63702592737418
accept-in,-3238310817683782849,63702592738555
accept-in,7161376342518915514,63702593554744
accept-in,7161376342518915514,63702593555888
accept-in,-8904217125024778348,63702594357951
accept-in,-8904217125024778348,63702594359302
accept-in,-3441754959735690393,63702595225441
accept-in,-3441754959735690393,63702595226623
accept-in,-1620351935805118612,63702596003415
accept-in,-1620351935805118612,63702596004546
accept-in,-1128714201607733236,63702596820448
accept-in,-1128714201607733236,63702596821667
accept-in,2734783865609516617,63702597948437
accept-in,2734783865609516617,63702597949725
accept-in,-4109499937718835859,63702598816418
accept-in,-4109499937718835859,63702598817519
accept-in,-8850823487650686963,63702599876870
accept-in,-8850823487650686963,63702599878037
accept-in,4787903153652590907,63702600108055
accept-in,4787903153652590907,63702600109006
accept-in,3400206277566870317,63702600915266
accept-in,3400206277566870317,63702600916293
accept-in,-8964313117699696973,63702601703460
accept-in,-8964313117699696973,63702601704613
accept-in,6739528133711342601,63702602475704
accept-in,6739528133711342601,63702602476747
accept-in,2664688228877556122,63702603316109
accept-in,2664688228877556122,63702603317204
accept-in,-5188135373495309743,63702604144246
accept-in,-5188135373495309743,63702604145316
accept-in,-1453673659653695478,63702604928101
accept-in,-1453673659653695478,63702604929226
accept-in,7436365696525233323,63702605718586
accept-in,7436365696525233323,63702605719540
accept-in,9117441588175645071,63702606580420
accept-in,9117441588175645071,63702606581395
accept-in,5708633199958234482,63702607328784
accept-in,5708633199958234482,63702607329804
accept-in,-3181039010331853335,63702608166881
accept-in,-3181039010331853335,63702608167967
accept-in,4463597432485881609,63702609032381
accept-in,4463597432485881609,63702609033356
accept-in,-8760736903801913939,63702609865361
accept-in,-8760736903801913939,63702609866458
accept-in,4326947850258929455,63702610731762
accept-in,4326947850258929455,63702610732728
accept-in,-6001321360296903567,63702611540057
accept-in,-6001321360296903567,63702611541156
accept-in,-4057218051911173116,63702612408648
accept-in,-4057218051911173116,63702612409661
accept-in,3924452482531349102,63702613278990
accept-in,3924452482531349102,63702613284776
accept-in,4853916888856799089,63702614127205
accept-in,4853916888856799089,63702614128272
accept-in,-8167049255994366396,63702615000388
accept-in,-8167049255994366396,63702615001515
accept-in,-760908127799439285,63702615796394
accept-in,-760908127799439285,63702615797383
accept-in,-8845252958357492658,63702616627078
accept-in,-8845252958357492658,63702616628109
accept-in,3769304499338047185,63702617445512
accept-in,3769304499338047185,63702617446546
accept-in,1402630450999805796,63702618236897
accept-in,1402630450999805796,63702618238127
accept-in,-3358880801127987707,63702619043410
accept-in,-3358880801127987707,63702619044486
accept-in,5042877375282300995,63702619848819
accept-in,5042877375282300995,63702619849871
accept-in,7208884704197034204,63702620918946
accept-in,7208884704197034204,63702620919989
accept-in,-1310645124581650531,63702621546347
accept-in,-1310645124581650531,63702621547435
accept-in,-1655576519148788593,63702622709859
accept-in,-1655576519148788593,63702622711019
accept-in,3243438204003315692,63702623067590
accept-in,3243438204003315692,63702623068437
accept-in,6248293520487308059,63702623877443
accept-in,6248293520487308059,63702623878572
accept-in,-1685936420206824147,63702624699780
accept-in,-1685936420206824147,63702624700850
accept-in,-5310994944905819424,63702625501070
accept-in,-5310994944905819424,63702625502112
accept-in,-2983120436738063046,63702626387234
accept-in,-2983120436738063046,63702626388189
accept-in,6651632438104294983,63702627266289
accept-in,6651632438104294983,63702627267310
accept-in,-1869616035417544862,63702628023417
accept-in,-1869616035417544862,63702628024540
accept-in,-8212909995202996462,63702628804518
accept-in,-8212909995202996462,63702628805613
accept-in,6488145799294990372,63702629603794
accept-in,6488145799294990372,63702629604887
accept-in,8865082135636564011,63702630371400
accept-in,8865082135636564011,63702630372407
accept-in,-790783183975584865,63702631164871
accept-in,-790783183975584865,63702631165928
accept-in,4462209225970338422,63702631947433
accept-in,4462209225970338422,63702631948506
accept-in,3916660516335179378,63702632721469
accept-in,3916660516335179378,63702632722507
accept-in,7397975796285195094,63702633526131
accept-in,7397975796285195094,63702633527632
accept-in,-3415908366927288723,63702634355156
accept-in,-3415908366927288723,63702634356511
accept-in,-3263230236476231624,63702635112360
accept-in,-3263230236476231624,63702635113626
accept-in,-9064823362992426062,63702635945510
accept-in,-9064823362992426062,63702635946632
accept-in,4782135770399825887,63702636686158
accept-in,4782135770399825887,63702636687268
accept-in,-2451223641332592663,63702637471213
accept-in,-2451223641332592663,63702637472386
accept-in,2807257738186387343,63702638235068
accept-in,2807257738186387343,63702638236135
accept-in,1992249539174279762,63702639060313
accept-in,1992249539174279762,63702639061458
accept-in,6485800733618795122,63702639892122
accept-in,6485800733618795122,63702639893212
accept-in,7341447005580920671,63702640725077
accept-in,7341447005580920671,63702640726238
accept-in,8859859923207556742,63702641486736
accept-in,8859859923207556742,63702641487835
accept-in,-7806502887133211408,63702642298983
accept-in,-7806502887133211408,63702642300048
accept-in,-4971483683159565834,63702643101291
accept-in,-4971483683159565834,63702643102467
accept-in,-5619142104705503869,63702643968572
accept-in,-5619142104705503869,63702643969814
accept-in,7718066836677789123,63702644594199
accept-in,7718066836677789123,63702644595278
accept-in,5656131891291791834,63702645776389
accept-in,5656131891291791834,63702645777472
accept-in,-7424386955903197697,63702646240675
accept-in,-7424386955903197697,63702646241757
accept-in,-8587245644828708541,63702647088582
accept-in,-8587245644828708541,63702647089634
