accept-in,-483914662177916163,2207600978231146
accept-in,-483914662177916163,2207600978234164
accept-in,4875433213685195607,2207600980351195
accept-in,4875433213685195607,2207600980354157
accept-in,4102907207657347680,2207600982187327
accept-in,4102907207657347680,2207600982190269
accept-in,-2416326314903346641,2207600984196757
accept-in,-2416326314903346641,2207600984199602
accept-in,3662539025851982911,2207600986227080
accept-in,3662539025851982911,2207600986230348
accept-in,-5342691730684993816,2207600988220860
accept-in,-5342691730684993816,2207600988223799
accept-in,1359779422771471454,2207600990206096
accept-in,1359779422771471454,2207600990209224
accept-in,-2531018083857872979,2207600992291612
accept-in,-2531018083857872979,2207600992295025
accept-in,-171377294350772284,2207600994208312
accept-in,-171377294350772284,2207600994211272
accept-in,-5410162991868299736,2207600996206738
accept-in,-5410162991868299736,2207600996209528
accept-in,-7590488279129485844,2207600998211227
accept-in,-7590488279129485844,2207600998214180
accept-in,4452590261552136822,2207601000278200
accept-in,4452590261552136822,2207601000281246
accept-in,-6781819260474025795,2207601002352588
accept-in,-6781819260474025795,2207601002355874
accept-in,-4541280346839595697,2207601004218028
accept-in,-4541280346839595697,2207601004220965
accept-in,5294507642556315853,2207601006499334
accept-in,5294507642556315853,2207601006503148
accept-in,-7238165765869094320,2207601008181081
accept-in,-7238165765869094320,2207601008183770
accept-in,-1311625315814318133,2207601010581061
accept-in,-1311625315814318133,2207601010584151
accept-in,2597182222010522394,2207601012197695
accept-in,2597182222010522394,2207601012209183
accept-in,-2458479464580499386,2207601014455188
accept-in,-2458479464580499386,2207601014458430
accept-in,-7167142602124048134,2207601016236247
accept-in,-7167142602124048134,2207601016239266
accept-in,523226307703883420,2207601018232167
accept-in,523226307703883420,2207601018235151
accept-in,-4948426292622038074,2207601020202669
accept-in,-4948426292622038074,2207601020205476
accept-in,3144360385366143751,2207601022227189
accept-in,3144360385366143751,2207601022229631
accept-in,3209795722057335245,2207601024142919
accept-in,3209795722057335245,2207601024145884
accept-in,6888787565530861888,2207601026201005
accept-in,6888787565530861888,2207601026203908
accept-in,3277090233206494963,2207601028231321
accept-in,3277090233206494963,2207601028234343
accept-in,2786395354120904398,2207601030306001
accept-in,2786395354120904398,2207601030309083
accept-in,-2542830171611251323,2207601032379367
accept-in,-2542830171611251323,2207601032382935
accept-in,6055742312673560314,2207601034253769
accept-in,6055742312673560314,2207601034256726
accept-in,-2936605343283344665,2207601036231151
accept-in,-2936605343283344665,2207601036234128
accept-in,-8832046116890674819,2207601038225687
accept-in,-8832046116890674819,2207601038228353
accept-in,9103692701128290164,2207601040765224
accept-in,9103692701128290164,2207601040768347
accept-in,-6285901373820782711,2207601042345818
accept-in,-6285901373820782711,2207601042349016
accept-in,4236809328962440879,2207601044201974
accept-in,4236809328962440879,2207601044205087
accept-in,-4423047465934014540,2207601046685357
accept-in,-4423047465934014540,2207601046688646
accept-in,5067398473066785593,2207601048210699
accept-in,5067398473066785593,2207601048213793
accept-in,-2936068557241118133,2207601050322731
accept-in,-2936068557241118133,2207601050325873
accept-in,-6162649683888657412,2207601052109861
accept-in,-6162649683888657412,2207601052112415
accept-in,-5230042276712191951,2207601054239683
accept-in,-5230042276712191951,2207601054242685
accept-in,-6184689516838622126,2207601056309693
accept-in,-6184689516838622126,2207601056312553
accept-in,-7846409838867977996,2207601058188123
accept-in,-7846409838867977996,2207601058191097
accept-in,-7955160311851609869,2207601060180788
accept-in,-7955160311851609869,2207601060183759
accept-in,7137361455251345896,2207601062470747
accept-in,7137361455251345896,2207601062473847
accept-in,6863444957218294290,2207601064155307
accept-in,6863444957218294290,2207601064158206
accept-in,-5183815175206262619,2207601066204436
accept-in,-5183815175206262619,2207601066207232
accept-in,-199404134466216519,2207601068135428
accept-in,-199404134466216519,2207601068138268
accept-in,-319258041154948574,2207601070502901
accept-in,-319258041154948574,2207601070505961
accept-in,-2023846446766658337,2207601072273268
accept-in,-2023846446766658337,2207601072276250
accept-in,8650286679559798696,2207601074192534
accept-in,8650286679559798696,2207601074195837
accept-in,5224794430059046742,2207601076205652
accept-in,5224794430059046742,2207601076208315
accept-in,6387372313950801008,2207601078355083
accept-in,6387372313950801008,2207601078357983
accept-in,-8792288418923503765,2207601080200970
accept-in,-8792288418923503765,2207601080203803
accept-in,-1232008206105601627,2207601082247476
accept-in,-1232008206105601627,2207601082250448
accept-in,-8122723343033655666,2207601084248520
accept-in,-8122723343033655666,2207601084251227
accept-in,5223128996533199585,2207601086244427
accept-in,5223128996533199585,2207601086247410
accept-in,-1138880852087018991,2207601088210824
accept-in,-1138880852087018991,2207601088213922
accept-in,-5544711939817353460,2207601090192751
accept-in,-5544711939817353460,2207601090195329
accept-in,8270602877540299071,2207601092206440
accept-in,8270602877540299071,2207601092209335
accept-in,112608109508059818,2207601094202125
accept-in,112608109508059818,2207601094205090
accept-in,3054104262726814691,2207601096331185
accept-in,3054104262726814691,2207601096334904
accept-in,5502894217644178799,2207601098188804
accept-in,5502894217644178799,2207601098191601
accept-in,-766735367738230109,2207601100198564
accept-in,-766735367738230109,2207601100201362
accept-in,-1020730810730446614,2207601102209576
accept-in,-1020730810730446614,2207601102212649
accept-in,-1473913434887307480,2207601104227461
accept-in,-1473913434887307480,2207601104230657
accept-in,-4479618558576368983,2207601106181134
accept-in,-4479618558576368983,2207601106184099
accept-in,4410485900086119413,2207601108182469
accept-in,4410485900086119413,2207601108185131
accept-in,-8775902110590802406,2207601110222680
accept-in,-8775902110590802406,2207601110225616
accept-in,1250024566438315909,2207601112221850
accept-in,1250024566438315909,2207601112224507
accept-in,-5065967353283415490,2207601114221771
accept-in,-5065967353283415490,2207601114224937
accept-in,-4531430445342797777,2207601116215869
accept-in,-4531430445342797777,2207601116218955
accept-in,-4066097105290474274,2207601118235068
accept-in,-4066097105290474274,2207601118238244
accept-in,-5024815708562792516,2207601120275309
accept-in,-5024815708562792516,2207601120278391
accept-in,-2705968565664706830,2207601122249341
accept-in,-2705968565664706830,2207601122252544
accept-in,104882887066613919,2207601129688795
accept-in,104882887066613919,2207601129693907
accept-in,5408524670561070038,2207601129695104
accept-in,5408524670561070038,2207601129695853
accept-in,1401561866821543512,2207601129696593
accept-in,1401561866821543512,2207601129697094
accept-in,3938631801749250965,2207601130542212
accept-in,3938631801749250965,2207601130544929
accept-in,266155779953944013,2207601132206216
accept-in,266155779953944013,2207601132209536
accept-in,8565749398430241704,2207601134531855
accept-in,8565749398430241704,2207601134535062
accept-in,-2185292445820397080,2207601136292341
accept-in,-2185292445820397080,2207601136295551
accept-in,-8205198514968283767,2207601138208596
accept-in,-8205198514968283767,2207601138211582
accept-in,-1283537082309721991,2207601140223585
accept-in,-1283537082309721991,2207601140226775
accept-in,8803026351393173439,2207601142190071
accept-in,8803026351393173439,2207601142193116
accept-in,1469525653054341294,2207601144237981
accept-in,1469525653054341294,2207601144240876
accept-in,-128637132110161310,2207601146192215
accept-in,-128637132110161310,2207601146194862
accept-in,5032862108481403746,2207601148224577
accept-in,5032862108481403746,2207601148227554
accept-in,5567039463963936757,2207601150190390
accept-in,5567039463963936757,2207601150193052
accept-in,-1920986254375083032,2207601152266496
accept-in,-1920986254375083032,2207601152269695
accept-in,3743504659732926151,2207601154598596
accept-in,3743504659732926151,2207601154601755
accept-in,3761543671667616353,2207601156198594
accept-in,3761543671667616353,2207601156201743
accept-in,6411548040227172004,2207601158356138
accept-in,6411548040227172004,2207601158358689
accept-in,-7528924019513444400,2207601160209746
accept-in,-7528924019513444400,2207601160212580
accept-in,788077752976221762,2207601162213956
accept-in,788077752976221762,2207601162217106
accept-in,-3247929567291786213,2207601164214415
accept-in,-3247929567291786213,2207601164217147
accept-in,7393335345246447480,2207601166200369
accept-in,7393335345246447480,2207601166203564
accept-in,-2387438894072744899,2207601168199220
accept-in,-2387438894072744899,2207601168202381
accept-in,2391263060970704161,2207601170167179
accept-in,2391263060970704161,2207601170169808
accept-in,1958940628231656657,2207601172238942
accept-in,1958940628231656657,2207601172241895
accept-in,5473738609384053483,2207601174219684
accept-in,5473738609384053483,2207601174222586
accept-in,-8816284315960922916,2207601176197120
accept-in,-8816284315960922916,2207601176200126
accept-in,-481888274345603049,2207601178193386
accept-in,-481888274345603049,2207601178195971
accept-in,6013955312079457779,2207601180196859
accept-in,6013955312079457779,2207601180200137
accept-in,1151398210662514587,2207601182816595
accept-in,1151398210662514587,2207601182819632
accept-in,-2052171167436258081,2207601184220089
accept-in,-2052171167436258081,2207601184223374
accept-in,2743146691270032323,2207601186154719
accept-in,2743146691270032323,2207601186157772
accept-in,71741080541294420,2207601188245626
accept-in,71741080541294420,2207601188248854
accept-in,4517501668543242394,2207601190176303
accept-in,4517501668543242394,2207601190179046
accept-in,6338319079196801521,2207601192238609
accept-in,6338319079196801521,2207601192241256
accept-in,7470337377231658312,2207601194281531
accept-in,7470337377231658312,2207601194284377
accept-in,-5070348354888847313,2207601196195661
accept-in,-5070348354888847313,2207601196198681
accept-in,3199111672119176696,2207601198338137
accept-in,3199111672119176696,2207601198341304
accept-in,-4355359060668213425,2207601200230889
accept-in,-4355359060668213425,2207601200234042
accept-in,-7146499564273897053,2207601202190003
accept-in,-7146499564273897053,2207601202192714
accept-in,1390823290146415952,2207601204200145
accept-in,1390823290146415952,2207601204202916
accept-in,-3551728227085598376,2207601206228809
accept-in,-3551728227085598376,2207601206231873
accept-in,-4177806710528066275,2207601208276674
accept-in,-4177806710528066275,2207601208280162
accept-in,-989287388112638064,2207601210222009
accept-in,-989287388112638064,2207601210224882
accept-in,2310291875485494103,2207601212205667
accept-in,2310291875485494103,2207601212208478
accept-in,-873197138301978532,2207601214182253
accept-in,-873197138301978532,2207601214184960
accept-in,-5451653967845433434,2207601216204452
accept-in,-5451653967845433434,2207601216207561
accept-in,-9076021464307956190,2207601218302926
accept-in,-9076021464307956190,2207601218306103
accept-in,6863976303169424780,2207601220200742
accept-in,6863976303169424780,2207601220203932
accept-in,-9033729638678164741,2207601222230754
accept-in,-9033729638678164741,2207601222233461
accept-in,-4781010733188578645,2207601224114268
accept-in,-4781010733188578645,2207601224117418
accept-in,-446905281868816871,2207601226216588
accept-in,-446905281868816871,2207601226219556
accept-in,2944753100382068215,2207601228267438
accept-in,2944753100382068215,2207601228269990
accept-in,-797046691181951728,2207601230386979
accept-in,-797046691181951728,2207601230389818
accept-in,6851893578814217465,2207601232180043
accept-in,6851893578814217465,2207601232183234
accept-in,-6542151970679288297,2207601234559664
accept-in,-6542151970679288297,2207601234562843
accept-in,3105739608897412557,2207601236759533
accept-in,3105739608897412557,2207601236762662
accept-in,2178775419217810020,2207601238898389
accept-in,2178775419217810020,2207601238901356
accept-in,1842508370409638978,2207601240262743
accept-in,1842508370409638978,2207601240265612
accept-in,-7848917477171196227,2207601242336693
accept-in,-7848917477171196227,2207601242340517
accept-in,3581294009340115820,2207601244210465
accept-in,3581294009340115820,2207601244213507
accept-in,-2235852168247976321,2207601246318758
accept-in,-2235852168247976321,2207601246321730
accept-in,5996722133333316172,2207601248201641
accept-in,5996722133333316172,2207601248204371
accept-in,5430576870581778519,2207601250194471
accept-in,5430576870581778519,2207601250197667
accept-in,6666612699573463305,2207601252192752
accept-in,6666612699573463305,2207601252195937
accept-in,-845271754457952427,2207601254220491
accept-in,-845271754457952427,2207601254223333
accept-in,-4754371671612954418,2207601256369410
accept-in,-4754371671612954418,2207601256372839
accept-in,-875421431428704446,2207601258422697
accept-in,-875421431428704446,2207601258425700
accept-in,595108515126044302,2207601260212896
accept-in,595108515126044302,2207601260215852
accept-in,-7880013234810039437,2207601262196910
accept-in,-7880013234810039437,2207601262199252
accept-in,4316532361309634936,2207601264871446
accept-in,4316532361309634936,2207601264874552
accept-in,-1535531102521910063,2207601266278701
accept-in,-1535531102521910063,2207601266281703
accept-in,3358808894669502680,2207601268224722
accept-in,3358808894669502680,2207601268227571
accept-in,3526811982676219868,2207601270185824
accept-in,3526811982676219868,2207601270188602
accept-in,8080749035666045127,2207601272211587
accept-in,8080749035666045127,2207601272214326
accept-in,6852171409612031754,2207601274265316
accept-in,6852171409612031754,2207601274268538
accept-in,3750916411518544274,2207601276171998
accept-in,3750916411518544274,2207601276175005
accept-in,5144517210006040895,2207601278158616
accept-in,5144517210006040895,2207601278160988
accept-in,-4300627160589181411,2207601280314152
accept-in,-4300627160589181411,2207601280317556
accept-in,-3417792833195929760,2207601282751763
accept-in,-3417792833195929760,2207601282755103
accept-in,5451611069363017181,2207601284324923
accept-in,5451611069363017181,2207601284328342
accept-in,8761527573541470746,2207601286209420
accept-in,8761527573541470746,2207601286212241
accept-in,3679834897751262196,2207601288202154
accept-in,3679834897751262196,2207601288205071
accept-in,4500249239831327269,2207601290199769
accept-in,4500249239831327269,2207601290202133
accept-in,-6082140914127197742,2207601292211074
accept-in,-6082140914127197742,2207601292214501
accept-in,253695404690579312,2207601294412849
accept-in,253695404690579312,2207601294416264
accept-in,-148292614816611500,2207601296647847
accept-in,-148292614816611500,2207601296650981
accept-in,3396908401692408811,2207601298226772
accept-in,3396908401692408811,2207601298229703
accept-in,8350204978126529946,2207601300325935
accept-in,8350204978126529946,2207601300329069
accept-in,-8125608109864785506,2207601302177380
accept-in,-8125608109864785506,2207601302180212
accept-in,5543701152207725651,2207601304213816
accept-in,5543701152207725651,2207601304216863
accept-in,-4227542474987976858,2207601306178969
accept-in,-4227542474987976858,2207601306181491
accept-in,4457396642022725319,2207601308291785
accept-in,4457396642022725319,2207601308301978
accept-in,-950170799597245238,2207601310182882
accept-in,-950170799597245238,2207601310185880
accept-in,-7903923070940339327,2207601312195393
accept-in,-7903923070940339327,2207601312198702
accept-in,5813886199437760501,2207601314175884
accept-in,5813886199437760501,2207601314178672
accept-in,6108233017608848355,2207601316195335
accept-in,6108233017608848355,2207601316198632
accept-in,5116628903011300614,2207601318200995
accept-in,5116628903011300614,2207601318203887
accept-in,-7908271473803275894,2207601320909836
accept-in,-7908271473803275894,2207601320912622
accept-in,-8241167710702248169,2207601322182464
accept-in,-8241167710702248169,2207601322185230
accept-in,1132351085253959966,2207601324207115
accept-in,1132351085253959966,2207601324210001
accept-in,-7138226370325422378,2207601326175469
accept-in,-7138226370325422378,2207601326178413
accept-in,-2162672629232232201,2207601328201281
accept-in,-2162672629232232201,2207601328204286
accept-in,-3849189854011027423,2207601330115842
accept-in,-3849189854011027423,2207601330118721
accept-in,3918682514142260180,2207601332190530
accept-in,3918682514142260180,2207601332193646
accept-in,8706037543521841552,2207601334199695
accept-in,8706037543521841552,2207601334202471
accept-in,4959701497705409808,2207601336178421
accept-in,4959701497705409808,2207601336181189
accept-in,4221224926374983809,2207601338172475
accept-in,4221224926374983809,2207601338175365
accept-in,8102058198823249518,2207601340205284
accept-in,8102058198823249518,2207601340208040
accept-in,8674514636689025677,2207601342210762
accept-in,8674514636689025677,2207601342213706
accept-in,-1167063040984320365,2207601344276556
accept-in,-1167063040984320365,2207601344279212
accept-in,-509053482689034233,2207601346249373
accept-in,-509053482689034233,2207601346252379
accept-in,-6732528373864957535,2207601348196140
accept-in,-6732528373864957535,2207601348199565
accept-in,-3038578038691631127,2207601350212976
accept-in,-3038578038691631127,2207601350215589
accept-in,-796873144760382679,2207601352225499
accept-in,-796873144760382679,2207601352232836
accept-in,-3226917050192428086,2207601354219471
accept-in,-3226917050192428086,2207601354223073
accept-in,-4807889161547601634,2207601356195371
accept-in,-4807889161547601634,2207601356198817
accept-in,1471495036758624025,2207601358182951
accept-in,1471495036758624025,2207601358185799
accept-in,5193364022269741302,2207601360328241
accept-in,5193364022269741302,2207601360331535
accept-in,-1050573699088856643,2207601362230790
accept-in,-1050573699088856643,2207601362234002
accept-in,1106390538396372062,2207601364230382
accept-in,1106390538396372062,2207601364233344
accept-in,399062593041825217,2207601366186089
accept-in,399062593041825217,2207601366189164
accept-in,-6781451252590229726,2207601368182978
accept-in,-6781451252590229726,2207601368186358
accept-in,4105671336685173238,2207601370237952
accept-in,4105671336685173238,2207601370240415
accept-in,4436553428810100386,2207601372536072
accept-in,4436553428810100386,2207601372539354
accept-in,3907661588831181113,2207601374233424
accept-in,3907661588831181113,2207601374236230
accept-in,-3336292334426006305,2207601376212580
accept-in,-3336292334426006305,2207601376215650
accept-in,-997987191112483846,2207601378198321
accept-in,-997987191112483846,2207601378201457
accept-in,-299583625106878729,2207601380191233
accept-in,-299583625106878729,2207601380194313
accept-in,-8184849508333343392,2207601382370509
accept-in,-8184849508333343392,2207601382373275
accept-in,-1835064990415030996,2207601384190403
accept-in,-1835064990415030996,2207601384193499
accept-in,3985273729461628082,2207601386080921
accept-in,3985273729461628082,2207601386083641
accept-in,-8338598450593122301,2207601388254300
accept-in,-8338598450593122301,2207601388257413
accept-in,-3883574954653474051,2207601390176769
accept-in,-3883574954653474051,2207601390179526
accept-in,-8214807824614810007,2207601392308518
accept-in,-8214807824614810007,2207601392311662
accept-in,-121530964543168401,2207601394849097
accept-in,-121530964543168401,2207601394852388
accept-in,7519366058758640971,2207601396411397
accept-in,7519366058758640971,2207601396414842
accept-in,2256617111702819497,2207601398186573
accept-in,2256617111702819497,2207601398189709
accept-in,969588369920407790,2207601400184853
accept-in,969588369920407790,2207601400187813
accept-in,-7261344391161220321,2207601402234494
accept-in,-7261344391161220321,2207601402237195
accept-in,-6961638148082885512,2207601405129655
accept-in,-6961638148082885512,2207601405132606
accept-in,-3525795020205297676,2207601406205115
accept-in,-3525795020205297676,2207601406207959
accept-in,8692775071552099138,2207601408275488
accept-in,8692775071552099138,2207601408278605
accept-in,4140779279783812577,2207601410188824
accept-in,4140779279783812577,2207601410191312
accept-in,-2815352988952192276,2207601412366993
accept-in,-2815352988952192276,2207601412370226
accept-in,-1883245881630769057,2207601414195744
accept-in,-1883245881630769057,2207601414198550
accept-in,-5667489897207315804,2207601416198875
accept-in,-5667489897207315804,2207601416201990
accept-in,-7499241873253878233,2207601418208113
accept-in,-7499241873253878233,2207601418211176
accept-in,8486133806869422142,2207601420207726
accept-in,8486133806869422142,2207601420210773
accept-in,-3114207377970754960,2207601422184572
accept-in,-3114207377970754960,2207601422187422
accept-in,1753900817240414015,2207601424387142
accept-in,1753900817240414015,2207601424390306
accept-in,-4489823472112232770,2207601426178937
accept-in,-4489823472112232770,2207601426182019
accept-in,-1089707252814308224,2207601428202977
accept-in,-1089707252814308224,2207601428206043
accept-in,8499517119739058820,2207601430198842
accept-in,8499517119739058820,2207601430201568
accept-in,-6140196819160117287,2207601432203065
accept-in,-6140196819160117287,2207601432206082
accept-in,-5501081204424587571,2207601434311698
accept-in,-5501081204424587571,2207601434314491
accept-in,8914858136371091487,2207601436355703
accept-in,8914858136371091487,2207601436358791
accept-in,5555315122088400986,2207601438215251
accept-in,5555315122088400986,2207601438218462
accept-in,6121207300829794187,2207601440221994
accept-in,6121207300829794187,2207601440225059
accept-in,-333541344337496364,2207601442164523
accept-in,-333541344337496364,2207601442167394
accept-in,8326142500372419540,2207601444273996
accept-in,8326142500372419540,2207601444276584
accept-in,-8143223053362041780,2207601446183129
accept-in,-8143223053362041780,2207601446186210
accept-in,-3350298750376658383,2207601448215545
accept-in,-3350298750376658383,2207601448218604
accept-in,-9144589622811862773,2207601450177537
accept-in,-9144589622811862773,2207601450180175
accept-in,-1528387112940532002,2207601452111410
accept-in,-1528387112940532002,2207601452116887
accept-in,5977301942706850147,2207601454158887
accept-in,5977301942706850147,2207601454161631
accept-in,5887958250036220754,2207601456448985
accept-in,5887958250036220754,2207601456451792
accept-in,-6523611520588617417,2207601458139674
accept-in,-6523611520588617417,2207601458142566
accept-in,7247520340302020152,2207601460195589
accept-in,7247520340302020152,2207601460198736
accept-in,3943137240556237630,2207601462182877
accept-in,3943137240556237630,2207601462185949
accept-in,5347037703230014230,2207601464170931
accept-in,5347037703230014230,2207601464173810
accept-in,-3440100558560508361,2207601466110341
accept-in,-3440100558560508361,2207601466112690
accept-in,-9034863417847522718,2207601468318326
accept-in,-9034863417847522718,2207601468321496
accept-in,-4797797280958393361,2207601470162471
accept-in,-4797797280958393361,2207601470165428
accept-in,-971932884329835165,2207601472192365
accept-in,-971932884329835165,2207601472195365
accept-in,5144695169633535267,2207601474215404
accept-in,5144695169633535267,2207601474218119
accept-in,-819165990217675682,2207601476208768
accept-in,-819165990217675682,2207601476211741
accept-in,-8965212605739929256,2207601478912386
accept-in,-8965212605739929256,2207601478915624
accept-in,8200012847147479367,2207601480182311
accept-in,8200012847147479367,2207601480185205
accept-in,-8468002187143876877,2207601482528266
accept-in,-8468002187143876877,2207601482531353
accept-in,93528908713996598,2207601484768189
accept-in,93528908713996598,2207601484771260
accept-in,-8367270760904535800,2207601486201730
accept-in,-8367270760904535800,2207601486204576
accept-in,7925770262676305252,2207601488213291
accept-in,7925770262676305252,2207601488216655
accept-in,5970505004548236106,2207601490757123
accept-in,5970505004548236106,2207601490760488
accept-in,-5489445313252849958,2207601492529535
accept-in,-5489445313252849958,2207601492532957
accept-in,-2121761944537078782,2207601494160577
accept-in,-2121761944537078782,2207601494163346
accept-in,7321895830021270109,2207601496248790
accept-in,7321895830021270109,2207601496251638
accept-in,-8094973594430502364,2207601498248910
accept-in,-8094973594430502364,2207601498251747
accept-in,536687250661209445,2207601500243038
accept-in,536687250661209445,2207601500245916
accept-in,279728796149374691,2207601502160060
accept-in,279728796149374691,2207601502162822
accept-in,7945497979357203936,2207601504242867
accept-in,7945497979357203936,2207601504246064
accept-in,2900552282294775541,2207601506163840
accept-in,2900552282294775541,2207601506166369
accept-in,-1827862873537461056,2207601508180480
accept-in,-1827862873537461056,2207601508183451
accept-in,-1614496413592982272,2207601511068276
accept-in,-1614496413592982272,2207601511071992
accept-in,1110217392905523986,2207601512107481
accept-in,1110217392905523986,2207601512110519
accept-in,3471606889349722190,2207601514168037
accept-in,3471606889349722190,2207601514170761
accept-in,5614347842589799313,2207601516200180
accept-in,5614347842589799313,2207601516203197
accept-in,3221040099680610902,2207601518184425
accept-in,3221040099680610902,2207601518187031
accept-in,-4974295366482102810,2207601520296373
accept-in,-4974295366482102810,2207601520299567
accept-in,3166569588064119051,2207601522704065
accept-in,3166569588064119051,2207601522707574
accept-in,-7514200709325752415,2207601524706880
accept-in,-7514200709325752415,2207601524710160
accept-in,-8728076800464292398,2207601526158642
accept-in,-8728076800464292398,2207601526161252
accept-in,-1810221864747063843,2207601528252746
accept-in,-1810221864747063843,2207601528256577
accept-in,7171724784746906904,2207601530137989
accept-in,7171724784746906904,2207601530140940
accept-in,-4755469736108286100,2207601532185641
accept-in,-4755469736108286100,2207601532188724
accept-in,3032049819908969507,2207601534764370
accept-in,3032049819908969507,2207601534767046
accept-in,7693321089333135515,2207601536366701
accept-in,7693321089333135515,2207601536369432
accept-in,8186903431588303515,2207601538808448
accept-in,8186903431588303515,2207601538811489
accept-in,-1235049418097552227,2207601541874376
accept-in,-1235049418097552227,2207601541877582
accept-in,-7809123148253202656,2207601543347618
accept-in,-7809123148253202656,2207601543350468
accept-in,7473055448516059280,2207601545577626
accept-in,7473055448516059280,2207601545580626
accept-in,5464067991878005690,2207601547396711
accept-in,5464067991878005690,2207601547399510
accept-in,2744409923609712798,2207601549521007
accept-in,2744409923609712798,2207601549523818
accept-in,3095014531724951234,2207601550293467
accept-in,3095014531724951234,2207601550297544
accept-in,-4144256205213735615,2207601552238113
accept-in,-4144256205213735615,2207601552241451
accept-in,-2014232234063307542,2207601554243283
accept-in,-2014232234063307542,2207601554246519
accept-in,3585456449865604331,2207601556266723
accept-in,3585456449865604331,2207601556274450
accept-in,-9156209073512142356,2207601558284913
accept-in,-9156209073512142356,2207601558288224
accept-in,-8490384477046754786,2207601560398269
accept-in,-8490384477046754786,2207601560401600
accept-in,-316479011750614107,2207601562210754
accept-in,-316479011750614107,2207601562213699
accept-in,3211260171398830301,2207601564258419
accept-in,3211260171398830301,2207601564261193
accept-in,8998739428219541174,2207601566204111
accept-in,8998739428219541174,2207601566206940
accept-in,7322198340083292390,2207601568237666
accept-in,7322198340083292390,2207601568240340
accept-in,5553308256949003064,2207601570866468
accept-in,5553308256949003064,2207601570869834
accept-in,-6634767669445921127,2207601572212961
accept-in,-6634767669445921127,2207601572216295
accept-in,-3429884713424071898,2207601574194364
accept-in,-3429884713424071898,2207601574197211
accept-in,-6752270724516286362,2207601576414600
accept-in,-6752270724516286362,2207601576418000
accept-in,7710657612014498409,2207601578214050
accept-in,7710657612014498409,2207601578216878
accept-in,-6636162063065076311,2207601580819162
accept-in,-6636162063065076311,2207601580822632
accept-in,-6392923867972062342,2207601582184778
accept-in,-6392923867972062342,2207601582187569
accept-in,799723022427695842,2207601584214526
accept-in,799723022427695842,2207601584217785
accept-in,3618392704844802717,2207601586229845
accept-in,3618392704844802717,2207601586232829
accept-in,1318142905237266277,2207601588229291
accept-in,1318142905237266277,2207601588232608
accept-in,5185537062878051332,2207601590205082
accept-in,5185537062878051332,2207601590208304
accept-in,6178016178282339989,2207601592280646
accept-in,6178016178282339989,2207601592283357
accept-in,1063826369811459007,2207601594279876
accept-in,1063826369811459007,2207601594282681
accept-in,-7379752871579247008,2207601596221442
accept-in,-7379752871579247008,2207601596231417
accept-in,-2509200162575328333,2207601598202379
accept-in,-2509200162575328333,2207601598205338
accept-in,2104011061321719687,2207601600211667
accept-in,2104011061321719687,2207601600214543
accept-in,-5352153100872270563,2207601602178902
accept-in,-5352153100872270563,2207601602181418
accept-in,-2832465311767747219,2207601605687952
accept-in,-2832465311767747219,2207601605690921
accept-in,-5632533788502819225,2207601606196062
accept-in,-5632533788502819225,2207601606198224
accept-in,-4283515142684839882,2207601608303590
accept-in,-4283515142684839882,2207601608306818
accept-in,4075161764064595350,2207601610148722
accept-in,4075161764064595350,2207601610151768
accept-in,-634089010622500453,2207601612233926
accept-in,-634089010622500453,2207601612236578
accept-in,-2531173557873852299,2207601614563153
accept-in,-2531173557873852299,2207601614566036
accept-in,4451997423232203762,2207601616224803
accept-in,4451997423232203762,2207601616227999
accept-in,-4505143029429296255,2207601618419064
accept-in,-4505143029429296255,2207601618421870
accept-in,3064487506639388848,2207601620259290
accept-in,3064487506639388848,2207601620262284
accept-in,8892071503927558108,2207601622197950
accept-in,8892071503927558108,2207601622200971
accept-in,7584646747097556203,2207601624192764
accept-in,7584646747097556203,2207601624195678
accept-in,6757180689980589510,2207601626193527
accept-in,6757180689980589510,2207601626196266
accept-in,-5033546786179785851,2207601628203226
accept-in,-5033546786179785851,2207601628206906
accept-in,-2337642780184741169,2207601630200303
accept-in,-2337642780184741169,2207601630203350
accept-in,-1337587256256597827,2207601632223385
accept-in,-1337587256256597827,2207601632226510
accept-in,-8577121039848323901,2207601634697790
accept-in,-8577121039848323901,2207601634701113
accept-in,3043531442320407122,2207601636208482
accept-in,3043531442320407122,2207601636211700
accept-in,1585586958955953812,2207601638188212
accept-in,1585586958955953812,2207601638191283
accept-in,-7400486598411934117,2207601640234312
accept-in,-7400486598411934117,2207601640237093
accept-in,-8796963053020384784,2207601642171986
accept-in,-8796963053020384784,2207601642174890
accept-in,-8117264573659645884,2207601644180851
accept-in,-8117264573659645884,2207601644183944
accept-in,-1664485261206699169,2207601646196790
accept-in,-1664485261206699169,2207601646199681
accept-in,5457958143949430975,2207601648225802
accept-in,5457958143949430975,2207601648228718
accept-in,-8384898390668760618,2207601650222222
accept-in,-8384898390668760618,2207601650225304
accept-in,-356648731757204421,2207601652193907
accept-in,-356648731757204421,2207601652204670
accept-in,5145889488801470115,2207601654183970
accept-in,5145889488801470115,2207601654186837
accept-in,4869267415072137635,2207601656177707
accept-in,4869267415072137635,2207601656180828
accept-in,-1992905526350126008,2207601658182233
accept-in,-1992905526350126008,2207601658185011
accept-in,6132435951244008418,2207601660246631
accept-in,6132435951244008418,2207601660249798
accept-in,-5155570663070486997,2207601662187164
accept-in,-5155570663070486997,2207601662189700
accept-in,-2122267940446632916,2207601664669312
accept-in,-2122267940446632916,2207601664672914
accept-in,-4232579135095261478,2207601669853621
accept-in,-4232579135095261478,2207601669856676
accept-in,-4081242612260017456,2207601669857853
accept-in,-4081242612260017456,2207601669858710
accept-in,498806991750565539,2207601670231129
accept-in,498806991750565539,2207601670233418
accept-in,3497260306019340770,2207601672578724
accept-in,3497260306019340770,2207601672581473
accept-in,-8615069077836205581,2207601674199409
accept-in,-8615069077836205581,2207601674202115
accept-in,-5073980405804988536,2207601676200021
accept-in,-5073980405804988536,2207601676202635
accept-in,7160482499806331812,2207601678206211
accept-in,7160482499806331812,2207601678209055
accept-in,1527336744365316485,2207601680232336
accept-in,1527336744365316485,2207601680235084
accept-in,2126784010195031384,2207601682286148
accept-in,2126784010195031384,2207601682289209
accept-in,-2827344592242981878,2207601684271106
accept-in,-2827344592242981878,2207601684273980
accept-in,2070828642753397308,2207601686400964
accept-in,2070828642753397308,2207601686403884
accept-in,9195593700652035357,2207601688243586
accept-in,9195593700652035357,2207601688246517
accept-in,-7226143607067997150,2207601690255245
accept-in,-7226143607067997150,2207601690258743
accept-in,-3231893316365897110,2207601692239156
accept-in,-3231893316365897110,2207601692242173
accept-in,-6764972080570923604,2207601694190127
accept-in,-6764972080570923604,2207601694193111
accept-in,-364368263202401057,2207601696243450
accept-in,-364368263202401057,2207601696246454
accept-in,1363234752523376415,2207601698287101
accept-in,1363234752523376415,2207601698290346
accept-in,-8971980401535130054,2207601700254572
accept-in,-8971980401535130054,2207601700257780
accept-in,7071269823659480780,2207601705377220
accept-in,7071269823659480780,2207601705380538
accept-in,-2414933294646980947,2207601705381512
accept-in,-2414933294646980947,2207601705382259
accept-in,8630218425621403016,2207601707921744
accept-in,8630218425621403016,2207601707924596
accept-in,7012057193083108606,2207601708259957
accept-in,7012057193083108606,2207601708262706
accept-in,4241117297840956387,2207601710233853
accept-in,4241117297840956387,2207601710237073
accept-in,-1720519415103523840,2207601712221957
accept-in,-1720519415103523840,2207601712224768
accept-in,9026904270688908698,2207601714312295
accept-in,9026904270688908698,2207601714315247
accept-in,3484753517050735674,2207601716209183
accept-in,3484753517050735674,2207601716212047
accept-in,2284156926515370185,2207601718618530
accept-in,2284156926515370185,2207601718621194
accept-in,-8789800361766444252,2207601720229194
accept-in,-8789800361766444252,2207601720231782
accept-in,-2234292745843684785,2207601722215888
accept-in,-2234292745843684785,2207601722218798
accept-in,-3986656885992904579,2207601724498028
accept-in,-3986656885992904579,2207601724501374
accept-in,8870495848431891243,2207601726198078
accept-in,8870495848431891243,2207601726200883
accept-in,-5127595813730975319,2207601728151698
accept-in,-5127595813730975319,2207601728154324
accept-in,-8603871884950669997,2207601730648840
accept-in,-8603871884950669997,2207601730652156
accept-in,3167324940975131562,2207601732696858
accept-in,3167324940975131562,2207601732699993
accept-in,7125130196468383094,2207601734467979
accept-in,7125130196468383094,2207601734470322
accept-in,8306280784739027928,2207601736219553
accept-in,8306280784739027928,2207601736222337
accept-in,7691919274295277277,2207601738192003
accept-in,7691919274295277277,2207601738194659
accept-in,-1041959522589310361,2207601740237966
accept-in,-1041959522589310361,2207601740240704
accept-in,3277314148905018307,2207601742173729
accept-in,3277314148905018307,2207601742176693
accept-in,4267608700172166040,2207601744212935
accept-in,4267608700172166040,2207601744215713
accept-in,1051510316876501193,2207601746754620
accept-in,1051510316876501193,2207601746757402
accept-in,5487627104174537891,2207601748284443
accept-in,5487627104174537891,2207601748287420
accept-in,1564354962881320618,2207601750177462
accept-in,1564354962881320618,2207601750180263
accept-in,-5645249205663928515,2207601752186434
accept-in,-5645249205663928515,2207601752189351
accept-in,-5429455203983584512,2207601754213127
accept-in,-5429455203983584512,2207601754215858
accept-in,-7603788568339017292,2207601756200148
accept-in,-7603788568339017292,2207601756202775
accept-in,5907759990707255596,2207601758250059
accept-in,5907759990707255596,2207601758252832
accept-in,-810641056812861870,2207601760237556
accept-in,-810641056812861870,2207601760240494
accept-in,4510683359676517721,2207601762162685
accept-in,4510683359676517721,2207601762165998
accept-in,-4364428053295423181,2207601764201733
accept-in,-4364428053295423181,2207601764204642
accept-in,-2638714530286733101,2207601766189141
accept-in,-2638714530286733101,2207601766192056
accept-in,6686070531095167731,2207601768197292
accept-in,6686070531095167731,2207601768200016
accept-in,-4946455125478330339,2207601770130447
accept-in,-4946455125478330339,2207601770132744
accept-in,6077268070503974926,2207601772209955
accept-in,6077268070503974926,2207601772212924
accept-in,56821576923780715,2207601774170164
accept-in,56821576923780715,2207601774173025
accept-in,4719170157568304150,2207601776175891
accept-in,4719170157568304150,2207601776178792
accept-in,-3530542508468192156,2207600778270744
accept-in,-3530542508468192156,2207600778274056
accept-in,3200763482212295225,2207600780279169
accept-in,3200763482212295225,2207600780282320
accept-in,2470376307435962837,2207600782689405
accept-in,2470376307435962837,2207600782692577
accept-in,-1438065072801754823,2207600784315737
accept-in,-1438065072801754823,2207600784318701
accept-in,1718142900841418968,2207600786244228
accept-in,1718142900841418968,2207600786247232
accept-in,-3163590582689965742,2207600788347740
accept-in,-3163590582689965742,2207600788350915
accept-in,2867403579396440007,2207600790274879
accept-in,2867403579396440007,2207600790277983
accept-in,9162378712683578584,2207600792233683
accept-in,9162378712683578584,2207600792236993
accept-in,-892735177094859409,2207600794250003
accept-in,-892735177094859409,2207600794260699
accept-in,1106448425904638104,2207600796249530
accept-in,1106448425904638104,2207600796252192
accept-in,-3392966516816134610,2207600798245628
accept-in,-3392966516816134610,2207600798248722
accept-in,3332777469192681216,2207600800314148
accept-in,3332777469192681216,2207600800317468
accept-in,-5383167733960534146,2207600802215743
accept-in,-5383167733960534146,2207600802218827
accept-in,6464024558207817298,2207600804218301
accept-in,6464024558207817298,2207600804221218
accept-in,2352321377607524739,2207600806249785
accept-in,2352321377607524739,2207600806252641
accept-in,361818564554181528,2207600808202905
accept-in,361818564554181528,2207600808205422
accept-in,6341559137516451170,2207600810203983
accept-in,6341559137516451170,2207600810206773
accept-in,2722918855757544852,2207600812224483
accept-in,2722918855757544852,2207600812227183
accept-in,-1725182892326763094,2207600814239016
accept-in,-1725182892326763094,2207600814242260
accept-in,-555714550720294780,2207600816192870
accept-in,-555714550720294780,2207600816195993
accept-in,6604409068966925299,2207600818215843
accept-in,6604409068966925299,2207600818218742
accept-in,-6064121559215018783,2207600820220275
accept-in,-6064121559215018783,2207600820223222
accept-in,-7862422160153475293,2207600822232303
accept-in,-7862422160153475293,2207600822235167
accept-in,8291631161744428932,2207600824209699
accept-in,8291631161744428932,2207600824212643
accept-in,-4206559638358597512,2207600826222708
accept-in,-4206559638358597512,2207600826225447
accept-in,-4356673131498897159,2207600828211923
accept-in,-4356673131498897159,2207600828214813
accept-in,5623795508879075671,2207600830213872
accept-in,5623795508879075671,2207600830216802
accept-in,-8345331555007349134,2207600832191717
accept-in,-8345331555007349134,2207600832194656
accept-in,3859279466572771617,2207600834245751
accept-in,3859279466572771617,2207600834248687
accept-in,-5097878785290700409,2207600836217629
accept-in,-5097878785290700409,2207600836220478
accept-in,-773345488199652674,2207600838209324
accept-in,-773345488199652674,2207600838212261
accept-in,-1125470000022130528,2207600840191178
accept-in,-1125470000022130528,2207600840193774
accept-in,8894006047692976332,2207600842252740
accept-in,8894006047692976332,2207600842255567
accept-in,-3932619949865532092,2207600844163902
accept-in,-3932619949865532092,2207600844166828
accept-in,5981800197238197334,2207600846220713
accept-in,5981800197238197334,2207600846223920
accept-in,2556655987915608983,2207600848191527
accept-in,2556655987915608983,2207600848194446
accept-in,7863508645916591463,2207600850192933
accept-in,7863508645916591463,2207600850195939
accept-in,-5755162386983104761,2207600852225163
accept-in,-5755162386983104761,2207600852227898
accept-in,-7758387709222207592,2207600854251624
accept-in,-7758387709222207592,2207600854254599
accept-in,5735806780579221609,2207600856211508
accept-in,5735806780579221609,2207600856214414
accept-in,-4147833133789527499,2207600858179458
accept-in,-4147833133789527499,2207600858182024
accept-in,5833806816411393734,2207600860196156
accept-in,5833806816411393734,2207600860208173
accept-in,-8724665841087600613,2207600862203131
accept-in,-8724665841087600613,2207600862206062
accept-in,-4307528150739582989,2207600864286688
accept-in,-4307528150739582989,2207600864289671
accept-in,-6961309927873420306,2207600866302809
accept-in,-6961309927873420306,2207600866309911
accept-in,-2823708803036036153,2207600868202299
accept-in,-2823708803036036153,2207600868205443
accept-in,-5982674697680484325,2207600870219439
accept-in,-5982674697680484325,2207600870222007
accept-in,-6450077600340722325,2207600872261326
accept-in,-6450077600340722325,2207600872265292
accept-in,8243032319210611050,2207600874188889
accept-in,8243032319210611050,2207600874191732
accept-in,-1106545728853062830,2207600876214703
accept-in,-1106545728853062830,2207600876217622
accept-in,-6925032437827367309,2207600878252445
accept-in,-6925032437827367309,2207600878255375
accept-in,-3617475700197377174,2207600880198142
accept-in,-3617475700197377174,2207600880201123
accept-in,1871478955734334909,2207600882203768
accept-in,1871478955734334909,2207600882206842
accept-in,5037740849806861698,2207600884196272
accept-in,5037740849806861698,2207600884199037
accept-in,-1201417503995033082,2207600886256302
accept-in,-1201417503995033082,2207600886259148
accept-in,-7898036884434793167,2207600888232699
accept-in,-7898036884434793167,2207600888235855
accept-in,-2084034153287021125,2207600890218232
accept-in,-2084034153287021125,2207600890221023
accept-in,3218671299709136238,2207600892194305
accept-in,3218671299709136238,2207600892197154
accept-in,9013550257475040286,2207600894228638
accept-in,9013550257475040286,2207600894231406
accept-in,5220468838138780123,2207600896203537
accept-in,5220468838138780123,2207600896206074
accept-in,-3731165789470339485,2207600898287829
accept-in,-3731165789470339485,2207600898291097
accept-in,4012595652291661490,2207600900230973
accept-in,4012595652291661490,2207600900233803
accept-in,921660574228498004,2207600902447873
accept-in,921660574228498004,2207600902450996
accept-in,23580234814885354,2207600904196186
accept-in,23580234814885354,2207600904199326
accept-in,1066850844667731874,2207600906226495
accept-in,1066850844667731874,2207600906229030
accept-in,-4963213295177150072,2207600908227505
accept-in,-4963213295177150072,2207600908230306
accept-in,3439167814575687880,2207600910214608
accept-in,3439167814575687880,2207600910217322
accept-in,-2229846281415960392,2207600912382053
accept-in,-2229846281415960392,2207600912385278
accept-in,-7451452280541676180,2207600914195364
accept-in,-7451452280541676180,2207600914198182
accept-in,6028269306127613353,2207600916356134
accept-in,6028269306127613353,2207600916359312
accept-in,-8944630469093130834,2207600918280895
accept-in,-8944630469093130834,2207600918284246
accept-in,4990414137360659388,2207600920224918
accept-in,4990414137360659388,2207600920227806
accept-in,-588164842986042318,2207600922246350
accept-in,-588164842986042318,2207600922249245
accept-in,6428568620014949612,2207600924335535
accept-in,6428568620014949612,2207600924338762
accept-in,8428141578120561482,2207600926455075
accept-in,8428141578120561482,2207600926458117
accept-in,-2329308319132728119,2207600928830930
accept-in,-2329308319132728119,2207600928834023
accept-in,4494423794560679384,2207600930797968
accept-in,4494423794560679384,2207600930801175
accept-in,-5667234491408926135,2207600932191804
accept-in,-5667234491408926135,2207600932194738
accept-in,2721745621813009502,2207600934250666
accept-in,2721745621813009502,2207600934253671
accept-in,6495314566168755784,2207600936197184
accept-in,6495314566168755784,2207600936199897
accept-in,3078649056890690377,2207600938213017
accept-in,3078649056890690377,2207600938215803
accept-in,3628794143607483829,2207600940227849
accept-in,3628794143607483829,2207600940230977
accept-in,-5274577195093899685,2207600942692622
accept-in,-5274577195093899685,2207600942696659
accept-in,558350318514390424,2207600944689103
accept-in,558350318514390424,2207600944692452
accept-in,5263120762933617486,2207600946246938
accept-in,5263120762933617486,2207600946250223
accept-in,-2378865588120945249,2207600948307902
accept-in,-2378865588120945249,2207600948311090
accept-in,4226673730635714667,2207600950338044
accept-in,4226673730635714667,2207600950341349
accept-in,3284907105626444851,2207600952198970
accept-in,3284907105626444851,2207600952201611
accept-in,9017084953701414822,2207600954209854
accept-in,9017084953701414822,2207600954212897
accept-in,6438953975234278844,2207600956233576
accept-in,6438953975234278844,2207600956236573
accept-in,-9155371735632333886,2207600958245209
accept-in,-9155371735632333886,2207600958248053
accept-in,7628430771937783683,2207600960209588
accept-in,7628430771937783683,2207600960212752
accept-in,2242549544686595111,2207600962224580
accept-in,2242549544686595111,2207600962227803
accept-in,6357885173341644924,2207600964242016
accept-in,6357885173341644924,2207600964245066
accept-in,-4030164636098937080,2207600966223270
accept-in,-4030164636098937080,2207600966226427
accept-in,1009494636123593978,2207600968215802
accept-in,1009494636123593978,2207600968218618
accept-in,-4168577715732950592,2207600970819936
accept-in,-4168577715732950592,2207600970823265
accept-in,7863851871960277175,2207600972205140
accept-in,7863851871960277175,2207600972208106
accept-in,-9132025191879607246,2207600974242148
accept-in,-9132025191879607246,2207600974245423
accept-in,8991342414674293267,2207600976418692
accept-in,8991342414674293267,2207600976421605
