accept-in,-6223600970201904522,13511842785368052
accept-in,-6223600970201904522,13511842785371591
accept-in,-6302919612285523706,13511842836148699
accept-in,-6302919612285523706,13511842836156367
accept-in,-8029928953411038091,13511842866596147
accept-in,-8029928953411038091,13511842866602572
accept-in,4253391327878633052,13511842872716413
accept-in,4253391327878633052,13511842872719992
accept-in,-8490191183185437762,13511842877983812
accept-in,-8490191183185437762,13511842877987350
accept-in,216256065296112785,13511842880156312
accept-in,216256065296112785,13511842880160056
accept-in,7616525574750515344,13511842908511355
accept-in,7616525574750515344,13511842908525015
accept-in,253882330359912042,13511842911846767
accept-in,253882330359912042,13511842911850352
accept-in,-620480684996624722,13511842912777595
accept-in,-620480684996624722,13511842912780781
accept-in,4812956361949679645,13511842912979026
accept-in,4812956361949679645,13511842912981994
accept-in,8144940261584982422,13511842917822333
accept-in,8144940261584982422,13511842917826216
accept-in,-7221821898761458105,13511842918811040
accept-in,-7221821898761458105,13511842918814440
accept-in,-15853152092733874,13511842920243900
accept-in,-15853152092733874,13511842920247405
accept-in,5880775527481696171,13511842935131183
accept-in,5880775527481696171,13511842935135082
accept-in,-5368250264752339140,13511842938840723
accept-in,-5368250264752339140,13511842938844204
accept-in,-6510326359640852671,13511842940768033
accept-in,-6510326359640852671,13511842940771337
accept-in,7033258149987551398,13511842970994365
accept-in,7033258149987551398,13511842970999888
accept-in,2541058152841895552,13511842979574825
accept-in,2541058152841895552,13511842979578382
accept-in,7626134183537986996,13511843010983972
accept-in,7626134183537986996,13511843010992004
accept-in,1718150240030901129,13511843011556793
accept-in,1718150240030901129,13511843011560363
accept-in,-8542123698654645383,13511843022682973
accept-in,-8542123698654645383,13511843022686477
accept-in,2734195106220455227,13511843024615143
accept-in,2734195106220455227,13511843024618893
accept-in,-8776317827255906663,13511843028165401
accept-in,-8776317827255906663,13511843028169097
accept-in,5168401302226846164,13511843060241911
accept-in,5168401302226846164,13511843060248875
accept-in,-4869095204870465526,13511843061485715
accept-in,-4869095204870465526,13511843061489493
accept-in,1250079750801464702,13511843063327494
accept-in,1250079750801464702,13511843063331791
accept-in,-7364840006263758363,13511843071512384
accept-in,-7364840006263758363,13511843071516155
accept-in,-4321938499173964129,13511843071953760
accept-in,-4321938499173964129,13511843071956958
accept-in,4453984262840354213,13511843080710658
accept-in,4453984262840354213,13511843080716615
accept-in,-7168263349507212237,13511843094517977
accept-in,-7168263349507212237,13511843094526595
accept-in,-8639488149299119906,13511843095858850
accept-in,-8639488149299119906,13511843095861727
accept-in,6582983819482877849,13511843107443020
accept-in,6582983819482877849,13511843107447007
accept-in,-3706164525864518261,13511843124290104
accept-in,-3706164525864518261,13511843124295225
accept-in,7376925183258531247,13511843131153468
accept-in,7376925183258531247,13511843131157518
accept-in,-7882494309924490070,13511843152979347
accept-in,-7882494309924490070,13511843152983777
accept-in,-3166096774644927054,13511843165477396
accept-in,-3166096774644927054,13511843165481161
accept-in,6657112096794341315,13511843174429609
accept-in,6657112096794341315,13511843174433266
accept-in,4131488540841043865,13511843212603077
accept-in,4131488540841043865,13511843212607732
accept-in,7226243010328983088,13511843224573786
accept-in,7226243010328983088,13511843224581321
accept-in,-4248809561796377931,13511843237337580
accept-in,-4248809561796377931,13511843237341095
accept-in,-850331677070287972,13511843242150084
accept-in,-850331677070287972,13511843242153718
accept-in,-6596217307961568411,13511843261319839
accept-in,-6596217307961568411,13511843261326185
accept-in,8833747273131578626,13511843276654698
accept-in,8833747273131578626,13511843276662349
accept-in,-7815341714048034474,13511843287938812
accept-in,-7815341714048034474,13511843287944682
accept-in,1868424070273435042,13511843289043677
accept-in,1868424070273435042,13511843289047458
accept-in,-7103505282125418649,13511843296139784
accept-in,-7103505282125418649,13511843296143944
accept-in,628231662438717292,13511843307608188
accept-in,628231662438717292,13511843307612591
accept-in,-5576644511411084404,13511843310206021
accept-in,-5576644511411084404,13511843310209431
accept-in,8442192479510788390,13511843321047757
accept-in,8442192479510788390,13511843321052932
accept-in,-1852737508479856279,13511843330234927
accept-in,-1852737508479856279,13511843330242324
accept-in,5230510227420310745,13511843333435154
accept-in,5230510227420310745,13511843333438733
accept-in,3937872811688086233,13511843338430961
accept-in,3937872811688086233,13511843338434500
accept-in,-8720100971481517795,13511843349922358
accept-in,-8720100971481517795,13511843349926407
accept-in,5294669972821212173,13511843361525237
accept-in,5294669972821212173,13511843361528801
accept-in,-3533327815613617329,13511843366330277
accept-in,-3533327815613617329,13511843366333753
accept-in,-3049732343795475358,13511843396289516
accept-in,-3049732343795475358,13511843396295990
accept-in,5521660912813573765,13511843397346623
accept-in,5521660912813573765,13511843397350306
accept-in,7969422849678506558,13511843401808515
accept-in,7969422849678506558,13511843401810748
accept-in,-5181444251040346250,13511843404692214
accept-in,-5181444251040346250,13511843404695758
accept-in,8490032800374384631,13511843417712429
accept-in,8490032800374384631,13511843417718996
accept-in,4144680894380546522,13511843436735628
accept-in,4144680894380546522,13511843436745839
accept-in,-1552385272747075582,13511843457027913
accept-in,-1552385272747075582,13511843457031844
accept-in,-2861470839455204312,13511843508396839
accept-in,-2861470839455204312,13511843508406692
accept-in,2666774178443510376,13511843532946689
accept-in,2666774178443510376,13511843532954605
accept-in,9217454841862072665,13511843534744528
accept-in,9217454841862072665,13511843534753694
accept-in,7885442459299375036,13511843544951488
accept-in,7885442459299375036,13511843544955743
accept-in,4852597211726303825,13511843550054226
accept-in,4852597211726303825,13511843550057799
accept-in,4986028613033739298,13511843555357219
accept-in,4986028613033739298,13511843555361112
accept-in,-7852893986830489830,13511843572336401
accept-in,-7852893986830489830,13511843572346461
accept-in,8455944754574786615,13511843583513570
accept-in,8455944754574786615,13511843583518307
accept-in,8536108692949860848,13511843591938181
accept-in,8536108692949860848,13511843591942036
accept-in,732797990939477974,13511843599941162
accept-in,732797990939477974,13511843599944553
accept-in,5397877774870885987,13511843608640871
accept-in,5397877774870885987,13511843608645422
accept-in,-3617667462021742739,13511843652310062
accept-in,-3617667462021742739,13511843652318422
accept-in,-772557646836839819,13511843658935025
accept-in,-772557646836839819,13511843658938800
accept-in,-1947248323504652477,13511843664629063
accept-in,-1947248323504652477,13511843664632965
accept-in,1625798674547415598,13511843664849229
accept-in,1625798674547415598,13511843664853157
accept-in,5333008389960790082,13511843703342382
accept-in,5333008389960790082,13511843703349452
accept-in,-3482134151933397259,13511843704948721
accept-in,-3482134151933397259,13511843704956168
accept-in,-5295044299912326807,13511843709987732
accept-in,-5295044299912326807,13511843709991295
accept-in,3868905189315734132,13511843724591014
accept-in,3868905189315734132,13511843724597089
accept-in,449835331592089814,13511843742730771
accept-in,449835331592089814,13511843742735218
accept-in,-6340412744730872914,13511843745603922
accept-in,-6340412744730872914,13511843745607961
accept-in,6941179617415724927,13511843749490831
accept-in,6941179617415724927,13511843749494700
accept-in,5445395898751950114,13511843757768735
accept-in,5445395898751950114,13511843757772519
accept-in,2341315509472099006,13511843766406361
accept-in,2341315509472099006,13511843766410610
accept-in,6411650547183937234,13511843770126561
accept-in,6411650547183937234,13511843770130149
accept-in,-6345733230820115200,13511843777108059
accept-in,-6345733230820115200,13511843777112477
accept-in,-4436080779014578624,13511843778613016
accept-in,-4436080779014578624,13511843778620569
accept-in,-989442114859988250,13511843787927127
accept-in,-989442114859988250,13511843787930744
accept-in,5458658131809332704,13511843795784501
accept-in,5458658131809332704,13511843795788496
accept-in,-58207181856568876,13511843809315695
accept-in,-58207181856568876,13511843809322614
accept-in,-898435102042578296,13511843809324775
accept-in,-898435102042578296,13511843809325733
accept-in,-7155872673937378347,13511843815072037
accept-in,-7155872673937378347,13511843815076708
accept-in,-1842841594706421380,13511843816763188
accept-in,-1842841594706421380,13511843816766735
accept-in,2976278135109695500,13511843849347176
accept-in,2976278135109695500,13511843849353527
accept-in,1658846332160157205,13511843854073616
accept-in,1658846332160157205,13511843854077245
accept-in,6647222583830972866,13511843875639358
accept-in,6647222583830972866,13511843875645468
accept-in,9172926498157900755,13511843881946704
accept-in,9172926498157900755,13511843881949500
accept-in,-4463733245081538475,13511843906211750
accept-in,-4463733245081538475,13511843906221015
accept-in,-579509542410175242,13511843937057483
accept-in,-579509542410175242,13511843937067626
accept-in,-3005969275050292113,13511843939923047
accept-in,-3005969275050292113,13511843939926765
accept-in,-1020328547884947087,13511844003581766
accept-in,-1020328547884947087,13511844003589207
accept-in,3509274362309750546,13511844007964089
accept-in,3509274362309750546,13511844007967561
accept-in,3458295391005779073,13511844036903172
accept-in,3458295391005779073,13511844036908123
accept-in,-7009466369103100277,13511844047490490
accept-in,-7009466369103100277,13511844047494208
accept-in,-8395999226691584614,13511844054485359
accept-in,-8395999226691584614,13511844054488924
accept-in,3997013529489456382,13511844070347033
accept-in,3997013529489456382,13511844070354852
accept-in,-162949327486781522,13511844076918301
accept-in,-162949327486781522,13511844076922934
accept-in,-498688961390509235,13511844087237329
accept-in,-498688961390509235,13511844087239998
accept-in,-7252746501401351950,13511844109230248
accept-in,-7252746501401351950,13511844109235060
accept-in,-5593466625828125505,13511844135606281
accept-in,-5593466625828125505,13511844135610917
accept-in,-4401955861846994554,13511844137382293
accept-in,-4401955861846994554,13511844137389309
accept-in,9156323290899575545,13511844152024137
accept-in,9156323290899575545,13511844152028265
accept-in,5487903895001782740,13511844152523742
accept-in,5487903895001782740,13511844152527101
accept-in,-5993432803714055961,13511844174766460
accept-in,-5993432803714055961,13511844174772689
accept-in,-494568437404719506,13511844178671298
accept-in,-494568437404719506,13511844178675729
accept-in,4092916937335017839,13511844180525282
accept-in,4092916937335017839,13511844180528849
accept-in,2186349797794467612,13511844183812280
accept-in,2186349797794467612,13511844183815859
accept-in,135963699109089717,13511844211891430
accept-in,135963699109089717,13511844211897300
accept-in,-3212455322957339473,13511844222484451
accept-in,-3212455322957339473,13511844222488875
accept-in,-8093181585914324029,13511844227621092
accept-in,-8093181585914324029,13511844227625315
accept-in,-4209694020222776732,13511844246509017
accept-in,-4209694020222776732,13511844246512649
accept-in,6422511417367456963,13511844251508012
accept-in,6422511417367456963,13511844251511489
accept-in,5129807264026890156,13511844258204547
accept-in,5129807264026890156,13511844258209007
accept-in,1474738292471172285,13511844298366254
accept-in,1474738292471172285,13511844298375219
accept-in,-8109901694058246578,13511844306031904
accept-in,-8109901694058246578,13511844306036561
accept-in,7850672960839212734,13511844310860496
accept-in,7850672960839212734,13511844310864789
accept-in,6094994823794648009,13511844315104672
accept-in,6094994823794648009,13511844315108471
accept-in,-2114903573213711131,13511844343665574
accept-in,-2114903573213711131,13511844343670138
accept-in,7940323915450165570,13511844344896754
accept-in,7940323915450165570,13511844344900412
accept-in,-8331292807114116380,13511844356902506
accept-in,-8331292807114116380,13511844356906356
accept-in,4676311911108706794,13511844363055201
accept-in,4676311911108706794,13511844363058849
accept-in,-1784926903099715011,13511844385672257
accept-in,-1784926903099715011,13511844385676866
accept-in,1656145535928149598,13511844393749166
accept-in,1656145535928149598,13511844393760227
accept-in,8168370789896119603,13511844417781268
accept-in,8168370789896119603,13511844417786104
accept-in,6054280133280615672,13511844438883144
accept-in,6054280133280615672,13511844438886915
accept-in,596045816104124312,13511844451624805
accept-in,596045816104124312,13511844451638885
accept-in,2527563864773736503,13511844456204329
accept-in,2527563864773736503,13511844456207915
accept-in,-7074240916474472600,13511844474156259
accept-in,-7074240916474472600,13511844474159894
accept-in,-5898722136907177467,13511844478664346
accept-in,-5898722136907177467,13511844478667815
accept-in,-3348575252265261552,13511844480262332
accept-in,-3348575252265261552,13511844480265581
accept-in,-1541309830411210172,13511844505489705
accept-in,-1541309830411210172,13511844505495042
accept-in,-2605486809605429557,13511844506134191
accept-in,-2605486809605429557,13511844506137731
accept-in,7638729623587374847,13511844509761794
accept-in,7638729623587374847,13511844509765037
accept-in,-2625595651741978937,13511844515169513
accept-in,-2625595651741978937,13511844515173335
accept-in,2449063035432981079,13511844520186762
accept-in,2449063035432981079,13511844520190233
accept-in,8712776786676677370,13511844520992727
accept-in,8712776786676677370,13511844520996521
accept-in,1970817539072978936,13511844535956576
accept-in,1970817539072978936,13511844535960125
accept-in,-4942587819792676117,13511844571427832
accept-in,-4942587819792676117,13511844571432655
accept-in,-6530215324717464006,13511844605359589
accept-in,-6530215324717464006,13511844605366180
accept-in,830918430784778869,13511844613766484
accept-in,830918430784778869,13511844613770244
accept-in,-7952619937920739973,13511844620330227
accept-in,-7952619937920739973,13511844620334102
accept-in,885202030245382406,13511844620922021
accept-in,885202030245382406,13511844620930281
accept-in,1346319130710236968,13511844635496163
accept-in,1346319130710236968,13511844635500065
accept-in,5955698262856691656,13511844650796136
accept-in,5955698262856691656,13511844650799790
accept-in,5378012536743540462,13511844668226956
accept-in,5378012536743540462,13511844668232310
accept-in,-4202525970368969303,13511844670309712
accept-in,-4202525970368969303,13511844670313314
accept-in,-3583174461142244738,13511844677799648
accept-in,-3583174461142244738,13511844677808919
accept-in,3838692299492630022,13511844694084118
accept-in,3838692299492630022,13511844694090816
accept-in,971992891244307319,13511844699775189
accept-in,971992891244307319,13511844699779984
accept-in,-122968686280889359,13511844701121350
accept-in,-122968686280889359,13511844701124960
accept-in,6393918968170384901,13511844716881232
accept-in,6393918968170384901,13511844716885739
accept-in,-4250522093459061491,13511844728352083
accept-in,-4250522093459061491,13511844728359154
accept-in,6437835815802897491,13511844728560878
accept-in,6437835815802897491,13511844728564131
accept-in,-8811458985231069085,13511844744821425
accept-in,-8811458985231069085,13511844744825172
accept-in,-3397765434804328711,13511844798873156
accept-in,-3397765434804328711,13511844798878277
accept-in,3042949022140815968,13511844805729182
accept-in,3042949022140815968,13511844805734218
accept-in,6267331934214096285,13511844819171969
accept-in,6267331934214096285,13511844819175614
accept-in,5681704336004480201,13511844840835583
accept-in,5681704336004480201,13511844840840443
accept-in,8066392846160645720,13511844861060513
accept-in,8066392846160645720,13511844861064422
accept-in,8627277689901130904,13511844866934034
accept-in,8627277689901130904,13511844866937722
accept-in,-3331803863506933786,13511844881959082
accept-in,-3331803863506933786,13511844881963094
accept-in,-1407993794755521163,13511844905004546
accept-in,-1407993794755521163,13511844905009660
accept-in,-4269925643935302202,13511844910817861
accept-in,-4269925643935302202,13511844910827852
accept-in,614740696339710330,13511844911326598
accept-in,614740696339710330,13511844911332970
accept-in,8260610684792604249,13511844917073338
accept-in,8260610684792604249,13511844917081564
accept-in,807578859280800198,13511844919957291
accept-in,807578859280800198,13511844919963150
accept-in,7194269067318664589,13511844930918212
accept-in,7194269067318664589,13511844930922738
accept-in,-2083466166295687950,13511844941228700
accept-in,-2083466166295687950,13511844941233072
accept-in,-4617463452484790629,13511844955669697
accept-in,-4617463452484790629,13511844955674377
accept-in,5197992105516350863,13511844956393168
accept-in,5197992105516350863,13511844956396747
accept-in,1109879733591571724,13511844961048560
accept-in,1109879733591571724,13511844961052802
accept-in,-692275451356076805,13511844968450910
accept-in,-692275451356076805,13511844968454996
accept-in,-9149552019054350595,13511844971716655
accept-in,-9149552019054350595,13511844971720385
accept-in,-8190636737132619517,13511844978220214
accept-in,-8190636737132619517,13511844978222982
accept-in,5160394006336156782,13511844986068153
accept-in,5160394006336156782,13511844986072119
accept-in,-8975355708752426341,13511844998470508
accept-in,-8975355708752426341,13511844998474880
accept-in,-5231999767399964857,13511845001976801
accept-in,-5231999767399964857,13511845001980400
accept-in,-234189893032775075,13511845026521072
accept-in,-234189893032775075,13511845026530689
accept-in,-6745001578100631973,13511845044179197
accept-in,-6745001578100631973,13511845044182912
accept-in,-418559290100498337,13511845058949470
accept-in,-418559290100498337,13511845058953097
accept-in,8523835539949814804,13511845062812434
accept-in,8523835539949814804,13511845062815865
accept-in,-4005509152064110161,13511845082806534
accept-in,-4005509152064110161,13511845082811586
accept-in,-713066360240304779,13511845084463583
accept-in,-713066360240304779,13511845084468089
accept-in,6647804869147566159,13511845108851618
accept-in,6647804869147566159,13511845108855337
accept-in,633819198202409839,13511845116434479
accept-in,633819198202409839,13511845116438123
accept-in,-2931330512892016685,13511845117157303
accept-in,-2931330512892016685,13511845117160857
accept-in,2986819934789551347,13511845130700115
accept-in,2986819934789551347,13511845130705017
accept-in,159407274879677700,13511845136383703
accept-in,159407274879677700,13511845136388597
accept-in,1987470480499813244,13511845161591233
accept-in,1987470480499813244,13511845161596271
accept-in,1141017454196505192,13511845162097133
accept-in,1141017454196505192,13511845162102010
accept-in,7230523698197924416,13511845163390900
accept-in,7230523698197924416,13511845163401441
accept-in,5418437301871343965,13511845179409580
accept-in,5418437301871343965,13511845179414527
accept-in,160496892485408675,13511845183572050
accept-in,160496892485408675,13511845183577000
accept-in,6727217017051164898,13511845209750374
accept-in,6727217017051164898,13511845209756441
accept-in,-1425451833814993049,13511845216856017
accept-in,-1425451833814993049,13511845216865375
accept-in,5525157683419561918,13511845227857269
accept-in,5525157683419561918,13511845227862089
accept-in,839830430884759133,13511845249314776
accept-in,839830430884759133,13511845249319750
accept-in,-7227916986467225550,13511845255095968
accept-in,-7227916986467225550,13511845255100732
accept-in,72463386262481173,13511845258146774
accept-in,72463386262481173,13511845258151739
accept-in,-2677886742462533179,13511845268315492
accept-in,-2677886742462533179,13511845268320222
accept-in,1471636686468288421,13511845282313263
accept-in,1471636686468288421,13511845282318215
accept-in,-1084138411464048023,13511845292325305
accept-in,-1084138411464048023,13511845292330287
accept-in,-5498702033639028657,13511845304037031
accept-in,-5498702033639028657,13511845304041717
accept-in,-643048502149441165,13511845304284666
accept-in,-643048502149441165,13511845304289596
accept-in,6153605690390966021,13511845307373456
accept-in,6153605690390966021,13511845307378391
accept-in,-44404625557104422,13511845309790076
accept-in,-44404625557104422,13511845309794990
accept-in,1361243596441314018,13511845321949766
accept-in,1361243596441314018,13511845321954828
accept-in,1818739166654652791,13511845333928342
accept-in,1818739166654652791,13511845333933235
accept-in,4671205736805463895,13511845345771960
accept-in,4671205736805463895,13511845345776800
accept-in,5149029241171098514,13511845361910769
accept-in,5149029241171098514,13511845361915711
accept-in,-7157277840875760172,13511845384083558
accept-in,-7157277840875760172,13511845384088603
accept-in,5260325874034006737,13511845395634451
accept-in,5260325874034006737,13511845395639536
accept-in,-2003075306003293637,13511845421214813
accept-in,-2003075306003293637,13511845421219702
accept-in,8953717643363302271,13511845432268475
accept-in,8953717643363302271,13511845432273352
accept-in,1961793803365043912,13511845467692880
accept-in,1961793803365043912,13511845467697744
accept-in,5524927142332073492,13511845474189352
accept-in,5524927142332073492,13511845474194262
accept-in,756550836766794174,13511845477000358
accept-in,756550836766794174,13511845477005267
accept-in,6813651078673919897,13511845506881183
accept-in,6813651078673919897,13511845506886108
accept-in,8245287929875799912,13511845511855829
accept-in,8245287929875799912,13511845511860325
accept-in,-3127552927867331655,13511845539552501
accept-in,-3127552927867331655,13511845539557032
accept-in,-4810356754132411402,13511845541667446
accept-in,-4810356754132411402,13511845541672125
accept-in,6890302399771908395,13511845568493688
accept-in,6890302399771908395,13511845568497962
accept-in,8829182308777033534,13511845584584308
accept-in,8829182308777033534,13511845584587959
accept-in,-4591996901450205034,13511845586075796
accept-in,-4591996901450205034,13511845586078880
accept-in,-8221028315964131177,13511845594985864
accept-in,-8221028315964131177,13511845594991437
accept-in,-7517129279549476566,13511845613367395
accept-in,-7517129279549476566,13511845613371230
accept-in,-9067034110535337842,13511845614238773
accept-in,-9067034110535337842,13511845614245807
accept-in,-7612599816810336224,13511845629092838
accept-in,-7612599816810336224,13511845629096280
accept-in,4183725679863798730,13511845644422005
accept-in,4183725679863798730,13511845644425507
accept-in,3445775699712219838,13511845647880457
accept-in,3445775699712219838,13511845647884177
accept-in,-7092187278787528928,13511845649618119
accept-in,-7092187278787528928,13511845649621640
accept-in,-5733825502734421066,13511845663955317
accept-in,-5733825502734421066,13511845663959059
accept-in,-5600269354090606945,13511845673345238
accept-in,-5600269354090606945,13511845673348938
accept-in,-7541580741695200553,13511845697680254
accept-in,-7541580741695200553,13511845697685871
accept-in,-6468444652334837750,13511845708639921
accept-in,-6468444652334837750,13511845708644010
accept-in,-6671919193139325876,13511845725195644
accept-in,-6671919193139325876,13511845725199412
accept-in,-3901916439325917246,13511845726654844
accept-in,-3901916439325917246,13511845726658985
accept-in,8548849901244896065,13511845737646715
accept-in,8548849901244896065,13511845737650298
accept-in,896595997830768390,13511845769756198
accept-in,896595997830768390,13511845769761461
accept-in,-417627993720499683,13511845774837434
accept-in,-417627993720499683,13511845774841078
accept-in,3480953086911402325,13511845781978275
accept-in,3480953086911402325,13511845781985014
accept-in,8655916969695441757,13511845798542219
accept-in,8655916969695441757,13511845798549267
accept-in,8465440674574185958,13511845803926054
accept-in,8465440674574185958,13511845803929413
accept-in,-1085688492433691270,13511845804682915
accept-in,-1085688492433691270,13511845804686472
accept-in,2933520010139565583,13511845819398635
accept-in,2933520010139565583,13511845819402517
accept-in,-2451057268082739664,13511845820464919
accept-in,-2451057268082739664,13511845820468512
accept-in,4666290866459571373,13511845825823382
accept-in,4666290866459571373,13511845825827079
accept-in,4713874322743769624,13511845837069883
accept-in,4713874322743769624,13511845837073489
accept-in,-6116001957292629128,13511845838692817
accept-in,-6116001957292629128,13511845838696399
accept-in,2612301180950400809,13511845844471538
accept-in,2612301180950400809,13511845844475642
accept-in,-2852151284781392119,13511845856071687
accept-in,-2852151284781392119,13511845856086792
accept-in,8703926749046488312,13511845858174430
accept-in,8703926749046488312,13511845858179064
accept-in,2876997167099885031,13511845861155837
accept-in,2876997167099885031,13511845861160566
accept-in,5801625655887663395,13511845861451241
accept-in,5801625655887663395,13511845861455411
accept-in,-2491327411881833891,13511845873601910
accept-in,-2491327411881833891,13511845873605681
accept-in,-3614851247965297473,13511845884131822
accept-in,-3614851247965297473,13511845884137162
accept-in,5709929000957588329,13511845899324632
accept-in,5709929000957588329,13511845899331474
accept-in,2298760761357729510,13511845901588044
accept-in,2298760761357729510,13511845901591460
accept-in,2677249787911774625,13511845902432251
accept-in,2677249787911774625,13511845902436289
accept-in,-3363599879696947005,13511845904690270
accept-in,-3363599879696947005,13511845904694250
accept-in,8184472623122735395,13511845926746808
accept-in,8184472623122735395,13511845926751967
accept-in,4403915627363575380,13511845956942872
accept-in,4403915627363575380,13511845956951523
accept-in,-6550866801464464475,13511845971948422
accept-in,-6550866801464464475,13511845971954053
accept-in,1240550222356254252,13511845974760379
accept-in,1240550222356254252,13511845974764777
accept-in,-5026261567272688849,13511845984841996
accept-in,-5026261567272688849,13511845984846238
accept-in,-1178256328223913226,13511845988199461
accept-in,-1178256328223913226,13511845988203124
accept-in,4140086178132521399,13511845988703293
accept-in,4140086178132521399,13511845988706622
accept-in,3854259106815659354,13511846005289090
accept-in,3854259106815659354,13511846005295888
accept-in,-3374991996858812628,13511846008902639
accept-in,-3374991996858812628,13511846008906622
accept-in,-299023374312907731,13511846019986188
accept-in,-299023374312907731,13511846019990813
accept-in,2670438505939005366,13511846024990404
accept-in,2670438505939005366,13511846024997990
accept-in,-1844943267506147327,13511846026549013
accept-in,-1844943267506147327,13511846026552589
accept-in,4641564680506817182,13511846029661128
accept-in,4641564680506817182,13511846029664954
accept-in,7583779275363107368,13511846031991314
accept-in,7583779275363107368,13511846031994725
accept-in,9020954802673959339,13511846033995924
accept-in,9020954802673959339,13511846033999268
accept-in,67804833030842416,13511846034772572
accept-in,67804833030842416,13511846034776860
accept-in,988738311158434026,13511846040262402
accept-in,988738311158434026,13511846040265874
accept-in,2735255329074438771,13511846041629921
accept-in,2735255329074438771,13511846041633849
accept-in,-2346827531598929241,13511846047352666
accept-in,-2346827531598929241,13511846047356412
accept-in,6438976491328520516,13511846052487381
accept-in,6438976491328520516,13511846052511513
accept-in,-5484231530567617236,13511846063797590
accept-in,-5484231530567617236,13511846063819909
accept-in,2685023068647503260,13511846084153356
accept-in,2685023068647503260,13511846084199219
accept-in,2488964276812337386,13511846092161889
accept-in,2488964276812337386,13511846092175771
accept-in,-3357645774255985795,13511846101713645
accept-in,-3357645774255985795,13511846101717199
accept-in,8621226988071948365,13511846109791838
accept-in,8621226988071948365,13511846109795055
accept-in,5592731403373457826,13511846121848242
accept-in,5592731403373457826,13511846121851280
accept-in,8390577620770937970,13511846128915320
accept-in,8390577620770937970,13511846128918548
accept-in,1406472588032508339,13511846144861604
accept-in,1406472588032508339,13511846144864712
accept-in,7436254815198142492,13511846163714886
accept-in,7436254815198142492,13511846163718059
accept-in,-1821114755671427486,13511846219959374
accept-in,-1821114755671427486,13511846219967400
accept-in,7867586211574356546,13511846241377752
accept-in,7867586211574356546,13511846241382549
accept-in,5899971067153383620,13511846259723199
accept-in,5899971067153383620,13511846259727439
accept-in,-894592860541681064,13511846274077118
accept-in,-894592860541681064,13511846274081180
accept-in,-7858698510649396786,13511846279249155
accept-in,-7858698510649396786,13511846279251829
accept-in,4841348488416763558,13511846280140483
accept-in,4841348488416763558,13511846280142766
accept-in,-7496866300867786767,13511846296870262
accept-in,-7496866300867786767,13511846296876587
accept-in,4409214081658023249,13511846318776043
accept-in,4409214081658023249,13511846318785459
accept-in,3857384690689574351,13511846327469260
accept-in,3857384690689574351,13511846327473160
accept-in,-4228894530410210721,13511846331396448
accept-in,-4228894530410210721,13511846331400511
accept-in,8658593178678966871,13511846332517092
accept-in,8658593178678966871,13511846332521112
accept-in,-5162946290128296667,13511846336215025
accept-in,-5162946290128296667,13511846336219250
accept-in,3311322285813605107,13511846338965062
accept-in,3311322285813605107,13511846338968814
accept-in,-7720697609330463541,13511846354786140
accept-in,-7720697609330463541,13511846354790876
accept-in,8406445260414088336,13511846372482298
accept-in,8406445260414088336,13511846372486504
accept-in,-273556018822315049,13511846373563274
accept-in,-273556018822315049,13511846373566993
accept-in,6451183076327142332,13511846385911030
accept-in,6451183076327142332,13511846385915107
accept-in,-3436906015987911748,13511846386850670
accept-in,-3436906015987911748,13511846386854425
accept-in,5525582209538187621,13511846389886855
accept-in,5525582209538187621,13511846389890397
accept-in,-3814773318505779161,13511846392902049
accept-in,-3814773318505779161,13511846392906788
accept-in,-691761969567784837,13511846406234860
accept-in,-691761969567784837,13511846406238875
accept-in,-4112172083612809353,13511846414510198
accept-in,-4112172083612809353,13511846414519050
accept-in,4978414186645386802,13511846431722276
accept-in,4978414186645386802,13511846431726369
accept-in,-2634843831818886011,13511846441948360
accept-in,-2634843831818886011,13511846441952460
accept-in,535848663675544541,13511846442280575
accept-in,535848663675544541,13511846442284582
accept-in,-3973563178053369853,13511846450133029
accept-in,-3973563178053369853,13511846450137046
accept-in,-4566719953412027916,13511846456720702
accept-in,-4566719953412027916,13511846456724328
accept-in,1320372423764350799,13511846462247717
accept-in,1320372423764350799,13511846462251855
accept-in,4094788378133406927,13511846471161877
accept-in,4094788378133406927,13511846471165514
accept-in,1894132723940548181,13511846487763205
accept-in,1894132723940548181,13511846487766457
accept-in,-7776072208532156902,13511846499986691
accept-in,-7776072208532156902,13511846499989896
accept-in,3225142706910875726,13511846509679951
accept-in,3225142706910875726,13511846509683527
accept-in,-6908048213252609627,13511846518314606
accept-in,-6908048213252609627,13511846518317528
accept-in,6679338565466994996,13511846518587757
accept-in,6679338565466994996,13511846518590386
accept-in,3254761408814786812,13511846520398029
accept-in,3254761408814786812,13511846520400572
accept-in,4231605268085301373,13511846521921629
accept-in,4231605268085301373,13511846521924228
accept-in,1542538204997883933,13511846530999881
accept-in,1542538204997883933,13511846531002784
accept-in,-2050342174599391299,13511846554484752
accept-in,-2050342174599391299,13511846554488703
accept-in,-7401095681250556074,13511846555234710
accept-in,-7401095681250556074,13511846555237740
accept-in,6853069254209628226,13511846567327596
accept-in,6853069254209628226,13511846567331156
accept-in,8031148545980114926,13511846583625014
accept-in,8031148545980114926,13511846583636469
accept-in,5819925587014009030,13511846595943347
accept-in,5819925587014009030,13511846595946261
accept-in,-5183666372123130520,13511846597023169
accept-in,-5183666372123130520,13511846597029580
accept-in,-1197403463873911605,13511846604904393
accept-in,-1197403463873911605,13511846604907896
accept-in,-193389579990400141,13511846612847202
accept-in,-193389579990400141,13511846612851321
accept-in,4214172746082815880,13511846617693278
accept-in,4214172746082815880,13511846617696567
accept-in,-4891174611205373270,13511846618037368
accept-in,-4891174611205373270,13511846618040625
accept-in,7339576521623685933,13511846628424412
accept-in,7339576521623685933,13511846628427569
accept-in,-9203042517190709108,13511846662798250
accept-in,-9203042517190709108,13511846662803191
accept-in,5332224395839102703,13511846669772018
accept-in,5332224395839102703,13511846669775069
accept-in,-5679082436424283728,13511846677781785
accept-in,-5679082436424283728,13511846677785546
accept-in,3712627925801495314,13511846684969552
accept-in,3712627925801495314,13511846684972528
accept-in,7678971743822448263,13511846699559125
accept-in,7678971743822448263,13511846699563997
accept-in,-8669721806049872226,13511846716170030
accept-in,-8669721806049872226,13511846716177540
accept-in,-6731790678776995675,13511846719939269
accept-in,-6731790678776995675,13511846719948482
accept-in,7407266418602140363,13511846724489679
accept-in,7407266418602140363,13511846724492271
accept-in,7240035092356752722,13511846728120731
accept-in,7240035092356752722,13511846728123716
accept-in,-7468105891568849002,13511846733287742
accept-in,-7468105891568849002,13511846733291836
accept-in,-4130632872338581316,13511846745425042
accept-in,-4130632872338581316,13511846745431801
accept-in,-5847584787146751426,13511846749253106
accept-in,-5847584787146751426,13511846749256556
accept-in,-651137975345118643,13511846752618259
accept-in,-651137975345118643,13511846752620972
accept-in,2537630554040218928,13511846758010977
accept-in,2537630554040218928,13511846758014175
accept-in,8780747592332397680,13511846783587506
accept-in,8780747592332397680,13511846783593341
accept-in,9058867803057926825,13511846787359879
accept-in,9058867803057926825,13511846787362818
accept-in,1820247360769402883,13511846795455636
accept-in,1820247360769402883,13511846795459972
accept-in,-2250903622469948928,13511846796345852
accept-in,-2250903622469948928,13511846796348919
accept-in,8512142215303963750,13511846806803499
accept-in,8512142215303963750,13511846806806567
accept-in,3379321396509406598,13511846815010831
accept-in,3379321396509406598,13511846815014248
accept-in,-3869118660248586928,13511846856992229
accept-in,-3869118660248586928,13511846857002531
accept-in,3213662963911487389,13511846864243143
accept-in,3213662963911487389,13511846864246647
accept-in,3054024446552504541,13511846891166984
accept-in,3054024446552504541,13511846891172502
accept-in,3154322715371318458,13511846897760829
accept-in,3154322715371318458,13511846897765022
accept-in,-1245755631624607963,13511846920116593
accept-in,-1245755631624607963,13511846920122729
accept-in,-7150120375593932020,13511846926627650
accept-in,-7150120375593932020,13511846926630760
accept-in,8020017750820485868,13511846966723661
accept-in,8020017750820485868,13511846966730729
accept-in,-7134250438510945090,13511846969064419
accept-in,-7134250438510945090,13511846969071662
accept-in,-4125623687869913649,13511846972763812
accept-in,-4125623687869913649,13511846972766734
accept-in,2268003739911943529,13511846983378231
accept-in,2268003739911943529,13511846983381604
accept-in,-6331222304032656637,13511846986729824
accept-in,-6331222304032656637,13511846986733210
accept-in,-3442765438353544082,13511846988268331
accept-in,-3442765438353544082,13511846988271204
accept-in,3359478310972663032,13511846990647613
accept-in,3359478310972663032,13511846990650481
accept-in,9220047779438402198,13511847005750795
accept-in,9220047779438402198,13511847005754694
accept-in,-2091203435468363331,13511847013562180
accept-in,-2091203435468363331,13511847013566225
accept-in,-7840908165061943488,13511847021430663
accept-in,-7840908165061943488,13511847021433953
accept-in,2977116832860664378,13511847052738075
accept-in,2977116832860664378,13511847052745236
accept-in,2312884217390388459,13511847080558350
accept-in,2312884217390388459,13511847080563713
accept-in,1582522965083806608,13511847089203153
accept-in,1582522965083806608,13511847089206896
accept-in,-7735212438665045658,13511847090122022
accept-in,-7735212438665045658,13511847090124818
accept-in,9198695721058084453,13511847092841408
accept-in,9198695721058084453,13511847092844116
accept-in,2072925707087497892,13511847130014938
accept-in,2072925707087497892,13511847130021704
accept-in,-2854619416870032777,13511847155724581
accept-in,-2854619416870032777,13511847155729666
accept-in,-7291030483693325724,13511847161449245
accept-in,-7291030483693325724,13511847161453303
accept-in,3749710832438079570,13511847163253832
accept-in,3749710832438079570,13511847163258210
accept-in,12731595016720212,13511847180176446
accept-in,12731595016720212,13511847180180468
accept-in,-5048432357587354365,13511847185539912
accept-in,-5048432357587354365,13511847185543247
accept-in,-2694388892771102810,13511847188505660
accept-in,-2694388892771102810,13511847188509314
accept-in,-2786630137653859781,13511847190928048
accept-in,-2786630137653859781,13511847190931748
accept-in,8251341636259582162,13511847211492113
accept-in,8251341636259582162,13511847211496419
accept-in,-1221477731796345323,13511847230325677
accept-in,-1221477731796345323,13511847230329715
accept-in,-3270751318918431420,13511847233614149
accept-in,-3270751318918431420,13511847233618194
accept-in,-6624250343985572423,13511847236018799
accept-in,-6624250343985572423,13511847236022884
accept-in,-7296246482260504766,13511847242730239
accept-in,-7296246482260504766,13511847242734289
accept-in,8597556352663108075,13511847249678469
accept-in,8597556352663108075,13511847249682549
accept-in,4649265615630024039,13511847264138398
accept-in,4649265615630024039,13511847264142608
accept-in,-8918823750185616010,13511847286413574
accept-in,-8918823750185616010,13511847286425811
accept-in,-2785109864760116873,13511847290744782
accept-in,-2785109864760116873,13511847290747702
accept-in,-7596257250304726400,13511847296520427
accept-in,-7596257250304726400,13511847296523428
accept-in,872801871580271758,13511847302836003
accept-in,872801871580271758,13511847302838984
accept-in,-3388695776893364309,13511847304484401
accept-in,-3388695776893364309,13511847304487203
accept-in,-1921592139260705161,13511847313372077
accept-in,-1921592139260705161,13511847313375258
accept-in,6556035514956769599,13511847326296646
accept-in,6556035514956769599,13511847326303246
accept-in,7638602654180532730,13511847340593481
accept-in,7638602654180532730,13511847340597670
accept-in,8710279670067361763,13511847341946259
accept-in,8710279670067361763,13511847341949598
accept-in,5555991473011804809,13511847343122586
accept-in,5555991473011804809,13511847343135006
accept-in,3880341171569546275,13511847380564331
accept-in,3880341171569546275,13511847380570015
accept-in,4761906554488830383,13511847383927986
accept-in,4761906554488830383,13511847383938306
accept-in,6472161596032199443,13511847387742877
accept-in,6472161596032199443,13511847387745847
accept-in,-1137462139228798255,13511847409373125
accept-in,-1137462139228798255,13511847409377138
accept-in,-4151515690970360654,13511847410236427
accept-in,-4151515690970360654,13511847410239360
accept-in,-6112469121985328490,13511847422077459
accept-in,-6112469121985328490,13511847422081687
accept-in,2399142073568849830,13511847424295609
accept-in,2399142073568849830,13511847424299805
accept-in,-1115946169134251911,13511847428417366
accept-in,-1115946169134251911,13511847428422141
accept-in,-6441441384743921300,13511847446065689
accept-in,-6441441384743921300,13511847446069331
accept-in,-5392542528117705142,13511847454382302
accept-in,-5392542528117705142,13511847454385284
accept-in,-1938473403438479961,13511847464071268
accept-in,-1938473403438479961,13511847464073768
accept-in,-6004576175996484052,13511847464695470
accept-in,-6004576175996484052,13511847464698252
accept-in,3534636519934734237,13511847477630651
accept-in,3534636519934734237,13511847477633591
accept-in,8982125354170974888,13511847498815888
accept-in,8982125354170974888,13511847498821009
accept-in,6054273611383841955,13511847533708309
accept-in,6054273611383841955,13511847533714128
accept-in,3698720313870972417,13511847562661406
accept-in,3698720313870972417,13511847562667215
accept-in,-213894030693165441,13511847567886243
accept-in,-213894030693165441,13511847567889280
accept-in,-2671753875308458769,13511847573270863
accept-in,-2671753875308458769,13511847573274270
accept-in,167952864599243967,13511847573502344
accept-in,167952864599243967,13511847573505317
accept-in,-8103788265651203202,13511847589658956
accept-in,-8103788265651203202,13511847589664203
accept-in,5303209784898161657,13511847589761977
accept-in,5303209784898161657,13511847589764735
accept-in,4977375596410852649,13511847596583349
accept-in,4977375596410852649,13511847596586374
accept-in,-2376403606362642934,13511847600257817
accept-in,-2376403606362642934,13511847600260930
accept-in,69772367234283540,13511847603697648
accept-in,69772367234283540,13511847603701771
accept-in,7535685853300563095,13511847611327110
accept-in,7535685853300563095,13511847611330268
accept-in,763525374168344900,13511847644758800
accept-in,763525374168344900,13511847644762817
accept-in,4737103317493819850,13511847651862738
accept-in,4737103317493819850,13511847651866799
accept-in,-2757491069144659064,13511847651919158
accept-in,-2757491069144659064,13511847651921672
accept-in,7885912647691288079,13511847689029548
accept-in,7885912647691288079,13511847689033172
accept-in,-2835711290478110811,13511847692033692
accept-in,-2835711290478110811,13511847692036728
accept-in,5461580341060408521,13511847693274854
accept-in,5461580341060408521,13511847693277772
accept-in,-889637490601108993,13511847700218749
accept-in,-889637490601108993,13511847700221709
accept-in,7900211380160801321,13511847707430843
accept-in,7900211380160801321,13511847707433777
accept-in,2761765025177908764,13511847708652092
accept-in,2761765025177908764,13511847708654959
accept-in,-6628853011875229080,13511847719251381
accept-in,-6628853011875229080,13511847719254659
accept-in,-2160132630882963806,13511847726096933
accept-in,-2160132630882963806,13511847726099886
accept-in,7545877885734986077,13511847737740670
accept-in,7545877885734986077,13511847737743621
accept-in,4062554339943508710,13511847746785493
accept-in,4062554339943508710,13511847746788386
accept-in,7560031858248495220,13511847753164161
accept-in,7560031858248495220,13511847753167191
accept-in,-7398371549175216051,13511847754223276
accept-in,-7398371549175216051,13511847754225956
accept-in,3585185279253085160,13511847765784199
accept-in,3585185279253085160,13511847765788017
accept-in,1834536681425082034,13511847767141234
accept-in,1834536681425082034,13511847767144258
accept-in,7861587297898417355,13511847771945952
accept-in,7861587297898417355,13511847771948821
accept-in,1216160534683158001,13511847782873209
accept-in,1216160534683158001,13511847782880014
accept-in,-4255965516454614918,13511847790354468
accept-in,-4255965516454614918,13511847790357488
accept-in,1315812385451246235,13511847822912526
accept-in,1315812385451246235,13511847822916761
accept-in,5178535876898927930,13511847826585071
accept-in,5178535876898927930,13511847826588040
accept-in,-3257024347529482742,13511847828862879
accept-in,-3257024347529482742,13511847828865821
accept-in,6499564043701646625,13511847835195897
accept-in,6499564043701646625,13511847835198856
accept-in,-7321385784823508965,13511847838234584
accept-in,-7321385784823508965,13511847838240195
accept-in,-1984515683180037172,13511847845621886
accept-in,-1984515683180037172,13511847845624852
accept-in,-1329383615261363862,13511847847565467
accept-in,-1329383615261363862,13511847847568248
accept-in,9122202535856449475,13511847850044869
accept-in,9122202535856449475,13511847850047670
accept-in,1997878226768236999,13511847858463968
accept-in,1997878226768236999,13511847858466963
accept-in,4560592997589177148,13511847870108894
accept-in,4560592997589177148,13511847870111801
accept-in,6685630173482089249,13511847877306650
accept-in,6685630173482089249,13511847877310170
accept-in,2343774620274170113,13511847906737483
accept-in,2343774620274170113,13511847906746342
accept-in,-9203020169773883803,13511847913422253
accept-in,-9203020169773883803,13511847913425441
accept-in,8474567518472060707,13511847922541448
accept-in,8474567518472060707,13511847922544550
accept-in,-2769712189933976076,13511847925494980
accept-in,-2769712189933976076,13511847925498143
accept-in,-278687699211218768,13511847927581011
accept-in,-278687699211218768,13511847927584069
accept-in,1530945738482859051,13511847942590258
accept-in,1530945738482859051,13511847942596377
accept-in,-5214957911241063518,13511847953707353
accept-in,-5214957911241063518,13511847953713546
accept-in,3623419337024008871,13511847956123804
accept-in,3623419337024008871,13511847956127984
accept-in,6660639791835962871,13511847967697172
accept-in,6660639791835962871,13511847967707354
accept-in,8097164857133205541,13511847979311413
accept-in,8097164857133205541,13511847979317681
accept-in,-2468142110949271660,13511847986130294
accept-in,-2468142110949271660,13511847986135570
accept-in,8010428963689584959,13511847992617589
accept-in,8010428963689584959,13511847992621671
accept-in,-5054372680856957471,13511848002350632
accept-in,-5054372680856957471,13511848002357258
accept-in,-8737248859143610068,13511848024134790
accept-in,-8737248859143610068,13511848024139780
accept-in,1372106231108874076,13511848029043743
accept-in,1372106231108874076,13511848029046824
accept-in,-7659919424930196550,13511848030378772
accept-in,-7659919424930196550,13511848030382011
accept-in,6898302536238439597,13511848032683226
accept-in,6898302536238439597,13511848032686702
accept-in,-1934427575521111263,13511848039021890
accept-in,-1934427575521111263,13511848039025237
accept-in,176877240327073873,13511848041078867
accept-in,176877240327073873,13511848041082075
accept-in,1024980309449204723,13511848041119177
accept-in,1024980309449204723,13511848041121541
accept-in,-6011088312547669666,13511848044607010
accept-in,-6011088312547669666,13511848044610170
accept-in,-1135750321546228329,13511848045525725
accept-in,-1135750321546228329,13511848045533739
accept-in,-7296850435985502659,13511848057152485
accept-in,-7296850435985502659,13511848057156878
accept-in,3985187042705320572,13511848073489954
accept-in,3985187042705320572,13511848073494685
accept-in,-9049705603157161272,13511848077278425
accept-in,-9049705603157161272,13511848077286282
accept-in,-5026927206362713800,13511848077653558
accept-in,-5026927206362713800,13511848077656744
accept-in,-5315790743427685662,13511848087850779
accept-in,-5315790743427685662,13511848087854426
accept-in,8748922769919135533,13511848097434646
accept-in,8748922769919135533,13511848097438034
accept-in,1682415371633780242,13511848114241111
accept-in,1682415371633780242,13511848114245636
