accept-in,-7287235594828291703,7851115215732
accept-in,-7287235594828291703,7851115221957
accept-in,-6969050466128279217,7851121569810
accept-in,-6969050466128279217,7851121576853
accept-in,4064128231459321194,7851127791704
accept-in,4064128231459321194,7851127798085
accept-in,5568704107886967795,7851134137142
accept-in,5568704107886967795,7851134143104
accept-in,-5133133757579495432,7851140397132
accept-in,-5133133757579495432,7851140402572
accept-in,-8853743288430784626,7851146650636
accept-in,-8853743288430784626,7851146655934
accept-in,-1486505187582641118,7851153029127
accept-in,-1486505187582641118,7851153034080
accept-in,4005482709264712115,7851159298119
accept-in,4005482709264712115,7851159303749
accept-in,3383265923096462744,7851165634904
accept-in,3383265923096462744,7851165640114
accept-in,-1093056237063350365,7851171892024
accept-in,-1093056237063350365,7851171897953
accept-in,4979655673088062987,7851178232380
accept-in,4979655673088062987,7851178237925
accept-in,4181313546198161523,7851184495429
accept-in,4181313546198161523,7851184501813
accept-in,-3504549839242104129,7851190868795
accept-in,-3504549839242104129,7851190874902
accept-in,-964558273972860911,7851197114993
accept-in,-964558273972860911,7851197121308
accept-in,-4225386058299515503,7851203492107
accept-in,-4225386058299515503,7851203497696
accept-in,5369804951156949973,7851209782369
accept-in,5369804951156949973,7851209788310
accept-in,-3513140727056100086,7851216020718
accept-in,-3513140727056100086,7851216026724
accept-in,6620308353355576913,7851222291121
accept-in,6620308353355576913,7851222297788
accept-in,-8588216332117926727,7851228634182
accept-in,-8588216332117926727,7851228639943
accept-in,8011948186110963770,7851234930120
accept-in,8011948186110963770,7851234936780
accept-in,6881529301552917456,7851241183794
accept-in,6881529301552917456,7851241255344
accept-in,-9061315635055882993,7851247523362
accept-in,-9061315635055882993,7851247539417
accept-in,3437854396010267630,7851253850030
accept-in,3437854396010267630,7851253862606
accept-in,-8825147414059760383,7851260148457
accept-in,-8825147414059760383,7851260162878
accept-in,-2371430468320635617,7851266398352
accept-in,-2371430468320635617,7851266405838
accept-in,7557570366540345177,7851272779598
accept-in,7557570366540345177,7851272796627
accept-in,2557376807277271100,7851279009729
accept-in,2557376807277271100,7851279016997
accept-in,8354700200559260401,7851285396121
accept-in,8354700200559260401,7851285401742
accept-in,2049441540155080100,7851291733695
accept-in,2049441540155080100,7851291740094
accept-in,-6364714755171063080,7851297933351
accept-in,-6364714755171063080,7851297940537
accept-in,-628572408037253178,7851304204780
accept-in,-628572408037253178,7851304210627
accept-in,-2783406701746201336,7851310488735
accept-in,-2783406701746201336,7851310494575
accept-in,7942186542065709892,7851316809294
accept-in,7942186542065709892,7851316816068
accept-in,4849745481184198023,7851323108321
accept-in,4849745481184198023,7851323114267
accept-in,6592580719542612628,7851329448204
accept-in,6592580719542612628,7851329454336
accept-in,5181686342163563208,7851335744256
accept-in,5181686342163563208,7851335749668
accept-in,-5232784621163711401,7851342044559
accept-in,-5232784621163711401,7851342054991
accept-in,2475347183980175807,7851348297179
accept-in,2475347183980175807,7851348302470
accept-in,-3536056772355092851,7851354604303
accept-in,-3536056772355092851,7851354610046
accept-in,6278774808136787312,7851360949105
accept-in,6278774808136787312,7851360964569
accept-in,7077019796530075621,7851367206406
accept-in,7077019796530075621,7851367221668
accept-in,-663385718684718880,7851373490351
accept-in,-663385718684718880,7851373496273
accept-in,-3266200505243035471,7851379871422
accept-in,-3266200505243035471,7851379877189
accept-in,8342536113831990301,7851386158535
accept-in,8342536113831990301,7851386164073
accept-in,8448623059986126734,7851392391391
accept-in,8448623059986126734,7851392403955
accept-in,2699053298962708652,7851398701787
accept-in,2699053298962708652,7851398707694
accept-in,8240153879165149017,7851405049953
accept-in,8240153879165149017,7851405055172
accept-in,-4850811551589522122,7851411377301
accept-in,-4850811551589522122,7851411383387
accept-in,4649308312147610056,7851417590459
accept-in,4649308312147610056,7851417596759
accept-in,-2094150176108463517,7851423930834
accept-in,-2094150176108463517,7851423936148
accept-in,-4892399483445862978,7851430252727
accept-in,-4892399483445862978,7851430258306
accept-in,-1607712119328299871,7851436585076
accept-in,-1607712119328299871,7851436589889
accept-in,-551694241955228995,7851442806558
accept-in,-551694241955228995,7851442818910
accept-in,-6017303125185027317,7851449185504
accept-in,-6017303125185027317,7851449191180
accept-in,8043391544636145945,7851455379599
accept-in,8043391544636145945,7851455384521
accept-in,-5148827791475426250,7851461772924
accept-in,-5148827791475426250,7851461778539
accept-in,-4345638550805199281,7851468070010
accept-in,-4345638550805199281,7851468075955
accept-in,4819767143380676199,7851474371846
accept-in,4819767143380676199,7851474378698
accept-in,3400571636609741236,7851480592621
accept-in,3400571636609741236,7851480599809
accept-in,-2747723607974221959,7851487131899
accept-in,-2747723607974221959,7851487139726
accept-in,-7699722395756976092,7851493212256
accept-in,-7699722395756976092,7851493220639
accept-in,-6992094591835496001,7851499604859
accept-in,-6992094591835496001,7851499615131
accept-in,4645660996693864142,7851505835645
accept-in,4645660996693864142,7851505845027
accept-in,-7895014067535108269,7851512159147
accept-in,-7895014067535108269,7851512166273
accept-in,5046496532491269253,7851518469142
accept-in,5046496532491269253,7851518476630
accept-in,-1464530889178167452,7851524701353
accept-in,-1464530889178167452,7851524706939
accept-in,4319109185942497584,7851531003436
accept-in,4319109185942497584,7851531009539
accept-in,2797841107273342507,7851537329236
accept-in,2797841107273342507,7851537340721
accept-in,-6998684397465013269,7851543688474
accept-in,-6998684397465013269,7851543695734
accept-in,5439620325928333843,7851549917779
accept-in,5439620325928333843,7851549932870
accept-in,2941360725001764560,7851556240417
accept-in,2941360725001764560,7851556248703
accept-in,4549680003958058966,7851562492375
accept-in,4549680003958058966,7851562498716
accept-in,5979769034571872475,7851568826195
accept-in,5979769034571872475,7851568833490
accept-in,5534910742374844350,7851575096961
accept-in,5534910742374844350,7851575103666
accept-in,-2795991408785607695,7851581385289
accept-in,-2795991408785607695,7851581393237
accept-in,-2760644178502657751,7851587690695
accept-in,-2760644178502657751,7851587702897
accept-in,-6554262889216396533,7851594136286
accept-in,-6554262889216396533,7851594142659
accept-in,-8407434006266659299,7851600349947
accept-in,-8407434006266659299,7851600356447
accept-in,-2985688657475553914,7851606604441
accept-in,-2985688657475553914,7851606610755
accept-in,7956291798794365565,7851612932676
accept-in,7956291798794365565,7851612939210
accept-in,-6384495199366627916,7851619235727
accept-in,-6384495199366627916,7851619241926
accept-in,-1945650351929177917,7851625491473
accept-in,-1945650351929177917,7851625497838
accept-in,544141174238948073,7851631805827
accept-in,544141174238948073,7851631812185
accept-in,-6612008408338698747,7851638214525
accept-in,-6612008408338698747,7851638220908
accept-in,3246779353910752000,7851644424959
accept-in,3246779353910752000,7851644430420
accept-in,2163517794192072084,7851650690556
accept-in,2163517794192072084,7851650704284
accept-in,4747734389911769328,7851656984526
accept-in,4747734389911769328,7851656990644
accept-in,-8730640351009958223,7851663297352
accept-in,-8730640351009958223,7851663302738
accept-in,6527065974946728559,7851669647464
accept-in,6527065974946728559,7851669653421
accept-in,3244628508246202697,7851675905174
accept-in,3244628508246202697,7851675911225
accept-in,-5398631118017014456,7851682285675
accept-in,-5398631118017014456,7851682291208
accept-in,6475729890107212144,7851688494998
accept-in,6475729890107212144,7851688501032
accept-in,4425449766203098989,7851694791315
accept-in,4425449766203098989,7851694796372
accept-in,4916593837224386529,7851701123475
accept-in,4916593837224386529,7851701128293
accept-in,5952159326233894951,7851707423427
accept-in,5952159326233894951,7851707428577
accept-in,-7362389319957649850,7851713815071
accept-in,-7362389319957649850,7851713821397
accept-in,-6565385061141037796,7851719998763
accept-in,-6565385061141037796,7851720023051
accept-in,2641830860754186120,7851726384663
accept-in,2641830860754186120,7851726390390
accept-in,5050960107614550650,7851732601206
accept-in,5050960107614550650,7851732607642
accept-in,1207631888012870879,7851738917205
accept-in,1207631888012870879,7851738923541
accept-in,2647522997794758460,7851745277560
accept-in,2647522997794758460,7851745283673
accept-in,-234729331883553771,7851751637943
accept-in,-234729331883553771,7851751644147
accept-in,4838647973820684913,7851757805469
accept-in,4838647973820684913,7851757815343
accept-in,178852104585138383,7851764166323
accept-in,178852104585138383,7851764173670
accept-in,-6598630881300161183,7851770428318
accept-in,-6598630881300161183,7851770435153
accept-in,-1159282929955157164,7851776772810
accept-in,-1159282929955157164,7851776779358
accept-in,-293121060579248039,7851782994894
accept-in,-293121060579248039,7851783000508
accept-in,508712134774269671,7851789299640
accept-in,508712134774269671,7851789306446
accept-in,-2438288046190604515,7851795605760
accept-in,-2438288046190604515,7851795612953
accept-in,-1624750592038136191,7851801929689
accept-in,-1624750592038136191,7851801935239
accept-in,5691990371053229484,7851808197006
accept-in,5691990371053229484,7851808211794
accept-in,165953126099831143,7851814510875
accept-in,165953126099831143,7851814516476
accept-in,-5235169865915209561,7851820784693
accept-in,-5235169865915209561,7851820791322
accept-in,7548205930422194454,7851827132267
accept-in,7548205930422194454,7851827138874
accept-in,1614787209259612156,7851833384351
accept-in,1614787209259612156,7851833390687
accept-in,-8205220254652406882,7851839674613
accept-in,-8205220254652406882,7851839684412
accept-in,4736839807193993153,7851846041674
accept-in,4736839807193993153,7851846047496
accept-in,-1438444259837936387,7851852297945
accept-in,-1438444259837936387,7851852303292
accept-in,-7227764300770057785,7851858612334
accept-in,-7227764300770057785,7851858618256
accept-in,8452601975125385312,7851864887014
accept-in,8452601975125385312,7851864892897
accept-in,-6120299703283877894,7851871198315
accept-in,-6120299703283877894,7851871203751
accept-in,4642557657062963605,7851877482266
accept-in,4642557657062963605,7851877496238
accept-in,3212475645092080666,7851883845751
accept-in,3212475645092080666,7851883851283
accept-in,415503959403166815,7851890091871
accept-in,415503959403166815,7851890103071
accept-in,-4143088180445861514,7851896392272
accept-in,-4143088180445861514,7851896397609
accept-in,-8843893255695267889,7851902731465
accept-in,-8843893255695267889,7851902736407
accept-in,378427580307424747,7851908990464
accept-in,378427580307424747,7851908996494
accept-in,-7976234581458395462,7851915347447
accept-in,-7976234581458395462,7851915353320
accept-in,-372083508711663229,7851921610679
accept-in,-372083508711663229,7851921615731
accept-in,-839603126226159570,7851927955578
accept-in,-839603126226159570,7851927960799
accept-in,8069219170562053569,7851934188431
accept-in,8069219170562053569,7851934193851
accept-in,1330529397920393467,7851940541570
accept-in,1330529397920393467,7851940547052
accept-in,-2527744960407293724,7851946854714
accept-in,-2527744960407293724,7851946859417
accept-in,1049414927354682314,7851953119784
accept-in,1049414927354682314,7851953124986
accept-in,-331956509859510633,7851959396841
accept-in,-331956509859510633,7851959401909
accept-in,-1066031532891497613,7851965695509
accept-in,-1066031532891497613,7851965700958
accept-in,-7508743564781664508,7851972061262
accept-in,-7508743564781664508,7851972066368
accept-in,-6758587647879181929,7851978341232
accept-in,-6758587647879181929,7851978347015
accept-in,-1595875490158983844,7851984619221
accept-in,-1595875490158983844,7851984624887
accept-in,-8447441585796602522,7851990950946
accept-in,-8447441585796602522,7851990956214
accept-in,3256902564421583665,7851997196602
accept-in,3256902564421583665,7851997202243
accept-in,6403735962346251025,7852003601669
accept-in,6403735962346251025,7852003609407
accept-in,6301865525954962016,7852009804878
accept-in,6301865525954962016,7852009815544
accept-in,-2804341638322326577,7852016149827
accept-in,-2804341638322326577,7852016160222
accept-in,4699693946631138338,7852022485402
accept-in,4699693946631138338,7852022491273
accept-in,-2319508099813166295,7852028726428
accept-in,-2319508099813166295,7852028732362
accept-in,-8747895600424040483,7852035043921
accept-in,-8747895600424040483,7852035049042
accept-in,-7326530761348686844,7852041315914
accept-in,-7326530761348686844,7852041321571
accept-in,-7120020502775648301,7852047599036
accept-in,-7120020502775648301,7852047604450
accept-in,3093968146628171402,7852053941004
accept-in,3093968146628171402,7852053947859
accept-in,1863713872357039197,7852060181593
accept-in,1863713872357039197,7852060188782
accept-in,4640236587031638182,7852066494605
accept-in,4640236587031638182,7852066500455
accept-in,-5372791743555928590,7852072845602
accept-in,-5372791743555928590,7852072852788
accept-in,-4316558590337537151,7852079111218
accept-in,-4316558590337537151,7852079117704
accept-in,6545089695766242189,7852085383616
accept-in,6545089695766242189,7852085390085
accept-in,-4743966751985082371,7852091715179
accept-in,-4743966751985082371,7852091721012
accept-in,-4285288002645089155,7852098108597
accept-in,-4285288002645089155,7852098114544
accept-in,8199081714685994145,7852104300378
accept-in,8199081714685994145,7852104305987
accept-in,-2858617828237220296,7852110735975
accept-in,-2858617828237220296,7852110742033
accept-in,8659525427446472212,7852116967568
accept-in,8659525427446472212,7852116974215
accept-in,-1190572299439146982,7852123207675
accept-in,-1190572299439146982,7852123220105
accept-in,-1561666993656180004,7852129576376
accept-in,-1561666993656180004,7852129584719
accept-in,2126864977507837871,7852135776396
accept-in,2126864977507837871,7852135782790
accept-in,8380107488261320353,7852142114858
accept-in,8380107488261320353,7852142120695
accept-in,-6943295253735025554,7852148393487
accept-in,-6943295253735025554,7852148399629
accept-in,7049923620608957805,7852154715760
accept-in,7049923620608957805,7852154721513
accept-in,-582007667882824399,7852161013333
accept-in,-582007667882824399,7852161019118
accept-in,5317279341497867043,7852167305605
accept-in,5317279341497867043,7852167311516
accept-in,8897514975496690812,7852173648324
accept-in,8897514975496690812,7852173653589
accept-in,-6277733468078540355,7852179899221
accept-in,-6277733468078540355,7852179904511
accept-in,-8976127067447418856,7852186208954
accept-in,-8976127067447418856,7852186220433
accept-in,8337419201548221644,7852192541445
accept-in,8337419201548221644,7852192577955
accept-in,1358383860722510544,7852199134542
accept-in,1358383860722510544,7852199140770
accept-in,6359105944458178007,7852205194144
accept-in,6359105944458178007,7852205200316
accept-in,3151485165688388799,7852211462951
accept-in,3151485165688388799,7852211470749
accept-in,6825594588218807635,7852217756264
accept-in,6825594588218807635,7852217763113
accept-in,-2523559067221552841,7852224037855
accept-in,-2523559067221552841,7852224046270
accept-in,-5561915612004463911,7852230299182
accept-in,-5561915612004463911,7852230370236
accept-in,-5051109563320718418,7852236680169
accept-in,-5051109563320718418,7852236704050
accept-in,4974654102492162028,7852242897952
accept-in,4974654102492162028,7852242902846
accept-in,-4510482376862670934,7852249302737
accept-in,-4510482376862670934,7852249307593
accept-in,1816018783609797206,7852255574804
accept-in,1816018783609797206,7852255579762
accept-in,-2289201706756612848,7852261818633
accept-in,-2289201706756612848,7852261823431
accept-in,6440094206362905769,7852268109928
accept-in,6440094206362905769,7852268115588
accept-in,3969879053738554612,7852274453388
accept-in,3969879053738554612,7852274457932
accept-in,-780082254033758444,7852280712776
accept-in,-780082254033758444,7852280717491
accept-in,7670073200414628118,7852287038942
accept-in,7670073200414628118,7852287050705
accept-in,8661677026971334392,7852293339425
accept-in,8661677026971334392,7852293345624
accept-in,-7917993961822696043,7852299557012
accept-in,-7917993961822696043,7852299564126
accept-in,-512936181669644935,7852305898528
accept-in,-512936181669644935,7852305905070
accept-in,4433932281840421770,7852312209692
accept-in,4433932281840421770,7852312215417
accept-in,-5642348916761276805,7852318535211
accept-in,-5642348916761276805,7852318541761
accept-in,-5074647486784927773,7852324813621
accept-in,-5074647486784927773,7852324824970
accept-in,-6201114903563873670,7852331109926
accept-in,-6201114903563873670,7852331122384
accept-in,-3481225081388378792,7852337401616
accept-in,-3481225081388378792,7852337414685
accept-in,4556680996961861585,7852343779916
accept-in,4556680996961861585,7852343785427
accept-in,1578042362283672749,7852350019801
accept-in,1578042362283672749,7852350025220
accept-in,7471596985834774809,7852356396713
accept-in,7471596985834774809,7852356409517
accept-in,-5793172862161028403,7852362649831
accept-in,-5793172862161028403,7852362654429
accept-in,-2482655082490136024,7852368899805
accept-in,-2482655082490136024,7852368904644
accept-in,-2401755272721464017,7852375250431
accept-in,-2401755272721464017,7852375254948
accept-in,-2657560071388499916,7852381522383
accept-in,-2657560071388499916,7852381534274
accept-in,4958380403594754896,7852387851116
accept-in,4958380403594754896,7852387855790
accept-in,-9172465740202324727,7852394232252
accept-in,-9172465740202324727,7852394236778
accept-in,6101499504962511035,7852402830769
accept-in,6101499504962511035,7852402836556
accept-in,2708572107991335057,7852406748323
accept-in,2708572107991335057,7852406754578
accept-in,-1195925120501989001,7852413019467
accept-in,-1195925120501989001,7852413024316
accept-in,5312473940877963507,7852419340387
accept-in,5312473940877963507,7852419346097
accept-in,-1988162562613083341,7852425767942
accept-in,-1988162562613083341,7852425774188
accept-in,4707765040454700644,7852431918130
accept-in,4707765040454700644,7852431924391
accept-in,-1243721479181336404,7852438192341
accept-in,-1243721479181336404,7852438197905
accept-in,-4200136348991903305,7852444524666
accept-in,-4200136348991903305,7852444529918
accept-in,-6264701680465402999,7852450819364
accept-in,-6264701680465402999,7852450824526
accept-in,2640544330354441382,7852457160892
accept-in,2640544330354441382,7852457166584
accept-in,-2712338729637662256,7852463450681
accept-in,-2712338729637662256,7852463456271
accept-in,6967155316273333406,7852469770704
accept-in,6967155316273333406,7852469776092
accept-in,4162115754235984924,7852475983090
accept-in,4162115754235984924,7852475988460
accept-in,-7962221156609764863,7852482374662
accept-in,-7962221156609764863,7852482381167
accept-in,8901850066526630767,7852488674370
accept-in,8901850066526630767,7852488679897
accept-in,-6978004544342894067,7852494907009
accept-in,-6978004544342894067,7852494919600
accept-in,961068131286171222,7852501196682
accept-in,961068131286171222,7852501203166
accept-in,-4984583375807618988,7852507575245
accept-in,-4984583375807618988,7852507595969
accept-in,-831820962279239339,7852513866860
accept-in,-831820962279239339,7852513873395
accept-in,-269535370008070895,7852520167320
accept-in,-269535370008070895,7852520173024
accept-in,-8024365837789790541,7852526499597
accept-in,-8024365837789790541,7852526505639
accept-in,5879100322859758856,7852532720931
accept-in,5879100322859758856,7852532726349
accept-in,-6079756404602620951,7852539048743
accept-in,-6079756404602620951,7852539054591
accept-in,4301104561696724735,7852545291353
accept-in,4301104561696724735,7852545297415
accept-in,824265727270670768,7852551671122
accept-in,824265727270670768,7852551676869
accept-in,7955617812840740410,7852557899883
accept-in,7955617812840740410,7852557905376
accept-in,-5036896261360637503,7852564187904
accept-in,-5036896261360637503,7852564193617
accept-in,5495473724381463349,7852570505388
accept-in,5495473724381463349,7852570510422
accept-in,-6251357066258749528,7852576820687
accept-in,-6251357066258749528,7852576825456
accept-in,7746976080330993792,7852583204530
accept-in,7746976080330993792,7852583209480
accept-in,537717289607524013,7852589377664
accept-in,537717289607524013,7852589383621
accept-in,4066252165087491106,7852595759031
accept-in,4066252165087491106,7852595764040
accept-in,3768578126976500136,7852602119675
accept-in,3768578126976500136,7852602124293
accept-in,-2303830425657400836,7852608312804
accept-in,-2303830425657400836,7852608318647
accept-in,-1908389796406892335,7852614699143
accept-in,-1908389796406892335,7852614705333
accept-in,-1697668555527654068,7852620982029
accept-in,-1697668555527654068,7852620987653
accept-in,5931582606794913013,7852627202511
accept-in,5931582606794913013,7852627209407
accept-in,3275992045748211164,7852633491465
accept-in,3275992045748211164,7852633498080
accept-in,1115180314852951033,7852639811602
accept-in,1115180314852951033,7852639818175
accept-in,-4232035756448962212,7852646236891
accept-in,-4232035756448962212,7852646243948
accept-in,-232431623846367654,7852652392946
accept-in,-232431623846367654,7852652400476
accept-in,-4828931523255787264,7852658727316
accept-in,-4828931523255787264,7852658733754
accept-in,-252001574836243379,7852665058249
accept-in,-252001574836243379,7852665063677
accept-in,-2606764053688636039,7852671363375
accept-in,-2606764053688636039,7852671376524
accept-in,-5642412191053936971,7852677639502
accept-in,-5642412191053936971,7852677645507
accept-in,-3279742190796324789,7852683915820
accept-in,-3279742190796324789,7852683921764
accept-in,4732385230123751352,7852690197468
accept-in,4732385230123751352,7852690203250
accept-in,7417149872229783334,7852696531435
accept-in,7417149872229783334,7852696538358
accept-in,4030884540074485544,7852702806283
accept-in,4030884540074485544,7852702812703
accept-in,5596188331693472064,7852709148759
accept-in,5596188331693472064,7852709154289
accept-in,4298488386553181862,7852715394505
accept-in,4298488386553181862,7852715399968
accept-in,8390757234224162454,7852721763531
accept-in,8390757234224162454,7852721769106
accept-in,-9056985679085874987,7852727996212
accept-in,-9056985679085874987,7852728031567
accept-in,2576828679207459797,7852734467770
accept-in,2576828679207459797,7852734472883
accept-in,-44735034413032925,7852740678067
accept-in,-44735034413032925,7852740683103
accept-in,3687330729288630212,7852746906487
accept-in,3687330729288630212,7852746912150
accept-in,-4712740454808785875,7852753247955
accept-in,-4712740454808785875,7852753253876
accept-in,3763738285320209258,7852759579199
accept-in,3763738285320209258,7852759584122
accept-in,-1026603296109924216,7852765792655
accept-in,-1026603296109924216,7852765797141
accept-in,7371124008392960681,7852772106483
accept-in,7371124008392960681,7852772118556
accept-in,-3715222754309848595,7852778396875
accept-in,-3715222754309848595,7852778402071
accept-in,-6819477077959271992,7852784697582
accept-in,-6819477077959271992,7852784702232
accept-in,-2172066643328778884,7852791043548
accept-in,-2172066643328778884,7852791048094
accept-in,2529071012784701632,7852797297860
accept-in,2529071012784701632,7852797304817
accept-in,-1680490047687349382,7852803608060
accept-in,-1680490047687349382,7852803613341
accept-in,-7934200079509610783,7852809970117
accept-in,-7934200079509610783,7852809975126
accept-in,9089858357960559296,7852816288707
accept-in,9089858357960559296,7852816293705
accept-in,-8692579758380933659,7852822497173
accept-in,-8692579758380933659,7852822502060
accept-in,4863218786402438556,7852828826711
accept-in,4863218786402438556,7852828831321
accept-in,8514731274696543717,7852835102606
accept-in,8514731274696543717,7852835107193
accept-in,8388769143789613881,7852841398464
accept-in,8388769143789613881,7852841402758
accept-in,-5669403485935031077,7852847768745
accept-in,-5669403485935031077,7852847780441
accept-in,-1340472692486167476,7852853984264
accept-in,-1340472692486167476,7852853988774
accept-in,-8329945066540134528,7852860351017
accept-in,-8329945066540134528,7852860362317
accept-in,6528247430208885110,7852866645021
accept-in,6528247430208885110,7852866649782
accept-in,-5129002397414367774,7852872942546
accept-in,-5129002397414367774,7852872947788
accept-in,-7373031410596783999,7852879217536
accept-in,-7373031410596783999,7852879228655
accept-in,9100503938628433625,7852885499168
accept-in,9100503938628433625,7852885505045
accept-in,2591067846024927509,7852891799171
accept-in,2591067846024927509,7852891804035
accept-in,5820087776237654848,7852898157199
accept-in,5820087776237654848,7852898162706
accept-in,-2291661003321171869,7852904682817
accept-in,-2291661003321171869,7852904687966
accept-in,6158710489225064176,7852910743384
accept-in,6158710489225064176,7852910749222
accept-in,7822475840167176691,7852916989164
accept-in,7822475840167176691,7852917001588
accept-in,8750495250866642143,7852923356195
accept-in,8750495250866642143,7852923361717
accept-in,6452389368510661216,7852929602472
accept-in,6452389368510661216,7852929607198
accept-in,7073895057333282513,7852935900007
accept-in,7073895057333282513,7852935904629
accept-in,1633749564830344977,7852942571763
accept-in,1633749564830344977,7852942577552
accept-in,-2835425221161635617,7852948603000
accept-in,-2835425221161635617,7852948607516
accept-in,-5571809477669371368,7852954887952
accept-in,-5571809477669371368,7852954893257
accept-in,4205444492714782398,7852961097976
accept-in,4205444492714782398,7852961102478
accept-in,8005625639437896641,7852967394511
accept-in,8005625639437896641,7852967399235
accept-in,-2325261889947300253,7852973778767
accept-in,-2325261889947300253,7852973782539
accept-in,-4075405736108010037,7852980084580
accept-in,-4075405736108010037,7852980092271
accept-in,-8753741690747082091,7852986341988
accept-in,-8753741690747082091,7852986347317
accept-in,6512914857478391212,7852992595541
accept-in,6512914857478391212,7852992600214
accept-in,4032333637973120475,7852998932628
accept-in,4032333637973120475,7852998937088
accept-in,-1133132583754139596,7853005292706
accept-in,-1133132583754139596,7853005297808
accept-in,-6385201825241818816,7853011497215
accept-in,-6385201825241818816,7853011502379
accept-in,6653200698429772685,7853017816480
accept-in,6653200698429772685,7853017821780
accept-in,-5503150803984316595,7853024125289
accept-in,-5503150803984316595,7853024130724
accept-in,-3919349033411359896,7853030427120
accept-in,-3919349033411359896,7853030431889
accept-in,3935092183156759834,7853036697788
accept-in,3935092183156759834,7853036701960
accept-in,4721720767386475889,7853042985722
accept-in,4721720767386475889,7853042990613
accept-in,-1529563595371602433,7853049287015
accept-in,-1529563595371602433,7853049291821
accept-in,-5659825513747625168,7853055605350
accept-in,-5659825513747625168,7853055610645
accept-in,4941836716931670907,7853061913990
accept-in,4941836716931670907,7853061919382
accept-in,-3508194063081819160,7853068209367
accept-in,-3508194063081819160,7853068214624
accept-in,7858503482854166232,7853074510512
accept-in,7858503482854166232,7853074517090
accept-in,5376885184365554264,7853080796343
accept-in,5376885184365554264,7853080801999
accept-in,258695647709442763,7853087121201
accept-in,258695647709442763,7853087127529
accept-in,1578947412605282055,7853093574865
accept-in,1578947412605282055,7853093580851
accept-in,-7757707497726831619,7853099742531
accept-in,-7757707497726831619,7853099750171
accept-in,8550492419882395213,7853108182217
accept-in,8550492419882395213,7853108190249
accept-in,-457312747202410997,7853112284913
accept-in,-457312747202410997,7853112290678
accept-in,1728810169267036436,7853118597266
accept-in,1728810169267036436,7853118604355
accept-in,-8649141453297183930,7853124936532
accept-in,-8649141453297183930,7853124943542
accept-in,-2972909320002316621,7853131221640
accept-in,-2972909320002316621,7853131227833
accept-in,7463569488512652545,7853137520065
accept-in,7463569488512652545,7853137526238
accept-in,2644306451862667837,7853143836873
accept-in,2644306451862667837,7853143841691
accept-in,1554125780648891614,7853150117952
accept-in,1554125780648891614,7853150124448
accept-in,8239728937150114286,7853156832112
accept-in,8239728937150114286,7853156838090
accept-in,-7528493895674359598,7853162699293
accept-in,-7528493895674359598,7853162704673
accept-in,938898457337803876,7853169008905
accept-in,938898457337803876,7853169014773
accept-in,-1550518100455179314,7853175308637
accept-in,-1550518100455179314,7853175314819
accept-in,6073015064571324185,7853181672586
accept-in,6073015064571324185,7853181679386
accept-in,558054048995898460,7853187897661
accept-in,558054048995898460,7853187903684
accept-in,4647567945073026362,7853194296726
accept-in,4647567945073026362,7853194304123
accept-in,6984702538637831893,7853200590549
accept-in,6984702538637831893,7853200596957
accept-in,-214653198390522260,7853206818576
accept-in,-214653198390522260,7853206825036
accept-in,-8212402864596299862,7853213119454
accept-in,-8212402864596299862,7853213126548
accept-in,7699785468198319323,7853219434070
accept-in,7699785468198319323,7853219439546
accept-in,56288712574147913,7853225834959
accept-in,56288712574147913,7853225842547
accept-in,8381716147381905057,7853232028783
accept-in,8381716147381905057,7853232035381
accept-in,6235819637851571900,7853238305684
accept-in,6235819637851571900,7853238312757
accept-in,-5726981288204690076,7853244627607
accept-in,-5726981288204690076,7853244632720
accept-in,7377999519245336306,7853250922603
accept-in,7377999519245336306,7853250928081
accept-in,1072527315623840836,7853257242217
accept-in,1072527315623840836,7853257247805
accept-in,656048459196070469,7853263544510
accept-in,656048459196070469,7853263550096
accept-in,-5801473126667346893,7853269837494
accept-in,-5801473126667346893,7853269842626
accept-in,-4430231719486372680,7853276123094
accept-in,-4430231719486372680,7853276129937
accept-in,608221866829465393,7853282410313
accept-in,608221866829465393,7853282417276
accept-in,4975076818454274788,7853288743294
accept-in,4975076818454274788,7853288750287
accept-in,-5875103880149040753,7853295030266
accept-in,-5875103880149040753,7853295036620
accept-in,-8273992638613633072,7853301311013
accept-in,-8273992638613633072,7853301316407
accept-in,-7570589612254427463,7853307679816
accept-in,-7570589612254427463,7853307687159
accept-in,-88494304230492087,7853313924678
accept-in,-88494304230492087,7853313930588
accept-in,3022963723409898454,7853320197321
accept-in,3022963723409898454,7853320202997
accept-in,-6687087526688731499,7853326507613
accept-in,-6687087526688731499,7853326519922
accept-in,-3387452884689801353,7853332814247
accept-in,-3387452884689801353,7853332820720
accept-in,7118087503392572595,7853339097257
accept-in,7118087503392572595,7853339103462
accept-in,-6090630920386745169,7853345504885
accept-in,-6090630920386745169,7853345511496
accept-in,-5773982452914176844,7853351701937
accept-in,-5773982452914176844,7853351712086
accept-in,8534645499583957904,7853358850941
accept-in,8534645499583957904,7853358856127
accept-in,-38842386751864475,7853364383574
accept-in,-38842386751864475,7853364388940
accept-in,360018628271195097,7853370615998
accept-in,360018628271195097,7853370621124
accept-in,-9074277580294279744,7853376979720
accept-in,-9074277580294279744,7853376985338
accept-in,-91727945184538500,7853383193852
accept-in,-91727945184538500,7853383199135
accept-in,2900987347422512493,7853389512353
accept-in,2900987347422512493,7853389516699
accept-in,-1082837656312711804,7853395781215
accept-in,-1082837656312711804,7853395785873
accept-in,-4385050532011472692,7853402115132
accept-in,-4385050532011472692,7853402120707
accept-in,-5713199665364334525,7853408454951
accept-in,-5713199665364334525,7853408460373
accept-in,-8905241180977770735,7853414722025
accept-in,-8905241180977770735,7853414726915
accept-in,2848394876875618936,7853421003148
accept-in,2848394876875618936,7853421008608
accept-in,564908422315984889,7853427305188
accept-in,564908422315984889,7853427311095
accept-in,-4639026142628829873,7853433679620
accept-in,-4639026142628829873,7853433685676
accept-in,-1083247031978072088,7853439909708
accept-in,-1083247031978072088,7853439914886
accept-in,521984168690699578,7853446231165
accept-in,521984168690699578,7853446235966
accept-in,-7613088995872155715,7853452533588
accept-in,-7613088995872155715,7853452538661
accept-in,597329761117146374,7853458825701
accept-in,597329761117146374,7853458831736
accept-in,1629346414615479331,7853465103884
accept-in,1629346414615479331,7853465109308
accept-in,1492719789003889431,7853471437637
accept-in,1492719789003889431,7853471442731
accept-in,2556925651875216933,7853477703157
accept-in,2556925651875216933,7853477707953
accept-in,-3123805526769366723,7853484057224
accept-in,-3123805526769366723,7853484062778
accept-in,8838815530606952528,7853490340438
accept-in,8838815530606952528,7853490345691
accept-in,-8290413184325376560,7853496658063
accept-in,-8290413184325376560,7853496664269
accept-in,-3927376039932261583,7853502903774
accept-in,-3927376039932261583,7853502918774
accept-in,-6916072317042170829,7853509209339
accept-in,-6916072317042170829,7853509214866
accept-in,7187134896193780616,7853515504352
accept-in,7187134896193780616,7853515509553
accept-in,1714141997926418219,7853521826391
accept-in,1714141997926418219,7853521832277
accept-in,7703330437399559385,7853528095791
accept-in,7703330437399559385,7853528100932
accept-in,-4256757008788949106,7853534436944
accept-in,-4256757008788949106,7853534441304
accept-in,8084232734859143862,7853540838516
accept-in,8084232734859143862,7853540842512
accept-in,3920602196138176177,7853547028888
accept-in,3920602196138176177,7853547034853
accept-in,-2714262818600507850,7853553311852
accept-in,-2714262818600507850,7853553322500
accept-in,7355039807017404812,7853559692034
accept-in,7355039807017404812,7853559697299
accept-in,1536192911816694775,7853565913354
accept-in,1536192911816694775,7853565918787
accept-in,7173068622942618788,7853572204663
accept-in,7173068622942618788,7853572210183
accept-in,-3161235187331141425,7853578594831
accept-in,-3161235187331141425,7853578601462
accept-in,-1692828024305092317,7853584790992
accept-in,-1692828024305092317,7853584796404
accept-in,7737424206410802626,7853591116961
accept-in,7737424206410802626,7853591121997
accept-in,4631606762764792276,7853597481132
accept-in,4631606762764792276,7853597486307
accept-in,-5963691737539654875,7853603729578
accept-in,-5963691737539654875,7853603734045
accept-in,8280660241087791736,7853610107259
accept-in,8280660241087791736,7853610119882
accept-in,858109293258509454,7853616296158
accept-in,858109293258509454,7853616308419
accept-in,-4673789900083287347,7853622640762
accept-in,-4673789900083287347,7853622650640
accept-in,7503658633517589840,7853628948696
accept-in,7503658633517589840,7853628955559
accept-in,1637705078107338434,7853635246122
accept-in,1637705078107338434,7853635252297
accept-in,6354826592492287303,7853641537465
accept-in,6354826592492287303,7853641542851
accept-in,-8006615671590627035,7853647812359
accept-in,-8006615671590627035,7853647818034
accept-in,3909710909525924872,7853654133910
accept-in,3909710909525924872,7853654140974
accept-in,-4822911602667308520,7853660545847
accept-in,-4822911602667308520,7853660552084
accept-in,307153216433743280,7853666704872
accept-in,307153216433743280,7853666710687
accept-in,2702428751245052439,7853673061676
accept-in,2702428751245052439,7853673066731
accept-in,-8199209117352354889,7853686988585
accept-in,-8199209117352354889,7853686994709
accept-in,8376553561036007883,7853688628604
accept-in,8376553561036007883,7853688632685
accept-in,-1400541156240958431,7853691877181
accept-in,-1400541156240958431,7853691881259
accept-in,7618978568237028255,7853698252103
accept-in,7618978568237028255,7853698256625
accept-in,5443892086338056654,7853704526671
accept-in,5443892086338056654,7853704531607
accept-in,-6706377106318811053,7853710782289
accept-in,-6706377106318811053,7853710787884
accept-in,1920386669376037287,7853717088642
accept-in,1920386669376037287,7853717093460
accept-in,-6814061498403820400,7853723381371
accept-in,-6814061498403820400,7853723386520
accept-in,-2275772993721103458,7853729696327
accept-in,-2275772993721103458,7853729702732
accept-in,1047392440377815784,7853735981595
accept-in,1047392440377815784,7853735986886
accept-in,2267639370476726579,7853742280052
accept-in,2267639370476726579,7853742284374
accept-in,7767065146255182510,7853748573637
accept-in,7767065146255182510,7853748578810
accept-in,-5890189346137680263,7853754894510
accept-in,-5890189346137680263,7853754899636
accept-in,-3332890195390776888,7850611280550
accept-in,-3332890195390776888,7850611285741
accept-in,-8888308779250338170,7850617530966
accept-in,-8888308779250338170,7850617535904
accept-in,-1659370443030867774,7850623920404
accept-in,-1659370443030867774,7850623926021
accept-in,4403291791762767616,7850630104730
accept-in,4403291791762767616,7850630110707
accept-in,6640854655469098008,7850636385339
accept-in,6640854655469098008,7850636391195
accept-in,-3021933785633570725,7850642732162
accept-in,-3021933785633570725,7850642743570
accept-in,415319219816161849,7850649012175
accept-in,415319219816161849,7850649017861
accept-in,-547951162158296892,7850655300845
accept-in,-547951162158296892,7850655306519
accept-in,-7851434318155663453,7850661673002
accept-in,-7851434318155663453,7850661683908
accept-in,4323458820337437560,7850667932484
accept-in,4323458820337437560,7850667938298
accept-in,2072314392960368290,7850674263874
accept-in,2072314392960368290,7850674270156
accept-in,-3985276502842086491,7850680537913
accept-in,-3985276502842086491,7850680544234
accept-in,4372947171451067682,7850686790431
accept-in,4372947171451067682,7850686806073
accept-in,4951124628390524973,7850693119980
accept-in,4951124628390524973,7850693126009
accept-in,-983704894401008190,7850699395294
accept-in,-983704894401008190,7850699400500
accept-in,7787450220327815902,7850705703124
accept-in,7787450220327815902,7850705708848
accept-in,7912788316346753436,7850711996496
accept-in,7912788316346753436,7850712020470
accept-in,4890479777009039440,7850718349514
accept-in,4890479777009039440,7850718355558
accept-in,4322142508850159421,7850724663337
accept-in,4322142508850159421,7850724674553
accept-in,7275053037153433111,7850730898036
accept-in,7275053037153433111,7850730904450
accept-in,-4557319543348536362,7850737194138
accept-in,-4557319543348536362,7850737200230
accept-in,8702567868418807385,7850743539032
accept-in,8702567868418807385,7850743545100
accept-in,4108784427594035388,7850749795176
accept-in,4108784427594035388,7850749800772
accept-in,4507277659912687762,7850756155324
accept-in,4507277659912687762,7850756162130
accept-in,4367601505783422144,7850762392724
accept-in,4367601505783422144,7850762398857
accept-in,5374674562555775154,7850768735700
accept-in,5374674562555775154,7850768748085
accept-in,-2244373868269686775,7850775012591
accept-in,-2244373868269686775,7850775018298
accept-in,-534884015976186425,7850781306274
accept-in,-534884015976186425,7850781311855
accept-in,-3126293001565370944,7850787609314
accept-in,-3126293001565370944,7850787615424
accept-in,-2509190029241343261,7850794052968
accept-in,-2509190029241343261,7850794058995
accept-in,1711003962472676103,7850800348148
accept-in,1711003962472676103,7850800354576
accept-in,-5244886113715236281,7850806516382
accept-in,-5244886113715236281,7850806522592
accept-in,-528243975538420056,7850812824493
accept-in,-528243975538420056,7850812841795
accept-in,165468816675377061,7850819086398
accept-in,165468816675377061,7850819091832
accept-in,5346192279405745720,7850825421579
accept-in,5346192279405745720,7850825427454
accept-in,-7075322842621103228,7850831772005
accept-in,-7075322842621103228,7850831777146
accept-in,2092216759789708908,7850838012750
accept-in,2092216759789708908,7850838017910
accept-in,-2372919619459827753,7850844376227
accept-in,-2372919619459827753,7850844382404
accept-in,-2629669527648092989,7850850589384
accept-in,-2629669527648092989,7850850594732
accept-in,-6485724995711627731,7850856901669
accept-in,-6485724995711627731,7850856907493
accept-in,8779265560947272237,7850863182993
accept-in,8779265560947272237,7850863189504
accept-in,8336516896431333943,7850869519329
accept-in,8336516896431333943,7850869525285
accept-in,-1160063541282090436,7850875791474
accept-in,-1160063541282090436,7850875797058
accept-in,-2944122438021319366,7850882087925
accept-in,-2944122438021319366,7850882093497
accept-in,-7576869069845096420,7850888445744
accept-in,-7576869069845096420,7850888451311
accept-in,8044589731740840242,7850894737309
accept-in,8044589731740840242,7850894742148
accept-in,-5152814776733641421,7850901005147
accept-in,-5152814776733641421,7850901010524
accept-in,-3908502132135036795,7850907290884
accept-in,-3908502132135036795,7850907295984
accept-in,-5433744521961815041,7850913601053
accept-in,-5433744521961815041,7850913607111
accept-in,-4532565917263564584,7850919931182
accept-in,-4532565917263564584,7850919937070
accept-in,337208501210391330,7850926184508
accept-in,337208501210391330,7850926197181
accept-in,-1808507824432238774,7850932531811
accept-in,-1808507824432238774,7850932537662
accept-in,4246889230504663082,7850938782508
accept-in,4246889230504663082,7850938788563
accept-in,4972420877686397799,7850945133803
accept-in,4972420877686397799,7850945140058
accept-in,6268583554954452623,7850951432724
accept-in,6268583554954452623,7850951438208
accept-in,7273761062281016412,7850957774948
accept-in,7273761062281016412,7850957781233
accept-in,-8766757353950366017,7850964025628
accept-in,-8766757353950366017,7850964032121
accept-in,8685263661551050874,7850970342992
accept-in,8685263661551050874,7850970349445
accept-in,1809677791224408914,7850976594087
accept-in,1809677791224408914,7850976600898
accept-in,3318927404531549654,7850982923807
accept-in,3318927404531549654,7850982929690
accept-in,-4448080485695247981,7850989199907
accept-in,-4448080485695247981,7850989206358
accept-in,3384898696523421494,7850995514053
accept-in,3384898696523421494,7850995519681
accept-in,-4453520472655161101,7851001807510
accept-in,-4453520472655161101,7851001813413
accept-in,-8878645420359504475,7851008125275
accept-in,-8878645420359504475,7851008132354
accept-in,-1889970262506186319,7851014418677
accept-in,-1889970262506186319,7851014425934
accept-in,-1946681077654920373,7851020771183
accept-in,-1946681077654920373,7851020776893
accept-in,-7441342112959449308,7851027264564
accept-in,-7441342112959449308,7851027270969
accept-in,8462667830727670743,7851033326124
accept-in,8462667830727670743,7851033331995
accept-in,-9183648848850438592,7851039615600
accept-in,-9183648848850438592,7851039621601
accept-in,1052311636369219241,7851045908707
accept-in,1052311636369219241,7851045921444
accept-in,-8625217290394294534,7851052236408
accept-in,-8625217290394294534,7851052243668
accept-in,-100259326565379769,7851058500689
accept-in,-100259326565379769,7851058507223
accept-in,-6633212058176335078,7851064959372
accept-in,-6633212058176335078,7851064975026
accept-in,-3629045577777290179,7851071170297
accept-in,-3629045577777290179,7851071175712
accept-in,4042784399077322377,7851077397810
accept-in,4042784399077322377,7851077403399
accept-in,5959845836946714773,7851083697340
accept-in,5959845836946714773,7851083710853
accept-in,4745514788738713898,7851090006827
accept-in,4745514788738713898,7851090014568
accept-in,4992922721570921061,7851096325615
accept-in,4992922721570921061,7851096332566
accept-in,7916777887590802889,7851102607871
accept-in,7916777887590802889,7851102615169
accept-in,-5132866656752989077,7851108911341
accept-in,-5132866656752989077,7851108918145
