accept-in,4131181739912398950,41394793434516
accept-in,4131181739912398950,41394793491370
accept-in,-5517371845344258765,41394841852987
accept-in,-5517371845344258765,41394841880558
accept-in,8559201947012282364,41394890227603
accept-in,8559201947012282364,41394890265196
accept-in,2002396688809973872,41394938824694
accept-in,2002396688809973872,41394938837669
accept-in,8627837249966430623,41394987219021
accept-in,8627837249966430623,41394987228217
accept-in,-6358399017891325714,41395036176053
accept-in,-6358399017891325714,41395036182163
accept-in,3991501238871909526,41395084571060
accept-in,3991501238871909526,41395084581297
accept-in,529412672337436925,41395133303770
accept-in,529412672337436925,41395133326635
accept-in,251608584150827576,41395181200681
accept-in,251608584150827576,41395181210860
accept-in,-2498372739608895613,41395229738257
accept-in,-2498372739608895613,41395229748363
accept-in,-6145962876812220249,41395278229296
accept-in,-6145962876812220249,41395278239445
accept-in,7800467341680618386,41395326764589
accept-in,7800467341680618386,41395326775160
accept-in,-6239978688519364336,41395375262306
accept-in,-6239978688519364336,41395375269412
accept-in,-1875037785601608153,41395423743176
accept-in,-1875037785601608153,41395423750956
accept-in,1931818102755841738,41395472204048
accept-in,1931818102755841738,41395472230188
accept-in,-1287622548635021327,41395520754822
accept-in,-1287622548635021327,41395520762982
accept-in,416975236251268311,41395569338769
accept-in,416975236251268311,41395569347992
accept-in,6154729573359774237,41395617863007
accept-in,6154729573359774237,41395617872773
accept-in,2942674243064084979,41395666701042
accept-in,2942674243064084979,41395666742115
accept-in,-8280703132472108051,41395714806003
accept-in,-8280703132472108051,41395714815755
accept-in,6419941966804281592,41395763333170
accept-in,6419941966804281592,41395763343118
accept-in,-5264434290117310417,41395812188169
accept-in,-5264434290117310417,41395812194976
accept-in,1973794696237755338,41395860215848
accept-in,1973794696237755338,41395860241510
accept-in,6451446153356879672,41395908868100
accept-in,6451446153356879672,41395908879033
accept-in,-8281929976956528566,41395957247457
accept-in,-8281929976956528566,41395957272882
accept-in,5931433941654789638,41396005722253
accept-in,5931433941654789638,41396005731664
accept-in,-6606534863021564913,41396054286855
accept-in,-6606534863021564913,41396054332581
accept-in,-292708607525293392,41396102722620
accept-in,-292708607525293392,41396102734965
accept-in,162861925570168821,41396151280205
accept-in,162861925570168821,41396151291584
accept-in,4251112090918366020,41396199710757
accept-in,4251112090918366020,41396199719779
accept-in,5533333748136319232,41396248383489
accept-in,5533333748136319232,41396248393307
accept-in,-3470018010015200742,41396296792564
accept-in,-3470018010015200742,41396296801665
accept-in,-7974461193347785517,41396345188282
accept-in,-7974461193347785517,41396345197767
accept-in,-2946172731839745747,41396393854515
accept-in,-2946172731839745747,41396393879060
accept-in,3611421412040179983,41396442369045
accept-in,3611421412040179983,41396442376448
accept-in,-5333337050265815537,41396490883050
accept-in,-5333337050265815537,41396490895977
accept-in,8093766984285051908,41396539238505
accept-in,8093766984285051908,41396539249908
accept-in,-6846614900026022552,41396587813419
accept-in,-6846614900026022552,41396587822936
accept-in,4452695010064868572,41396636324834
accept-in,4452695010064868572,41396636334500
accept-in,4008910884358969515,41396686088729
accept-in,4008910884358969515,41396686094697
accept-in,9027086899169088802,41396733402763
accept-in,9027086899169088802,41396733411965
accept-in,-5117065729653278651,41396781867023
accept-in,-5117065729653278651,41396781878598
accept-in,345893980364565480,41396830210166
accept-in,345893980364565480,41396830239208
accept-in,5000521826337208477,41396878862162
accept-in,5000521826337208477,41396878873186
accept-in,8647400047801116397,41396927207025
accept-in,8647400047801116397,41396927216332
accept-in,-3420382923959302203,41396975702222
accept-in,-3420382923959302203,41396975709895
accept-in,-5385097852227664038,41397024220557
accept-in,-5385097852227664038,41397024231139
accept-in,-3494356025552716362,41397072783122
accept-in,-3494356025552716362,41397072790151
accept-in,2435104591228051886,41397121170629
accept-in,2435104591228051886,41397121181334
accept-in,-5518784439578445110,41397169717671
accept-in,-5518784439578445110,41397169728903
accept-in,2988017203271120474,41397218202884
accept-in,2988017203271120474,41397218214758
accept-in,2716485345712978172,41397266784154
accept-in,2716485345712978172,41397266792548
accept-in,-6642312392836807674,41397315431047
accept-in,-6642312392836807674,41397315444704
accept-in,5575119795184357682,41397363746626
accept-in,5575119795184357682,41397363756840
accept-in,4011511371169573565,41397412210810
accept-in,4011511371169573565,41397412220440
accept-in,-6349181130857139999,41397460840348
accept-in,-6349181130857139999,41397460922165
accept-in,-1229071884786452859,41397509207758
accept-in,-1229071884786452859,41397509217688
accept-in,-57758303938093331,41397557651587
accept-in,-57758303938093331,41397557660787
accept-in,938468011925766409,41397606290679
accept-in,938468011925766409,41397606299672
accept-in,-8391059249543932137,41397654743796
accept-in,-8391059249543932137,41397654753124
accept-in,-7766887072324999939,41397703627320
accept-in,-7766887072324999939,41397703638256
accept-in,-5400326375297448865,41397751984976
accept-in,-5400326375297448865,41397751994652
accept-in,7808358131117797832,41397800292890
accept-in,7808358131117797832,41397800301318
accept-in,-504681661649741806,41397848869955
accept-in,-504681661649741806,41397848896715
accept-in,-4358544451755605562,41397900272386
accept-in,-4358544451755605562,41397900281601
accept-in,-1007431559009890232,41397945801968
accept-in,-1007431559009890232,41397945811201
accept-in,-35969015428842151,41397994199751
accept-in,-35969015428842151,41397994210104
accept-in,-1302737067680309030,41398042820995
accept-in,-1302737067680309030,41398042833130
accept-in,3956689544282887029,41398091181874
accept-in,3956689544282887029,41398091190826
accept-in,-7245590621620788460,41398140197260
accept-in,-7245590621620788460,41398140203478
accept-in,-2869372923991332001,41398188349169
accept-in,-2869372923991332001,41398188355523
accept-in,1852162790893249416,41398236718670
accept-in,1852162790893249416,41398236728803
accept-in,-917743587234245637,41398285303947
accept-in,-917743587234245637,41398285325800
accept-in,-6102991891332599282,41398333761947
accept-in,-6102991891332599282,41398333773640
accept-in,4592233616848382555,41398382345854
accept-in,4592233616848382555,41398382355376
accept-in,2405280946057601129,41398430730872
accept-in,2405280946057601129,41398430756404
accept-in,-7956468956384974778,41398479337414
accept-in,-7956468956384974778,41398479349846
accept-in,4444467642871910020,41398527797695
accept-in,4444467642871910020,41398527812303
accept-in,2033743516573853125,41398576322714
accept-in,2033743516573853125,41398576334997
accept-in,8941967452714002828,41398624664029
accept-in,8941967452714002828,41398624673447
accept-in,1518572931060122305,41398673375929
accept-in,1518572931060122305,41398673401785
accept-in,-7684699147511035392,41398721807511
accept-in,-7684699147511035392,41398721818088
accept-in,1314553512932089893,41398770209692
accept-in,1314553512932089893,41398770234138
accept-in,459597601909226199,41398818862428
accept-in,459597601909226199,41398818873360
accept-in,-982513691167908974,41398868374915
accept-in,-982513691167908974,41398868383076
accept-in,-6756781316312024997,41398915814386
accept-in,-6756781316312024997,41398915824203
accept-in,-6575823281462458632,41398964298085
accept-in,-6575823281462458632,41398964316284
accept-in,1311796242508140422,41399013505150
accept-in,1311796242508140422,41399013534175
accept-in,-890703495577014787,41399061277566
accept-in,-890703495577014787,41399061288701
accept-in,2637065841273697518,41399109690822
accept-in,2637065841273697518,41399109699416
accept-in,5701872142697798015,41399158173378
accept-in,5701872142697798015,41399158180311
accept-in,-7954326833123085026,41399206770979
accept-in,-7954326833123085026,41399206781148
accept-in,3873083023424355025,41399255319156
accept-in,3873083023424355025,41399255328337
accept-in,-2182923622677509829,41399303777651
accept-in,-2182923622677509829,41399303785148
accept-in,2455730121976931875,41399352230018
accept-in,2455730121976931875,41399352240439
accept-in,8520968385556036483,41399400728733
accept-in,8520968385556036483,41399400754671
accept-in,-2432721274926158389,41399449273742
accept-in,-2432721274926158389,41399449284203
accept-in,-6702748618185755433,41399497736936
accept-in,-6702748618185755433,41399497747212
accept-in,-8707903062981132352,41399546491189
accept-in,-8707903062981132352,41399546547886
accept-in,4309667801821670581,41399594780898
accept-in,4309667801821670581,41399594795710
accept-in,-5513643409539540469,41399643482459
accept-in,-5513643409539540469,41399643492001
accept-in,-3444408029831938521,41399691733900
accept-in,-3444408029831938521,41399691759810
accept-in,-6757412147351400316,41399740422746
accept-in,-6757412147351400316,41399740446900
accept-in,4944067831622817787,41399788669782
accept-in,4944067831622817787,41399788680019
accept-in,8450842894621639704,41399837435039
accept-in,8450842894621639704,41399837467090
accept-in,8683820018869630808,41399885856663
accept-in,8683820018869630808,41399885864175
accept-in,3693114775778719215,41399934131716
accept-in,3693114775778719215,41399934140929
accept-in,1715317783122741092,41375732723725
accept-in,1715317783122741092,41375732738511
accept-in,5944438712460908967,41375781481670
accept-in,5944438712460908967,41375781496181
accept-in,-2126947546236811259,41375829754233
accept-in,-2126947546236811259,41375829768468
accept-in,5641066720979738658,41375878163314
accept-in,5641066720979738658,41375878182791
accept-in,4419495052510242014,41375926766681
accept-in,4419495052510242014,41375926839945
accept-in,1300768649630731270,41375975262389
accept-in,1300768649630731270,41375975276800
accept-in,1964392774669404158,41376023727853
accept-in,1964392774669404158,41376023749857
accept-in,-8118536214959647795,41376072302633
accept-in,-8118536214959647795,41376072317164
accept-in,-3823777574528708674,41376120715409
accept-in,-3823777574528708674,41376120730348
accept-in,-8522642054481413098,41376169271429
accept-in,-8522642054481413098,41376169286266
accept-in,-3356250520861152146,41376217717397
accept-in,-3356250520861152146,41376217731041
accept-in,-277461415411348447,41376266413978
accept-in,-277461415411348447,41376266428897
accept-in,4537397136294970538,41376314829119
accept-in,4537397136294970538,41376314842756
accept-in,-4102782372972804414,41376363302277
accept-in,-4102782372972804414,41376363315266
accept-in,-6160202878949553622,41376411688801
accept-in,-6160202878949553622,41376411711453
accept-in,-1608311122122603736,41376460182896
accept-in,-1608311122122603736,41376460203517
accept-in,3713880937708273004,41376508850371
accept-in,3713880937708273004,41376508864248
accept-in,-5312527488147793346,41376557255248
accept-in,-5312527488147793346,41376557268438
accept-in,8698548533523388221,41376605722846
accept-in,8698548533523388221,41376605736234
accept-in,-946590119948887654,41376655486057
accept-in,-946590119948887654,41376655495997
accept-in,7606242513067273440,41376702839413
accept-in,7606242513067273440,41376702853731
accept-in,-6886062644512976782,41376751187442
accept-in,-6886062644512976782,41376751202006
accept-in,5137477620372475623,41376799784068
accept-in,5137477620372475623,41376799801450
accept-in,6817164191665336989,41376848232523
accept-in,6817164191665336989,41376848250969
accept-in,-5482505615780178272,41376896774207
accept-in,-5482505615780178272,41376896797753
accept-in,-1100413772694079691,41376945203241
accept-in,-1100413772694079691,41376945215674
accept-in,-2132740393929244430,41376993794101
accept-in,-2132740393929244430,41376993807711
accept-in,6528708448872468274,41377042163943
accept-in,6528708448872468274,41377042177501
accept-in,-2829987304397746589,41377092226826
accept-in,-2829987304397746589,41377092237026
accept-in,6651270180476938681,41377139215411
accept-in,6651270180476938681,41377139225911
accept-in,8783661667074587878,41377187668678
accept-in,8783661667074587878,41377187681706
accept-in,-1169294558639427952,41377236214642
accept-in,-1169294558639427952,41377236232805
accept-in,-5664695718291659470,41377284774558
accept-in,-5664695718291659470,41377284786517
accept-in,8054137943779121093,41377333237680
accept-in,8054137943779121093,41377333250365
accept-in,5072318003061353027,41377381673149
accept-in,5072318003061353027,41377381686122
accept-in,4177634204055051761,41377430198247
accept-in,4177634204055051761,41377430211701
accept-in,7344219921020511176,41377478740219
accept-in,7344219921020511176,41377478761375
accept-in,1983166247287707508,41377527195870
accept-in,1983166247287707508,41377527209690
accept-in,-7042824978211457242,41377575678375
accept-in,-7042824978211457242,41377575691525
accept-in,8561446548980001380,41377624277100
accept-in,8561446548980001380,41377624487169
accept-in,-4864507890008597135,41377672693407
accept-in,-4864507890008597135,41377672705207
accept-in,-1571366479588630276,41377721200097
accept-in,-1571366479588630276,41377721215084
accept-in,7247942427343497755,41377769678857
accept-in,7247942427343497755,41377769691759
accept-in,-7539800280361758370,41377818185668
accept-in,-7539800280361758370,41377818198737
accept-in,6221538446644634709,41377866737813
accept-in,6221538446644634709,41377866751189
accept-in,-5245451466440836828,41377915451370
accept-in,-5245451466440836828,41377915463529
accept-in,-1188318725567562625,41377963718591
accept-in,-1188318725567562625,41377963732361
accept-in,4767877526496200642,41378012312687
accept-in,4767877526496200642,41378012322793
accept-in,8583870505396710853,41378060690889
accept-in,8583870505396710853,41378060703194
accept-in,5970355280202337010,41378109238638
accept-in,5970355280202337010,41378109252807
accept-in,7261959777150718415,41378157689360
accept-in,7261959777150718415,41378157700960
accept-in,2016802338366205036,41378206264454
accept-in,2016802338366205036,41378206277251
accept-in,6772669477850178422,41378254814715
accept-in,6772669477850178422,41378254895404
accept-in,-2280967679785828023,41378304249798
accept-in,-2280967679785828023,41378304261028
accept-in,7630217719735259499,41378351661662
accept-in,7630217719735259499,41378351674256
accept-in,990679907883879959,41378400239249
accept-in,990679907883879959,41378400253163
accept-in,8206663219710797699,41378448743372
accept-in,8206663219710797699,41378448756407
accept-in,-8551344822846995522,41378497197670
accept-in,-8551344822846995522,41378497211068
accept-in,-2993431905555523195,41378545684061
accept-in,-2993431905555523195,41378545697996
accept-in,8050931134357630725,41378594332616
accept-in,8050931134357630725,41378594366036
accept-in,6179742728821763642,41378642685991
accept-in,6179742728821763642,41378642699322
accept-in,3055182550143213433,41378691263585
accept-in,3055182550143213433,41378691279760
accept-in,2142696962675479290,41378739756035
accept-in,2142696962675479290,41378739769597
accept-in,8824771618016587011,41378788181028
accept-in,8824771618016587011,41378788193600
accept-in,-952105614193254639,41378836747826
accept-in,-952105614193254639,41378836761771
accept-in,-6250073060912960264,41378885208448
accept-in,-6250073060912960264,41378885221256
accept-in,5904824424973869950,41378933735158
accept-in,5904824424973869950,41378933751222
accept-in,9200329417508209482,41378982272769
accept-in,9200329417508209482,41378982292392
accept-in,843361028919551938,41379030787362
accept-in,843361028919551938,41379030801022
accept-in,6785551192950276157,41379079270366
accept-in,6785551192950276157,41379079285756
accept-in,-4862865332656622935,41379127837478
accept-in,-4862865332656622935,41379127849772
accept-in,1394170027802835363,41379176429176
accept-in,1394170027802835363,41379176437987
accept-in,6338190965456142118,41379224716935
accept-in,6338190965456142118,41379224730144
accept-in,9117106426846238191,41379273205957
accept-in,9117106426846238191,41379273222915
accept-in,-4205997645423460814,41379321887480
accept-in,-4205997645423460814,41379321901280
accept-in,-8023238318724167379,41379370233912
accept-in,-8023238318724167379,41379370247929
accept-in,-6149310797083455136,41379418903099
accept-in,-6149310797083455136,41379418914197
accept-in,-7681327197988324735,41379467264943
accept-in,-7681327197988324735,41379467279433
accept-in,-2317241570160635003,41379515769822
accept-in,-2317241570160635003,41379515783817
accept-in,4211452100596670462,41379564357708
accept-in,4211452100596670462,41379564372118
accept-in,3568599015251821783,41379612943980
accept-in,3568599015251821783,41379612958034
accept-in,-8184417282292881376,41379661567478
accept-in,-8184417282292881376,41379661620145
accept-in,3704028404643100873,41379709826317
accept-in,3704028404643100873,41379709892942
accept-in,-8273910946628309952,41379758182851
accept-in,-8273910946628309952,41379758196576
accept-in,9079975674781630693,41379806763853
accept-in,9079975674781630693,41379806778103
accept-in,1852798196897359722,41379855365034
accept-in,1852798196897359722,41379855378197
accept-in,-2982837809614812769,41379903742910
accept-in,-2982837809614812769,41379903756141
accept-in,6891309211866018456,41379952255467
accept-in,6891309211866018456,41379952324884
accept-in,-9173102499881611488,41380000739993
accept-in,-9173102499881611488,41380000834127
accept-in,438296399957452790,41380049366719
accept-in,438296399957452790,41380049430742
accept-in,3242969086035546456,41380097717668
accept-in,3242969086035546456,41380097730283
accept-in,8611130803959141428,41380146275682
accept-in,8611130803959141428,41380146287491
accept-in,-2296068543485660598,41380194885209
accept-in,-2296068543485660598,41380194898115
accept-in,-6798778022059889886,41380243378468
accept-in,-6798778022059889886,41380243387237
accept-in,8517319431612927294,41380291744950
accept-in,8517319431612927294,41380291755552
accept-in,-4458061500681976056,41380340174764
accept-in,-4458061500681976056,41380340186888
accept-in,-785263559922216181,41380388963285
accept-in,-785263559922216181,41380389013684
accept-in,6732617059179389839,41380437203592
accept-in,6732617059179389839,41380437215849
accept-in,377488305224501162,41380485688424
accept-in,377488305224501162,41380485706146
accept-in,2237740832471771730,41380534196737
accept-in,2237740832471771730,41380534209226
accept-in,5417545686149431300,41380582775291
accept-in,5417545686149431300,41380582789037
accept-in,-8653194060227455663,41380632300191
accept-in,-8653194060227455663,41380632308496
accept-in,-8315251354322023227,41380679802897
accept-in,-8315251354322023227,41380679813972
accept-in,-8330425142237448095,41380728235154
accept-in,-8330425142237448095,41380728248052
accept-in,6764824213459444918,41380776859452
accept-in,6764824213459444918,41380776873256
accept-in,1298496571340497603,41380825270066
accept-in,1298496571340497603,41380825283229
accept-in,-149787323714949130,41380873843584
accept-in,-149787323714949130,41380873872129
accept-in,5235120112346342558,41380922263920
accept-in,5235120112346342558,41380922276152
accept-in,1491260596092852763,41380970760488
accept-in,1491260596092852763,41380970772337
accept-in,-1224663596738946079,41381019297010
accept-in,-1224663596738946079,41381019321744
accept-in,8052842078558298457,41381067888737
accept-in,8052842078558298457,41381067902271
accept-in,-5437692524750295334,41381116345616
accept-in,-5437692524750295334,41381116358002
accept-in,-8409103098061567221,41381164697749
accept-in,-8409103098061567221,41381164710776
accept-in,-4390376151362045946,41381213484722
accept-in,-4390376151362045946,41381213497430
accept-in,-4389701147505032915,41381264059077
accept-in,-4389701147505032915,41381264076657
accept-in,-2569653279449405922,41381310258805
accept-in,-2569653279449405922,41381310271203
accept-in,6294486317383027160,41381359206974
accept-in,6294486317383027160,41381359221453
accept-in,-8533401141795020215,41381407237533
accept-in,-8533401141795020215,41381407250151
accept-in,3122414600596432714,41381455735736
accept-in,3122414600596432714,41381455749534
accept-in,4013489611295560281,41381504287577
accept-in,4013489611295560281,41381504298338
accept-in,3377319089542477650,41381552814539
accept-in,3377319089542477650,41381552828569
accept-in,8188766929849983885,41381601469656
accept-in,8188766929849983885,41381601502898
accept-in,4660006024229920028,41381649767261
accept-in,4660006024229920028,41381649780257
accept-in,-8804644428241846050,41381698236998
accept-in,-8804644428241846050,41381698265641
accept-in,4669865374658503370,41381746944649
accept-in,4669865374658503370,41381746958438
accept-in,-5310611561154178679,41381795222780
accept-in,-5310611561154178679,41381795236781
accept-in,-3362688189612877637,41381843785913
accept-in,-3362688189612877637,41381843797223
accept-in,-8393354409744242063,41381892497680
accept-in,-8393354409744242063,41381892507443
accept-in,-6565767936098192230,41381940791984
accept-in,-6565767936098192230,41381940805991
accept-in,-9052765083256926606,41381989315873
accept-in,-9052765083256926606,41381989361415
accept-in,-1369704262305844450,41382037688977
accept-in,-1369704262305844450,41382037709258
accept-in,8109903774306425117,41382086165199
accept-in,8109903774306425117,41382086177520
accept-in,670923541886268478,41382134789487
accept-in,670923541886268478,41382134821734
accept-in,8026214275144898510,41382183156684
accept-in,8026214275144898510,41382183169658
accept-in,4321835240197626655,41382232220359
accept-in,4321835240197626655,41382232230852
accept-in,1640748236565042346,41382284243607
accept-in,1640748236565042346,41382284253706
accept-in,3650380950625545196,41382328827424
accept-in,3650380950625545196,41382328838147
accept-in,6616030780086474219,41382377281886
accept-in,6616030780086474219,41382377311130
accept-in,-6094126032059742821,41382425731759
accept-in,-6094126032059742821,41382425745176
accept-in,916771467240399816,41382474272026
accept-in,916771467240399816,41382474284691
accept-in,4858842392854055863,41382524230905
accept-in,4858842392854055863,41382524240248
accept-in,7334210474920558865,41382571291909
accept-in,7334210474920558865,41382571304241
accept-in,8762084731388683085,41382619807417
accept-in,8762084731388683085,41382619819978
accept-in,-5002064887057533707,41382668204687
accept-in,-5002064887057533707,41382668216858
accept-in,3899535265484121096,41382716721465
accept-in,3899535265484121096,41382716760654
accept-in,1829631040620665314,41382765308496
accept-in,1829631040620665314,41382765328798
accept-in,867061586624611053,41382813748381
accept-in,867061586624611053,41382813764674
accept-in,-5222278149941924168,41382862192752
accept-in,-5222278149941924168,41382862206692
accept-in,6745369863895593553,41382910766464
accept-in,6745369863895593553,41382910778385
accept-in,3401531178457477214,41382959249927
accept-in,3401531178457477214,41382959261276
accept-in,1022374092847301681,41383007892110
accept-in,1022374092847301681,41383007904281
accept-in,7587954690809656736,41383056293059
accept-in,7587954690809656736,41383056305685
accept-in,3271686604599419749,41383105023386
accept-in,3271686604599419749,41383105035361
accept-in,-5567491761995846771,41383153248146
accept-in,-5567491761995846771,41383153261265
accept-in,-5544340702839127463,41383201737297
accept-in,-5544340702839127463,41383201750422
accept-in,2100712903903754986,41383250204257
accept-in,2100712903903754986,41383250235536
accept-in,3577559164658902352,41383298829990
accept-in,3577559164658902352,41383298844268
accept-in,-745143362105486040,41383347311522
accept-in,-745143362105486040,41383347323097
accept-in,1417118170323602831,41383395800222
accept-in,1417118170323602831,41383395822437
accept-in,-8034787675649187887,41383444307415
accept-in,-8034787675649187887,41383444318942
accept-in,8576028723054861545,41383492733738
accept-in,8576028723054861545,41383492751927
accept-in,2707356259084599205,41383541477755
accept-in,2707356259084599205,41383541491032
accept-in,3523746400385175781,41383589790174
accept-in,3523746400385175781,41383589803113
accept-in,3215588619875073197,41383638427580
accept-in,3215588619875073197,41383638437388
accept-in,5001377269203595057,41383686773099
accept-in,5001377269203595057,41383686785700
accept-in,-6051974536371816386,41383735233965
accept-in,-6051974536371816386,41383735247104
accept-in,-9094883202556806160,41383783780555
accept-in,-9094883202556806160,41383783794749
accept-in,2106272359990268390,41383832222650
accept-in,2106272359990268390,41383832234429
accept-in,-5259972186065504813,41383880674314
accept-in,-5259972186065504813,41383880686613
accept-in,7554107064158653729,41383929322338
accept-in,7554107064158653729,41383929336578
accept-in,-2704894630878961867,41383977896304
accept-in,-2704894630878961867,41383977905292
accept-in,-6812025801668540115,41384026224698
accept-in,-6812025801668540115,41384026237601
accept-in,8281815508300365619,41384074765284
accept-in,8281815508300365619,41384074777867
accept-in,2833138317432867362,41384123149192
accept-in,2833138317432867362,41384123167973
accept-in,6133228329314972202,41384171880126
accept-in,6133228329314972202,41384171893038
accept-in,860543086233330248,41384220201697
accept-in,860543086233330248,41384220214783
accept-in,3759804044839438490,41384268782631
accept-in,3759804044839438490,41384268795429
accept-in,6560971209489510042,41384317269811
accept-in,6560971209489510042,41384317279346
accept-in,-5594769933524099820,41384365769789
accept-in,-5594769933524099820,41384365783379
accept-in,5854094022371997826,41384414160499
accept-in,5854094022371997826,41384414173697
accept-in,-8280138733466512093,41384462725891
accept-in,-8280138733466512093,41384462746425
accept-in,8704000725427817981,41384511335716
accept-in,8704000725427817981,41384511350030
accept-in,8601163017118466467,41384559888682
accept-in,8601163017118466467,41384559903868
accept-in,-2175924676721767659,41384608243984
accept-in,-2175924676721767659,41384608264802
accept-in,8152190844494822527,41384656734992
accept-in,8152190844494822527,41384656747267
accept-in,-6900602717683201957,41384705192086
accept-in,-6900602717683201957,41384705203681
accept-in,8502665626072351102,41384753706832
accept-in,8502665626072351102,41384753718533
accept-in,3396130328156421452,41384802479675
accept-in,3396130328156421452,41384802489743
accept-in,8898885651248992677,41384850896899
accept-in,8898885651248992677,41384850911584
accept-in,4769625879285798349,41384899335738
accept-in,4769625879285798349,41384899349523
accept-in,-7418152916409824461,41384947985517
accept-in,-7418152916409824461,41384947999388
accept-in,-3461992327791500360,41384996375698
accept-in,-3461992327791500360,41384996390740
accept-in,3529097350886947027,41385044801067
accept-in,3529097350886947027,41385044814106
accept-in,-3454407114465889685,41385093233504
accept-in,-3454407114465889685,41385093246375
accept-in,4630136020213535610,41385141792126
accept-in,4630136020213535610,41385141806954
accept-in,7407255025048322475,41385190146278
accept-in,7407255025048322475,41385190163308
accept-in,6928263736904636134,41385238838950
accept-in,6928263736904636134,41385238852098
accept-in,-2966562542663969162,41385287307350
accept-in,-2966562542663969162,41385287320131
accept-in,2806356340026452789,41385335777487
accept-in,2806356340026452789,41385335806512
accept-in,981761156563975165,41385384227299
accept-in,981761156563975165,41385384250793
accept-in,6276724396375077121,41385432873874
accept-in,6276724396375077121,41385432885939
accept-in,8371936356309549204,41385481339431
accept-in,8371936356309549204,41385481367328
accept-in,2137024821597133336,41385530191079
accept-in,2137024821597133336,41385530291267
accept-in,-3344473058686830157,41385578290753
accept-in,-3344473058686830157,41385578302788
accept-in,-6478900201534932581,41385626746682
accept-in,-6478900201534932581,41385626759182
accept-in,5850470346835702246,41385675194099
accept-in,5850470346835702246,41385675207581
accept-in,-1994098123144857754,41385724804823
accept-in,-1994098123144857754,41385724819160
accept-in,1431003647875148984,41385772303796
accept-in,1431003647875148984,41385772317006
accept-in,7114079466383123622,41385821039763
accept-in,7114079466383123622,41385821058682
accept-in,864466156064982594,41385869314628
accept-in,864466156064982594,41385869323046
accept-in,-6903560350715839063,41385917723385
accept-in,-6903560350715839063,41385917736256
accept-in,-7778722707230870905,41385966160137
accept-in,-7778722707230870905,41385966177771
accept-in,5286823295564802627,41386014745765
accept-in,5286823295564802627,41386014761904
accept-in,-6321816122211873548,41386063466832
accept-in,-6321816122211873548,41386063480633
accept-in,-873583478573498848,41386111719572
accept-in,-873583478573498848,41386111731147
accept-in,4280220760872399662,41386160379938
accept-in,4280220760872399662,41386160392352
accept-in,-7530690295532672117,41386208745489
accept-in,-7530690295532672117,41386208767252
accept-in,-8341617187415354007,41386257252600
accept-in,-8341617187415354007,41386257264604
accept-in,7092290819117223053,41386305900925
accept-in,7092290819117223053,41386305969112
accept-in,-1360595508960001387,41386354228606
accept-in,-1360595508960001387,41386354241317
accept-in,-2148692840371690197,41386402841324
accept-in,-2148692840371690197,41386402851097
accept-in,-3556656475198602888,41386451321914
accept-in,-3556656475198602888,41386451349640
accept-in,7618853362544211361,41386499755944
accept-in,7618853362544211361,41386499769171
accept-in,572257295889060868,41386548231047
accept-in,572257295889060868,41386548246023
accept-in,1025578959578332223,41386596728563
accept-in,1025578959578332223,41386596740279
accept-in,3045435804318225728,41386645691669
accept-in,3045435804318225728,41386645723049
accept-in,3281774794378929712,41386693680815
accept-in,3281774794378929712,41386693694518
accept-in,1912632434373013254,41386742344992
accept-in,1912632434373013254,41386742359684
accept-in,-868279625117255691,41386790881947
accept-in,-868279625117255691,41386790891432
accept-in,5131914728262634177,41386839188203
accept-in,5131914728262634177,41386839200914
accept-in,6955486197189051131,41386887770910
accept-in,6955486197189051131,41386887792051
accept-in,1773147936076312283,41386936324612
accept-in,1773147936076312283,41386936336189
accept-in,4300057098266689986,41386984869362
accept-in,4300057098266689986,41386984882477
accept-in,-4627567054483867764,41387033440287
accept-in,-4627567054483867764,41387033470890
accept-in,-8819667615286925498,41387081735103
accept-in,-8819667615286925498,41387081766664
accept-in,-821111996812456452,41387130222146
accept-in,-821111996812456452,41387130251035
accept-in,6050341144890085899,41387178927323
accept-in,6050341144890085899,41387178950447
accept-in,-331488715571997203,41387227263302
accept-in,-331488715571997203,41387227277626
accept-in,2183979176795474086,41387275711780
accept-in,2183979176795474086,41387275725909
accept-in,-8581808693233345554,41387325872312
accept-in,-8581808693233345554,41387325905052
accept-in,-5629529376114084403,41387372831468
accept-in,-5629529376114084403,41387372861517
accept-in,4980484217795906059,41387421208395
accept-in,4980484217795906059,41387421220451
accept-in,-2135545512927760305,41387469902524
accept-in,-2135545512927760305,41387469914609
accept-in,2194857332147092588,41387518160173
accept-in,2194857332147092588,41387518171521
accept-in,-8095252618278821243,41387566767753
accept-in,-8095252618278821243,41387566781378
accept-in,-6755071929183546665,41387615369831
accept-in,-6755071929183546665,41387615379642
accept-in,514110737663797771,41387664061643
accept-in,514110737663797771,41387664077425
accept-in,845930298320099261,41387712191917
accept-in,845930298320099261,41387712203062
accept-in,9038398997893375401,41387760705461
accept-in,9038398997893375401,41387760731472
accept-in,5176832367700878404,41387812306404
accept-in,5176832367700878404,41387812317648
accept-in,-6043106758350228112,41387857690881
accept-in,-6043106758350228112,41387857719616
accept-in,-680428341604208829,41387906147669
accept-in,-680428341604208829,41387906160362
accept-in,-184620406437040399,41387954680219
accept-in,-184620406437040399,41387954692449
accept-in,-4707732828804374133,41388003190273
accept-in,-4707732828804374133,41388003203513
accept-in,-4020360471141199637,41388051732186
accept-in,-4020360471141199637,41388051744497
accept-in,8680666619870183662,41388100360316
accept-in,8680666619870183662,41388100377527
accept-in,-610617175107361112,41388148735901
accept-in,-610617175107361112,41388148746674
accept-in,471316557096473186,41388197216427
accept-in,471316557096473186,41388197229238
accept-in,5298868537877473297,41388245874570
accept-in,5298868537877473297,41388245883250
accept-in,-2442736986353903982,41388294389620
accept-in,-2442736986353903982,41388294413106
accept-in,9022356393033003861,41388342776843
accept-in,9022356393033003861,41388342789496
accept-in,57424998062730143,41388391350334
accept-in,57424998062730143,41388391361356
accept-in,-9107823566214773626,41388439840282
accept-in,-9107823566214773626,41388439855007
accept-in,-2194044148635352839,41388488206754
accept-in,-2194044148635352839,41388488219893
accept-in,6223804684485648121,41388536762436
accept-in,6223804684485648121,41388536773567
accept-in,-2932970194889234633,41388585264957
accept-in,-2932970194889234633,41388585284003
accept-in,-160575542123571859,41388633704310
accept-in,-160575542123571859,41388633730658
accept-in,-2140112366809504107,41388682136474
accept-in,-2140112366809504107,41388682149602
accept-in,5933742736048945850,41388730879806
accept-in,5933742736048945850,41388730894133
accept-in,8625469241248747974,41388779332951
accept-in,8625469241248747974,41388779346412
accept-in,-9143629106168710955,41388827820199
accept-in,-9143629106168710955,41388827831403
accept-in,-1573363299502459045,41388876169891
accept-in,-1573363299502459045,41388876182660
accept-in,5400036542021190625,41388924713526
accept-in,5400036542021190625,41388924725906
accept-in,5512816082063534775,41388973186556
accept-in,5512816082063534775,41388973198312
accept-in,5564320527711866275,41389021733971
accept-in,5564320527711866275,41389021746639
accept-in,7532914805897537184,41389070178342
accept-in,7532914805897537184,41389070189903
accept-in,-7524394916827177703,41389118806218
accept-in,-7524394916827177703,41389118827180
accept-in,4674290150488309275,41389167219738
accept-in,4674290150488309275,41389167230817
accept-in,-7752815659669736595,41389215710308
accept-in,-7752815659669736595,41389215722831
accept-in,-2501017755713537063,41389264529147
accept-in,-2501017755713537063,41389264543115
accept-in,2660936784825261027,41389312979498
accept-in,2660936784825261027,41389313011522
accept-in,7355274483894679059,41389361198606
accept-in,7355274483894679059,41389361212872
accept-in,2456776249294793729,41389409763477
accept-in,2456776249294793729,41389409776607
accept-in,4552059870165936670,41389458192678
accept-in,4552059870165936670,41389458203883
accept-in,-202950990328746497,41389506714208
accept-in,-202950990328746497,41389506731995
accept-in,8523041517545641420,41389555231585
accept-in,8523041517545641420,41389555245580
accept-in,-1057123333701178862,41389603878094
accept-in,-1057123333701178862,41389603889878
accept-in,6131805316245375533,41389652183624
accept-in,6131805316245375533,41389652196741
accept-in,-4550523600778253287,41389700680574
accept-in,-4550523600778253287,41389700700224
accept-in,4954471785694693804,41389749168336
accept-in,4954471785694693804,41389749193656
accept-in,1735737271014268169,41389797726872
accept-in,1735737271014268169,41389797740687
accept-in,5828669209306745699,41389846176794
accept-in,5828669209306745699,41389846190191
accept-in,8604616018030803663,41389894739322
accept-in,8604616018030803663,41389894757355
accept-in,2646622986921743302,41389943566186
accept-in,2646622986921743302,41389943579991
accept-in,8394976378504950844,41389991820330
accept-in,8394976378504950844,41389991833931
accept-in,7085216034766419861,41390040445759
accept-in,7085216034766419861,41390040459811
accept-in,-4781695059000166078,41390088713939
accept-in,-4781695059000166078,41390088743409
accept-in,9059368540084188891,41390137218205
accept-in,9059368540084188891,41390137230964
accept-in,42776848738242293,41390185705989
accept-in,42776848738242293,41390185718723
accept-in,-1663340361515254211,41390235115388
accept-in,-1663340361515254211,41390235141558
accept-in,881109644499589570,41390284317606
accept-in,881109644499589570,41390284332352
accept-in,-5826110557851025928,41390331268916
accept-in,-5826110557851025928,41390331281894
accept-in,-4311114156907918881,41390379731825
accept-in,-4311114156907918881,41390379742676
accept-in,-4366400586932935661,41390428269053
accept-in,-4366400586932935661,41390428280253
accept-in,-3350010232480636642,41390476933974
accept-in,-3350010232480636642,41390477072009
accept-in,4105057419126003621,41390525213023
accept-in,4105057419126003621,41390525226338
accept-in,806364424462587677,41390573753471
accept-in,806364424462587677,41390573767796
accept-in,-595364325034143217,41390622122289
accept-in,-595364325034143217,41390622134664
accept-in,-8954182274193884659,41390670719918
accept-in,-8954182274193884659,41390670734503
accept-in,-3538836906787227913,41390719173216
accept-in,-3538836906787227913,41390719186070
accept-in,-1397372697068080133,41390767821148
accept-in,-1397372697068080133,41390767848687
accept-in,8578073665832646170,41390816338499
accept-in,8578073665832646170,41390816347251
accept-in,-5086402192703987820,41390864990538
accept-in,-5086402192703987820,41390865002804
accept-in,979049297859874933,41390913252960
accept-in,979049297859874933,41390913265819
accept-in,1245862206855933340,41390961757526
accept-in,1245862206855933340,41390961771106
accept-in,-5212467700857092034,41391012340791
accept-in,-5212467700857092034,41391012348829
accept-in,-1868189228628651270,41391059113071
accept-in,-1868189228628651270,41391059138727
accept-in,-2511944092696913385,41391107254643
accept-in,-2511944092696913385,41391107326760
accept-in,-512224664041861703,41391155681926
accept-in,-512224664041861703,41391155724758
accept-in,6574597734687925241,41391204207841
accept-in,6574597734687925241,41391204266483
accept-in,-8901639842693215342,41391252807599
accept-in,-8901639842693215342,41391252842650
accept-in,-4329159178371587918,41391301374490
accept-in,-4329159178371587918,41391301383742
accept-in,745660738908833499,41391349949769
accept-in,745660738908833499,41391349958218
accept-in,2052870307012560502,41391398294265
accept-in,2052870307012560502,41391398321031
accept-in,4220866283597497106,41391446718728
accept-in,4220866283597497106,41391446773624
accept-in,-8466507514617319685,41391495296004
accept-in,-8466507514617319685,41391495338967
accept-in,1854196630950256395,41391543806661
accept-in,1854196630950256395,41391543817413
accept-in,6459570046762974079,41391592210041
accept-in,6459570046762974079,41391592237809
accept-in,-9009297080432885631,41391640682063
accept-in,-9009297080432885631,41391640689797
accept-in,-336733705492455488,41391689372203
accept-in,-336733705492455488,41391689397029
accept-in,-1369417197722111431,41391737992049
accept-in,-1369417197722111431,41391737999150
accept-in,-7348164525504467613,41391786217947
accept-in,-7348164525504467613,41391786230775
accept-in,-7473033506526011100,41391834812046
accept-in,-7473033506526011100,41391834885744
accept-in,6740452021316409467,41391883176002
accept-in,6740452021316409467,41391883198196
accept-in,-4365043788286471911,41391931877064
accept-in,-4365043788286471911,41391931893779
accept-in,-7817533111017434519,41391980348712
accept-in,-7817533111017434519,41391980359118
accept-in,-3008286308636575506,41392028746442
accept-in,-3008286308636575506,41392028765685
accept-in,-2195645666725295709,41392077324141
accept-in,-2195645666725295709,41392077333447
accept-in,4998477967523346093,41392125748776
accept-in,4998477967523346093,41392125759565
accept-in,4564280374826754440,41392174256610
accept-in,4564280374826754440,41392174268629
accept-in,904911367575434990,41392222713999
accept-in,904911367575434990,41392222746082
accept-in,1790308194883311094,41392271335134
accept-in,1790308194883311094,41392271345967
accept-in,2524017375040168087,41392320270153
accept-in,2524017375040168087,41392320302440
accept-in,-1533106815487704639,41392368528098
accept-in,-1533106815487704639,41392368542764
accept-in,4168252421419526021,41392416731561
accept-in,4168252421419526021,41392416754846
accept-in,5253355904320612871,41392465248284
accept-in,5253355904320612871,41392465273385
accept-in,-3019932340204670968,41392513784421
accept-in,-3019932340204670968,41392513794656
accept-in,-6592951883938252182,41392562252328
accept-in,-6592951883938252182,41392562262575
accept-in,3016209578945572780,41392610790658
accept-in,3016209578945572780,41392610802885
accept-in,2206707202814479706,41392659276936
accept-in,2206707202814479706,41392659407969
accept-in,-8671997351538641886,41392707694374
accept-in,-8671997351538641886,41392707710370
accept-in,-57848878727814754,41392756230661
accept-in,-57848878727814754,41392756241422
accept-in,6997745109275205055,41392804724046
accept-in,6997745109275205055,41392804733257
accept-in,-7916638408268543828,41392853205824
accept-in,-7916638408268543828,41392853215051
accept-in,5128218534732333902,41392901676207
accept-in,5128218534732333902,41392901685829
accept-in,-1866050297515761154,41392950364482
accept-in,-1866050297515761154,41392950373535
accept-in,6639602705372991653,41392998975555
accept-in,6639602705372991653,41392998985349
accept-in,4463210401261087359,41393047329788
accept-in,4463210401261087359,41393047339205
accept-in,-1299017040990293752,41393095941637
accept-in,-1299017040990293752,41393095951450
accept-in,-4970826926878051914,41393144266516
accept-in,-4970826926878051914,41393144278625
accept-in,-300029265426323361,41393192662090
accept-in,-300029265426323361,41393192695853
accept-in,7404128804495515247,41393244248443
accept-in,7404128804495515247,41393244257052
accept-in,6624598892007703410,41393289696324
accept-in,6624598892007703410,41393289706305
accept-in,-6349082927037273598,41393338227452
accept-in,-6349082927037273598,41393338253226
accept-in,7107825231242049571,41393386792786
accept-in,7107825231242049571,41393386800600
accept-in,-5235267601705659973,41393435466101
accept-in,-5235267601705659973,41393435475623
accept-in,-4281770472653226062,41393485963101
accept-in,-4281770472653226062,41393485972687
accept-in,-1269912630054435188,41393532260790
accept-in,-1269912630054435188,41393532271433
accept-in,7217888242790846396,41393580691096
accept-in,7217888242790846396,41393580713407
accept-in,-6694866115552787827,41393629189271
accept-in,-6694866115552787827,41393629212861
accept-in,-7715181926367474015,41393677757337
accept-in,-7715181926367474015,41393677766819
accept-in,-172501004840531139,41393726707544
accept-in,-172501004840531139,41393726714730
accept-in,792563071219798167,41393774712767
accept-in,792563071219798167,41393774722689
accept-in,5447065575945896738,41393823311893
accept-in,5447065575945896738,41393823321445
accept-in,170090231857653206,41393871748682
accept-in,170090231857653206,41393871759761
accept-in,-2440105246936917378,41393920324926
accept-in,-2440105246936917378,41393920338023
accept-in,-4685343269479184927,41393968724109
accept-in,-4685343269479184927,41393968734374
accept-in,-2546591070560572966,41394017231689
accept-in,-2546591070560572966,41394017238298
accept-in,-7573105806921556466,41394066007102
accept-in,-7573105806921556466,41394066017628
accept-in,6451641394789222629,41394114341287
accept-in,6451641394789222629,41394114351980
accept-in,3396157078644555260,41394162950051
accept-in,3396157078644555260,41394162971317
accept-in,-4196499589620962336,41394211450862
accept-in,-4196499589620962336,41394211463223
accept-in,-8728176259766452045,41394259704335
accept-in,-8728176259766452045,41394259722096
accept-in,8438510936225181322,41394308180199
accept-in,8438510936225181322,41394308192329
accept-in,1909282559769012902,41394356770634
accept-in,1909282559769012902,41394356779409
accept-in,-2017858087128644062,41394405186849
accept-in,-2017858087128644062,41394405196894
accept-in,-5916247174305622403,41394453668671
accept-in,-5916247174305622403,41394453685643
accept-in,-2199989313704076370,41394502278696
accept-in,-2199989313704076370,41394502289642
accept-in,-5013449022956905688,41394551194134
accept-in,-5013449022956905688,41394551203438
accept-in,7179104827576610810,41394599383837
accept-in,7179104827576610810,41394599393457
accept-in,6350780056915006809,41394647734828
accept-in,6350780056915006809,41394647741491
accept-in,-8755080397773590551,41394696301044
accept-in,-8755080397773590551,41394696312052
accept-in,-1163115306905578382,41394746777992
accept-in,-1163115306905578382,41394746787184
